State,District,Year,Crop,Season,Area,Production,Yield,Rainfall_mm,Avg_Temperature_C,Max_Temperature_C,Min_Temperature_C,Relative_Humidity_Percent,NDVI,EVI,LST_C,Soil_Moisture,Evapotranspiration_mm,Solar_Radiation_MJ,Soil_Organic_Carbon,Soil_pH
Tamil Nadu,Ariyalur,2015,Bajra,Kharif,649.0,2305.0,3.55,1547.3745097290357,27.96539277612975,35.4007722364139,21.809697596433235,67.90302039943802,0.4951865318704702,0.3141480148843855,35.800893554372074,0.3090215285171367,12.980377223464137,560.2191819465453,2.016042253663466,65.12647689881294
Tamil Nadu,Ariyalur,2015,Bajra,Rabi,59.0,144.0,2.44,1547.3745097290357,27.96539277612975,35.4007722364139,21.809697596433235,67.90302039943802,0.4951865318704702,0.3141480148843855,35.800893554372074,0.3090215285171367,12.980377223464137,560.2191819465453,2.016042253663466,65.12647689881294
Tamil Nadu,Ariyalur,2015,Castor seed,Kharif,34.0,11.0,0.32,1547.3745097290357,27.96539277612975,35.4007722364139,21.809697596433235,67.90302039943802,0.4951865318704702,0.3141480148843855,35.800893554372074,0.3090215285171367,12.980377223464137,560.2191819465453,2.016042253663466,65.12647689881294
Tamil Nadu,Ariyalur,2015,Cotton(lint),Kharif,8907.0,12732.0,1.43,1547.3745097290357,27.96539277612975,35.4007722364139,21.809697596433235,67.90302039943802,0.4951865318704702,0.3141480148843855,35.800893554372074,0.3090215285171367,12.980377223464137,560.2191819465453,2.016042253663466,65.12647689881294
Tamil Nadu,Ariyalur,2015,Cotton(lint),Rabi,282.0,836.0,2.96,1547.3745097290357,27.96539277612975,35.4007722364139,21.809697596433235,67.90302039943802,0.4951865318704702,0.3141480148843855,35.800893554372074,0.3090215285171367,12.980377223464137,560.2191819465453,2.016042253663466,65.12647689881294
Tamil Nadu,Ariyalur,2015,Groundnut,Kharif,4351.0,14672.0,3.37,1547.3745097290357,27.96539277612975,35.4007722364139,21.809697596433235,67.90302039943802,0.4951865318704702,0.3141480148843855,35.800893554372074,0.3090215285171367,12.980377223464137,560.2191819465453,2.016042253663466,65.12647689881294
Tamil Nadu,Ariyalur,2015,Groundnut,Rabi,4242.0,21562.0,5.08,1547.3745097290357,27.96539277612975,35.4007722364139,21.809697596433235,67.90302039943802,0.4951865318704702,0.3141480148843855,35.800893554372074,0.3090215285171367,12.980377223464137,560.2191819465453,2.016042253663466,65.12647689881294
Tamil Nadu,Ariyalur,2015,Horse-gram,Kharif,1.0,1.0,1.0,1547.3745097290357,27.96539277612975,35.4007722364139,21.809697596433235,67.90302039943802,0.4951865318704702,0.3141480148843855,35.800893554372074,0.3090215285171367,12.980377223464137,560.2191819465453,2.016042253663466,65.12647689881294
Tamil Nadu,Ariyalur,2015,Horse-gram,Rabi,4.0,2.0,0.5,1547.3745097290357,27.96539277612975,35.4007722364139,21.809697596433235,67.90302039943802,0.4951865318704702,0.3141480148843855,35.800893554372074,0.3090215285171367,12.980377223464137,560.2191819465453,2.016042253663466,65.12647689881294
Tamil Nadu,Ariyalur,2015,Jowar,Kharif,299.0,313.0,1.05,1547.3745097290357,27.96539277612975,35.4007722364139,21.809697596433235,67.90302039943802,0.4951865318704702,0.3141480148843855,35.800893554372074,0.3090215285171367,12.980377223464137,560.2191819465453,2.016042253663466,65.12647689881294
Tamil Nadu,Ariyalur,2015,Jowar,Rabi,6.0,10.0,1.67,1547.3745097290357,27.96539277612975,35.4007722364139,21.809697596433235,67.90302039943802,0.4951865318704702,0.3141480148843855,35.800893554372074,0.3090215285171367,12.980377223464137,560.2191819465453,2.016042253663466,65.12647689881294
Tamil Nadu,Ariyalur,2015,Maize,Kharif,16583.0,127357.0,7.68,1547.3745097290357,27.96539277612975,35.4007722364139,21.809697596433235,67.90302039943802,0.4951865318704702,0.3141480148843855,35.800893554372074,0.3090215285171367,12.980377223464137,560.2191819465453,2.016042253663466,65.12647689881294
Tamil Nadu,Ariyalur,2015,Maize,Rabi,663.0,4537.0,6.84,1547.3745097290357,27.96539277612975,35.4007722364139,21.809697596433235,67.90302039943802,0.4951865318704702,0.3141480148843855,35.800893554372074,0.3090215285171367,12.980377223464137,560.2191819465453,2.016042253663466,65.12647689881294
Tamil Nadu,Ariyalur,2015,Masoor,Kharif,272.0,276.0,1.01,1547.3745097290357,27.96539277612975,35.4007722364139,21.809697596433235,67.90302039943802,0.4951865318704702,0.3141480148843855,35.800893554372074,0.3090215285171367,12.980377223464137,560.2191819465453,2.016042253663466,65.12647689881294
Tamil Nadu,Ariyalur,2015,Moong(Green Gram),Kharif,2.0,2.0,1.0,1547.3745097290357,27.96539277612975,35.4007722364139,21.809697596433235,67.90302039943802,0.4951865318704702,0.3141480148843855,35.800893554372074,0.3090215285171367,12.980377223464137,560.2191819465453,2.016042253663466,65.12647689881294
Tamil Nadu,Ariyalur,2015,Onion,Kharif,48.0,463.0,9.65,1547.3745097290357,27.96539277612975,35.4007722364139,21.809697596433235,67.90302039943802,0.4951865318704702,0.3141480148843855,35.800893554372074,0.3090215285171367,12.980377223464137,560.2191819465453,2.016042253663466,65.12647689881294
Tamil Nadu,Ariyalur,2015,Onion,Rabi,20.0,130.0,6.5,1547.3745097290357,27.96539277612975,35.4007722364139,21.809697596433235,67.90302039943802,0.4951865318704702,0.3141480148843855,35.800893554372074,0.3090215285171367,12.980377223464137,560.2191819465453,2.016042253663466,65.12647689881294
Tamil Nadu,Ariyalur,2015,Other Kharif pulses,Kharif,1.0,1.0,1.0,1547.3745097290357,27.96539277612975,35.4007722364139,21.809697596433235,67.90302039943802,0.4951865318704702,0.3141480148843855,35.800893554372074,0.3090215285171367,12.980377223464137,560.2191819465453,2.016042253663466,65.12647689881294
Tamil Nadu,Ariyalur,2015,Ragi,Kharif,14.0,42.0,3.0,1547.3745097290357,27.96539277612975,35.4007722364139,21.809697596433235,67.90302039943802,0.4951865318704702,0.3141480148843855,35.800893554372074,0.3090215285171367,12.980377223464137,560.2191819465453,2.016042253663466,65.12647689881294
Tamil Nadu,Ariyalur,2015,Ragi,Rabi,27.0,98.0,3.63,1547.3745097290357,27.96539277612975,35.4007722364139,21.809697596433235,67.90302039943802,0.4951865318704702,0.3141480148843855,35.800893554372074,0.3090215285171367,12.980377223464137,560.2191819465453,2.016042253663466,65.12647689881294
Tamil Nadu,Ariyalur,2015,Rice,Kharif,24408.0,124179.0,5.09,1547.3745097290357,27.96539277612975,35.4007722364139,21.809697596433235,67.90302039943802,0.4951865318704702,0.3141480148843855,35.800893554372074,0.3090215285171367,12.980377223464137,560.2191819465453,2.016042253663466,65.12647689881294
Tamil Nadu,Ariyalur,2015,Sesamum,Kharif,210.0,93.0,0.44,1547.3745097290357,27.96539277612975,35.4007722364139,21.809697596433235,67.90302039943802,0.4951865318704702,0.3141480148843855,35.800893554372074,0.3090215285171367,12.980377223464137,560.2191819465453,2.016042253663466,65.12647689881294
Tamil Nadu,Ariyalur,2015,Sesamum,Rabi,397.0,245.0,0.62,1547.3745097290357,27.96539277612975,35.4007722364139,21.809697596433235,67.90302039943802,0.4951865318704702,0.3141480148843855,35.800893554372074,0.3090215285171367,12.980377223464137,560.2191819465453,2.016042253663466,65.12647689881294
Tamil Nadu,Ariyalur,2015,Small millets,Kharif,171.0,465.0,2.72,1547.3745097290357,27.96539277612975,35.4007722364139,21.809697596433235,67.90302039943802,0.4951865318704702,0.3141480148843855,35.800893554372074,0.3090215285171367,12.980377223464137,560.2191819465453,2.016042253663466,65.12647689881294
Tamil Nadu,Ariyalur,2015,Small millets,Rabi,4.0,11.0,2.75,1547.3745097290357,27.96539277612975,35.4007722364139,21.809697596433235,67.90302039943802,0.4951865318704702,0.3141480148843855,35.800893554372074,0.3090215285171367,12.980377223464137,560.2191819465453,2.016042253663466,65.12647689881294
Tamil Nadu,Ariyalur,2015,Sunflower,Kharif,109.0,191.0,1.75,1547.3745097290357,27.96539277612975,35.4007722364139,21.809697596433235,67.90302039943802,0.4951865318704702,0.3141480148843855,35.800893554372074,0.3090215285171367,12.980377223464137,560.2191819465453,2.016042253663466,65.12647689881294
Tamil Nadu,Ariyalur,2015,Sunflower,Rabi,5.0,5.0,1.0,1547.3745097290357,27.96539277612975,35.4007722364139,21.809697596433235,67.90302039943802,0.4951865318704702,0.3141480148843855,35.800893554372074,0.3090215285171367,12.980377223464137,560.2191819465453,2.016042253663466,65.12647689881294
Tamil Nadu,Ariyalur,2015,Urad,Kharif,943.0,653.0,0.69,1547.3745097290357,27.96539277612975,35.4007722364139,21.809697596433235,67.90302039943802,0.4951865318704702,0.3141480148843855,35.800893554372074,0.3090215285171367,12.980377223464137,560.2191819465453,2.016042253663466,65.12647689881294
Tamil Nadu,Ariyalur,2015,Urad,Rabi,4042.0,2833.0,0.7,1547.3745097290357,27.96539277612975,35.4007722364139,21.809697596433235,67.90302039943802,0.4951865318704702,0.3141480148843855,35.800893554372074,0.3090215285171367,12.980377223464137,560.2191819465453,2.016042253663466,65.12647689881294
Tamil Nadu,Ariyalur,2016,Bajra,Kharif,983.0,4283.0,4.36,891.9788517520893,28.6106325552276,36.48731213905636,21.91156892124117,64.04190416904484,0.4849719876183057,0.3132105785565058,36.20142536195007,0.2626945145077483,10.677714968895003,592.4530027272981,2.016042253663466,65.12647689881294
Tamil Nadu,Ariyalur,2016,Bajra,Rabi,23.0,12.0,0.52,891.9788517520893,28.6106325552276,36.48731213905636,21.91156892124117,64.04190416904484,0.4849719876183057,0.3132105785565058,36.20142536195007,0.2626945145077483,10.677714968895003,592.4530027272981,2.016042253663466,65.12647689881294
Tamil Nadu,Ariyalur,2016,Castor seed,Kharif,43.0,14.0,0.33,891.9788517520893,28.6106325552276,36.48731213905636,21.91156892124117,64.04190416904484,0.4849719876183057,0.3132105785565058,36.20142536195007,0.2626945145077483,10.677714968895003,592.4530027272981,2.016042253663466,65.12647689881294
Tamil Nadu,Ariyalur,2016,Cotton(lint),Kharif,9774.0,13686.0,1.4,891.9788517520893,28.6106325552276,36.48731213905636,21.91156892124117,64.04190416904484,0.4849719876183057,0.3132105785565058,36.20142536195007,0.2626945145077483,10.677714968895003,592.4530027272981,2.016042253663466,65.12647689881294
Tamil Nadu,Ariyalur,2016,Cotton(lint),Rabi,6.0,10.0,1.67,891.9788517520893,28.6106325552276,36.48731213905636,21.91156892124117,64.04190416904484,0.4849719876183057,0.3132105785565058,36.20142536195007,0.2626945145077483,10.677714968895003,592.4530027272981,2.016042253663466,65.12647689881294
Tamil Nadu,Ariyalur,2016,Groundnut,Kharif,3529.0,11030.0,3.13,891.9788517520893,28.6106325552276,36.48731213905636,21.91156892124117,64.04190416904484,0.4849719876183057,0.3132105785565058,36.20142536195007,0.2626945145077483,10.677714968895003,592.4530027272981,2.016042253663466,65.12647689881294
Tamil Nadu,Ariyalur,2016,Groundnut,Rabi,5091.0,22652.0,4.45,891.9788517520893,28.6106325552276,36.48731213905636,21.91156892124117,64.04190416904484,0.4849719876183057,0.3132105785565058,36.20142536195007,0.2626945145077483,10.677714968895003,592.4530027272981,2.016042253663466,65.12647689881294
Tamil Nadu,Ariyalur,2016,Horse-gram,Rabi,3.0,1.0,0.33,891.9788517520893,28.6106325552276,36.48731213905636,21.91156892124117,64.04190416904484,0.4849719876183057,0.3132105785565058,36.20142536195007,0.2626945145077483,10.677714968895003,592.4530027272981,2.016042253663466,65.12647689881294
Tamil Nadu,Ariyalur,2016,Jowar,Kharif,719.0,597.0,0.83,891.9788517520893,28.6106325552276,36.48731213905636,21.91156892124117,64.04190416904484,0.4849719876183057,0.3132105785565058,36.20142536195007,0.2626945145077483,10.677714968895003,592.4530027272981,2.016042253663466,65.12647689881294
Tamil Nadu,Ariyalur,2016,Jowar,Rabi,6.0,2.0,0.33,891.9788517520893,28.6106325552276,36.48731213905636,21.91156892124117,64.04190416904484,0.4849719876183057,0.3132105785565058,36.20142536195007,0.2626945145077483,10.677714968895003,592.4530027272981,2.016042253663466,65.12647689881294
Tamil Nadu,Ariyalur,2016,Maize,Kharif,14975.0,59653.0,3.98,891.9788517520893,28.6106325552276,36.48731213905636,21.91156892124117,64.04190416904484,0.4849719876183057,0.3132105785565058,36.20142536195007,0.2626945145077483,10.677714968895003,592.4530027272981,2.016042253663466,65.12647689881294
Tamil Nadu,Ariyalur,2016,Maize,Rabi,368.0,462.0,1.26,891.9788517520893,28.6106325552276,36.48731213905636,21.91156892124117,64.04190416904484,0.4849719876183057,0.3132105785565058,36.20142536195007,0.2626945145077483,10.677714968895003,592.4530027272981,2.016042253663466,65.12647689881294
Tamil Nadu,Ariyalur,2016,Moong(Green Gram),Kharif,3.0,2.0,0.67,891.9788517520893,28.6106325552276,36.48731213905636,21.91156892124117,64.04190416904484,0.4849719876183057,0.3132105785565058,36.20142536195007,0.2626945145077483,10.677714968895003,592.4530027272981,2.016042253663466,65.12647689881294
Tamil Nadu,Ariyalur,2016,Moong(Green Gram),Rabi,1.0,,0.0,891.9788517520893,28.6106325552276,36.48731213905636,21.91156892124117,64.04190416904484,0.4849719876183057,0.3132105785565058,36.20142536195007,0.2626945145077483,10.677714968895003,592.4530027272981,2.016042253663466,65.12647689881294
Tamil Nadu,Ariyalur,2016,Onion,Kharif,53.0,553.0,10.43,891.9788517520893,28.6106325552276,36.48731213905636,21.91156892124117,64.04190416904484,0.4849719876183057,0.3132105785565058,36.20142536195007,0.2626945145077483,10.677714968895003,592.4530027272981,2.016042253663466,65.12647689881294
Tamil Nadu,Ariyalur,2016,Onion,Rabi,16.0,82.0,5.13,891.9788517520893,28.6106325552276,36.48731213905636,21.91156892124117,64.04190416904484,0.4849719876183057,0.3132105785565058,36.20142536195007,0.2626945145077483,10.677714968895003,592.4530027272981,2.016042253663466,65.12647689881294
Tamil Nadu,Ariyalur,2016,Ragi,Kharif,37.0,61.0,1.65,891.9788517520893,28.6106325552276,36.48731213905636,21.91156892124117,64.04190416904484,0.4849719876183057,0.3132105785565058,36.20142536195007,0.2626945145077483,10.677714968895003,592.4530027272981,2.016042253663466,65.12647689881294
Tamil Nadu,Ariyalur,2016,Ragi,Rabi,1.0,3.0,3.0,891.9788517520893,28.6106325552276,36.48731213905636,21.91156892124117,64.04190416904484,0.4849719876183057,0.3132105785565058,36.20142536195007,0.2626945145077483,10.677714968895003,592.4530027272981,2.016042253663466,65.12647689881294
Tamil Nadu,Ariyalur,2016,Rice,Kharif,15398.0,44524.0,2.89,891.9788517520893,28.6106325552276,36.48731213905636,21.91156892124117,64.04190416904484,0.4849719876183057,0.3132105785565058,36.20142536195007,0.2626945145077483,10.677714968895003,592.4530027272981,2.016042253663466,65.12647689881294
Tamil Nadu,Ariyalur,2016,Sesamum,Kharif,902.0,356.0,0.39,891.9788517520893,28.6106325552276,36.48731213905636,21.91156892124117,64.04190416904484,0.4849719876183057,0.3132105785565058,36.20142536195007,0.2626945145077483,10.677714968895003,592.4530027272981,2.016042253663466,65.12647689881294
Tamil Nadu,Ariyalur,2016,Sesamum,Rabi,505.0,191.0,0.38,891.9788517520893,28.6106325552276,36.48731213905636,21.91156892124117,64.04190416904484,0.4849719876183057,0.3132105785565058,36.20142536195007,0.2626945145077483,10.677714968895003,592.4530027272981,2.016042253663466,65.12647689881294
Tamil Nadu,Ariyalur,2016,Small millets,Kharif,179.0,237.0,1.32,891.9788517520893,28.6106325552276,36.48731213905636,21.91156892124117,64.04190416904484,0.4849719876183057,0.3132105785565058,36.20142536195007,0.2626945145077483,10.677714968895003,592.4530027272981,2.016042253663466,65.12647689881294
Tamil Nadu,Ariyalur,2016,Small millets,Rabi,11.0,14.0,1.27,891.9788517520893,28.6106325552276,36.48731213905636,21.91156892124117,64.04190416904484,0.4849719876183057,0.3132105785565058,36.20142536195007,0.2626945145077483,10.677714968895003,592.4530027272981,2.016042253663466,65.12647689881294
Tamil Nadu,Ariyalur,2016,Sunflower,Kharif,413.0,353.0,0.85,891.9788517520893,28.6106325552276,36.48731213905636,21.91156892124117,64.04190416904484,0.4849719876183057,0.3132105785565058,36.20142536195007,0.2626945145077483,10.677714968895003,592.4530027272981,2.016042253663466,65.12647689881294
Tamil Nadu,Ariyalur,2016,Sunflower,Rabi,17.0,4.0,0.24,891.9788517520893,28.6106325552276,36.48731213905636,21.91156892124117,64.04190416904484,0.4849719876183057,0.3132105785565058,36.20142536195007,0.2626945145077483,10.677714968895003,592.4530027272981,2.016042253663466,65.12647689881294
Tamil Nadu,Ariyalur,2016,Urad,Kharif,1333.0,1030.0,0.77,891.9788517520893,28.6106325552276,36.48731213905636,21.91156892124117,64.04190416904484,0.4849719876183057,0.3132105785565058,36.20142536195007,0.2626945145077483,10.677714968895003,592.4530027272981,2.016042253663466,65.12647689881294
Tamil Nadu,Ariyalur,2016,Urad,Rabi,5629.0,2032.0,0.36,891.9788517520893,28.6106325552276,36.48731213905636,21.91156892124117,64.04190416904484,0.4849719876183057,0.3132105785565058,36.20142536195007,0.2626945145077483,10.677714968895003,592.4530027272981,2.016042253663466,65.12647689881294
Tamil Nadu,Ariyalur,2016,Arhar/Tur,Kharif,203.0,133.0,0.66,891.9788517520893,28.6106325552276,36.48731213905636,21.91156892124117,64.04190416904484,0.4849719876183057,0.3132105785565058,36.20142536195007,0.2626945145077483,10.677714968895003,592.4530027272981,2.016042253663466,65.12647689881294
Tamil Nadu,Ariyalur,2017,Bajra,Kharif,1473.0,3470.0,2.36,1265.44505754521,28.10452450518066,35.899501304179005,22.16876792771963,67.40826065017977,0.4975106623587731,0.3226118995354977,36.19694554332017,0.3074930614797662,12.017411200763016,562.3638878104056,2.016042253663466,65.12647689881294
Tamil Nadu,Ariyalur,2017,Bajra,Rabi,13.0,27.0,2.08,1265.44505754521,28.10452450518066,35.899501304179005,22.16876792771963,67.40826065017977,0.4975106623587731,0.3226118995354977,36.19694554332017,0.3074930614797662,12.017411200763016,562.3638878104056,2.016042253663466,65.12647689881294
Tamil Nadu,Ariyalur,2017,Castor seed,Kharif,47.0,15.6,0.33,1265.44505754521,28.10452450518066,35.899501304179005,22.16876792771963,67.40826065017977,0.4975106623587731,0.3226118995354977,36.19694554332017,0.3074930614797662,12.017411200763016,562.3638878104056,2.016042253663466,65.12647689881294
Tamil Nadu,Ariyalur,2017,Cotton(lint),Kharif,10092.0,29.0,0.0,1265.44505754521,28.10452450518066,35.899501304179005,22.16876792771963,67.40826065017977,0.4975106623587731,0.3226118995354977,36.19694554332017,0.3074930614797662,12.017411200763016,562.3638878104056,2.016042253663466,65.12647689881294
Tamil Nadu,Ariyalur,2017,Cotton(lint),Rabi,800.0,2.0,0.0,1265.44505754521,28.10452450518066,35.899501304179005,22.16876792771963,67.40826065017977,0.4975106623587731,0.3226118995354977,36.19694554332017,0.3074930614797662,12.017411200763016,562.3638878104056,2.016042253663466,65.12647689881294
Tamil Nadu,Ariyalur,2017,Groundnut,Kharif,3171.0,10467.0,3.3,1265.44505754521,28.10452450518066,35.899501304179005,22.16876792771963,67.40826065017977,0.4975106623587731,0.3226118995354977,36.19694554332017,0.3074930614797662,12.017411200763016,562.3638878104056,2.016042253663466,65.12647689881294
Tamil Nadu,Ariyalur,2017,Groundnut,Rabi,6679.0,27765.0,4.16,1265.44505754521,28.10452450518066,35.899501304179005,22.16876792771963,67.40826065017977,0.4975106623587731,0.3226118995354977,36.19694554332017,0.3074930614797662,12.017411200763016,562.3638878104056,2.016042253663466,65.12647689881294
Tamil Nadu,Ariyalur,2017,Horse-gram,Kharif,3.0,2.0,0.67,1265.44505754521,28.10452450518066,35.899501304179005,22.16876792771963,67.40826065017977,0.4975106623587731,0.3226118995354977,36.19694554332017,0.3074930614797662,12.017411200763016,562.3638878104056,2.016042253663466,65.12647689881294
Tamil Nadu,Ariyalur,2017,Horse-gram,Rabi,4.0,3.0,0.75,1265.44505754521,28.10452450518066,35.899501304179005,22.16876792771963,67.40826065017977,0.4975106623587731,0.3226118995354977,36.19694554332017,0.3074930614797662,12.017411200763016,562.3638878104056,2.016042253663466,65.12647689881294
Tamil Nadu,Ariyalur,2017,Jowar,Kharif,241.0,274.0,1.14,1265.44505754521,28.10452450518066,35.899501304179005,22.16876792771963,67.40826065017977,0.4975106623587731,0.3226118995354977,36.19694554332017,0.3074930614797662,12.017411200763016,562.3638878104056,2.016042253663466,65.12647689881294
Tamil Nadu,Ariyalur,2017,Jowar,Rabi,12.0,13.0,1.08,1265.44505754521,28.10452450518066,35.899501304179005,22.16876792771963,67.40826065017977,0.4975106623587731,0.3226118995354977,36.19694554332017,0.3074930614797662,12.017411200763016,562.3638878104056,2.016042253663466,65.12647689881294
Tamil Nadu,Ariyalur,2017,Maize,Kharif,12828.0,113387.0,8.84,1265.44505754521,28.10452450518066,35.899501304179005,22.16876792771963,67.40826065017977,0.4975106623587731,0.3226118995354977,36.19694554332017,0.3074930614797662,12.017411200763016,562.3638878104056,2.016042253663466,65.12647689881294
Tamil Nadu,Ariyalur,2017,Maize,Rabi,2169.0,14515.0,6.69,1265.44505754521,28.10452450518066,35.899501304179005,22.16876792771963,67.40826065017977,0.4975106623587731,0.3226118995354977,36.19694554332017,0.3074930614797662,12.017411200763016,562.3638878104056,2.016042253663466,65.12647689881294
Tamil Nadu,Ariyalur,2017,Moong(Green Gram),Kharif,5.0,3.0,0.6,1265.44505754521,28.10452450518066,35.899501304179005,22.16876792771963,67.40826065017977,0.4975106623587731,0.3226118995354977,36.19694554332017,0.3074930614797662,12.017411200763016,562.3638878104056,2.016042253663466,65.12647689881294
Tamil Nadu,Ariyalur,2017,Onion,Kharif,18.0,175.0,9.72,1265.44505754521,28.10452450518066,35.899501304179005,22.16876792771963,67.40826065017977,0.4975106623587731,0.3226118995354977,36.19694554332017,0.3074930614797662,12.017411200763016,562.3638878104056,2.016042253663466,65.12647689881294
Tamil Nadu,Ariyalur,2017,Onion,Rabi,14.0,130.0,9.29,1265.44505754521,28.10452450518066,35.899501304179005,22.16876792771963,67.40826065017977,0.4975106623587731,0.3226118995354977,36.19694554332017,0.3074930614797662,12.017411200763016,562.3638878104056,2.016042253663466,65.12647689881294
Tamil Nadu,Ariyalur,2017,Ragi,Kharif,10.0,34.0,3.4,1265.44505754521,28.10452450518066,35.899501304179005,22.16876792771963,67.40826065017977,0.4975106623587731,0.3226118995354977,36.19694554332017,0.3074930614797662,12.017411200763016,562.3638878104056,2.016042253663466,65.12647689881294
Tamil Nadu,Ariyalur,2017,Ragi,Rabi,12.0,54.0,4.5,1265.44505754521,28.10452450518066,35.899501304179005,22.16876792771963,67.40826065017977,0.4975106623587731,0.3226118995354977,36.19694554332017,0.3074930614797662,12.017411200763016,562.3638878104056,2.016042253663466,65.12647689881294
Tamil Nadu,Ariyalur,2017,Rice,Autumn,2556.0,9851.0,3.85,1265.44505754521,28.10452450518066,35.899501304179005,22.16876792771963,67.40826065017977,0.4975106623587731,0.3226118995354977,36.19694554332017,0.3074930614797662,12.017411200763016,562.3638878104056,2.016042253663466,65.12647689881294
Tamil Nadu,Ariyalur,2017,Rice,Winter,19628.0,87227.0,4.44,1265.44505754521,28.10452450518066,35.899501304179005,22.16876792771963,67.40826065017977,0.4975106623587731,0.3226118995354977,36.19694554332017,0.3074930614797662,12.017411200763016,562.3638878104056,2.016042253663466,65.12647689881294
Tamil Nadu,Ariyalur,2017,Sesamum,Kharif,182.0,78.0,0.43,1265.44505754521,28.10452450518066,35.899501304179005,22.16876792771963,67.40826065017977,0.4975106623587731,0.3226118995354977,36.19694554332017,0.3074930614797662,12.017411200763016,562.3638878104056,2.016042253663466,65.12647689881294
Tamil Nadu,Ariyalur,2017,Sesamum,Rabi,511.0,314.0,0.61,1265.44505754521,28.10452450518066,35.899501304179005,22.16876792771963,67.40826065017977,0.4975106623587731,0.3226118995354977,36.19694554332017,0.3074930614797662,12.017411200763016,562.3638878104056,2.016042253663466,65.12647689881294
Tamil Nadu,Ariyalur,2017,Small millets,Kharif,51.0,152.0,2.98,1265.44505754521,28.10452450518066,35.899501304179005,22.16876792771963,67.40826065017977,0.4975106623587731,0.3226118995354977,36.19694554332017,0.3074930614797662,12.017411200763016,562.3638878104056,2.016042253663466,65.12647689881294
Tamil Nadu,Ariyalur,2017,Small millets,Rabi,34.0,100.0,2.94,1265.44505754521,28.10452450518066,35.899501304179005,22.16876792771963,67.40826065017977,0.4975106623587731,0.3226118995354977,36.19694554332017,0.3074930614797662,12.017411200763016,562.3638878104056,2.016042253663466,65.12647689881294
Tamil Nadu,Ariyalur,2017,Sunflower,Kharif,218.0,424.0,1.94,1265.44505754521,28.10452450518066,35.899501304179005,22.16876792771963,67.40826065017977,0.4975106623587731,0.3226118995354977,36.19694554332017,0.3074930614797662,12.017411200763016,562.3638878104056,2.016042253663466,65.12647689881294
Tamil Nadu,Ariyalur,2017,Urad,Kharif,310.0,282.0,0.91,1265.44505754521,28.10452450518066,35.899501304179005,22.16876792771963,67.40826065017977,0.4975106623587731,0.3226118995354977,36.19694554332017,0.3074930614797662,12.017411200763016,562.3638878104056,2.016042253663466,65.12647689881294
Tamil Nadu,Ariyalur,2017,Urad,Rabi,6099.0,4117.0,0.68,1265.44505754521,28.10452450518066,35.899501304179005,22.16876792771963,67.40826065017977,0.4975106623587731,0.3226118995354977,36.19694554332017,0.3074930614797662,12.017411200763016,562.3638878104056,2.016042253663466,65.12647689881294
Tamil Nadu,Ariyalur,2017,Arhar/Tur,Kharif,155.0,169.0,1.09,1265.44505754521,28.10452450518066,35.899501304179005,22.16876792771963,67.40826065017977,0.4975106623587731,0.3226118995354977,36.19694554332017,0.3074930614797662,12.017411200763016,562.3638878104056,2.016042253663466,65.12647689881294
Tamil Nadu,Ariyalur,2017,Other Cereals,Kharif,2.0,,0.0,1265.44505754521,28.10452450518066,35.899501304179005,22.16876792771963,67.40826065017977,0.4975106623587731,0.3226118995354977,36.19694554332017,0.3074930614797662,12.017411200763016,562.3638878104056,2.016042253663466,65.12647689881294
Tamil Nadu,Ariyalur,2018,Bajra,Kharif,815.0,1899.0,2.33,1061.315243290255,28.060322500843032,36.027080991068,21.59988264438586,65.61180038573417,0.4806685475448559,0.3093953159003372,36.00621977800873,0.2769351453608571,10.552461060991416,583.139919710199,2.016042253663466,65.12647689881294
Tamil Nadu,Ariyalur,2018,Bajra,Rabi,15.0,29.0,1.93,1061.315243290255,28.060322500843032,36.027080991068,21.59988264438586,65.61180038573417,0.4806685475448559,0.3093953159003372,36.00621977800873,0.2769351453608571,10.552461060991416,583.139919710199,2.016042253663466,65.12647689881294
Tamil Nadu,Ariyalur,2018,Castor seed,Kharif,38.0,13.0,0.34,1061.315243290255,28.060322500843032,36.027080991068,21.59988264438586,65.61180038573417,0.4806685475448559,0.3093953159003372,36.00621977800873,0.2769351453608571,10.552461060991416,583.139919710199,2.016042253663466,65.12647689881294
Tamil Nadu,Ariyalur,2018,Cotton(lint),Kharif,5500.0,11848.0,2.15,1061.315243290255,28.060322500843032,36.027080991068,21.59988264438586,65.61180038573417,0.4806685475448559,0.3093953159003372,36.00621977800873,0.2769351453608571,10.552461060991416,583.139919710199,2.016042253663466,65.12647689881294
Tamil Nadu,Ariyalur,2018,Cotton(lint),Rabi,3834.0,9955.0,2.6,1061.315243290255,28.060322500843032,36.027080991068,21.59988264438586,65.61180038573417,0.4806685475448559,0.3093953159003372,36.00621977800873,0.2769351453608571,10.552461060991416,583.139919710199,2.016042253663466,65.12647689881294
Tamil Nadu,Ariyalur,2018,Groundnut,Kharif,2888.0,9209.0,3.19,1061.315243290255,28.060322500843032,36.027080991068,21.59988264438586,65.61180038573417,0.4806685475448559,0.3093953159003372,36.00621977800873,0.2769351453608571,10.552461060991416,583.139919710199,2.016042253663466,65.12647689881294
Tamil Nadu,Ariyalur,2018,Groundnut,Rabi,6217.0,28314.0,4.55,1061.315243290255,28.060322500843032,36.027080991068,21.59988264438586,65.61180038573417,0.4806685475448559,0.3093953159003372,36.00621977800873,0.2769351453608571,10.552461060991416,583.139919710199,2.016042253663466,65.12647689881294
Tamil Nadu,Ariyalur,2018,Horse-gram,Kharif,3.0,2.0,0.67,1061.315243290255,28.060322500843032,36.027080991068,21.59988264438586,65.61180038573417,0.4806685475448559,0.3093953159003372,36.00621977800873,0.2769351453608571,10.552461060991416,583.139919710199,2.016042253663466,65.12647689881294
Tamil Nadu,Ariyalur,2018,Horse-gram,Rabi,6.0,4.0,0.67,1061.315243290255,28.060322500843032,36.027080991068,21.59988264438586,65.61180038573417,0.4806685475448559,0.3093953159003372,36.00621977800873,0.2769351453608571,10.552461060991416,583.139919710199,2.016042253663466,65.12647689881294
Tamil Nadu,Ariyalur,2018,Jowar,Kharif,104.0,119.0,1.14,1061.315243290255,28.060322500843032,36.027080991068,21.59988264438586,65.61180038573417,0.4806685475448559,0.3093953159003372,36.00621977800873,0.2769351453608571,10.552461060991416,583.139919710199,2.016042253663466,65.12647689881294
Tamil Nadu,Ariyalur,2018,Jowar,Rabi,12.0,15.0,1.25,1061.315243290255,28.060322500843032,36.027080991068,21.59988264438586,65.61180038573417,0.4806685475448559,0.3093953159003372,36.00621977800873,0.2769351453608571,10.552461060991416,583.139919710199,2.016042253663466,65.12647689881294
Tamil Nadu,Ariyalur,2018,Maize,Kharif,8078.0,41209.0,5.1,1061.315243290255,28.060322500843032,36.027080991068,21.59988264438586,65.61180038573417,0.4806685475448559,0.3093953159003372,36.00621977800873,0.2769351453608571,10.552461060991416,583.139919710199,2.016042253663466,65.12647689881294
Tamil Nadu,Ariyalur,2018,Maize,Rabi,8061.0,56405.0,7.0,1061.315243290255,28.060322500843032,36.027080991068,21.59988264438586,65.61180038573417,0.4806685475448559,0.3093953159003372,36.00621977800873,0.2769351453608571,10.552461060991416,583.139919710199,2.016042253663466,65.12647689881294
Tamil Nadu,Ariyalur,2018,Moong(Green Gram),Rabi,3.0,1.0,0.33,1061.315243290255,28.060322500843032,36.027080991068,21.59988264438586,65.61180038573417,0.4806685475448559,0.3093953159003372,36.00621977800873,0.2769351453608571,10.552461060991416,583.139919710199,2.016042253663466,65.12647689881294
Tamil Nadu,Ariyalur,2018,Onion,Kharif,57.0,499.0,8.75,1061.315243290255,28.060322500843032,36.027080991068,21.59988264438586,65.61180038573417,0.4806685475448559,0.3093953159003372,36.00621977800873,0.2769351453608571,10.552461060991416,583.139919710199,2.016042253663466,65.12647689881294
Tamil Nadu,Ariyalur,2018,Onion,Rabi,9.0,50.0,5.56,1061.315243290255,28.060322500843032,36.027080991068,21.59988264438586,65.61180038573417,0.4806685475448559,0.3093953159003372,36.00621977800873,0.2769351453608571,10.552461060991416,583.139919710199,2.016042253663466,65.12647689881294
Tamil Nadu,Ariyalur,2018,Ragi,Kharif,23.0,72.0,3.13,1061.315243290255,28.060322500843032,36.027080991068,21.59988264438586,65.61180038573417,0.4806685475448559,0.3093953159003372,36.00621977800873,0.2769351453608571,10.552461060991416,583.139919710199,2.016042253663466,65.12647689881294
Tamil Nadu,Ariyalur,2018,Ragi,Rabi,4.0,14.0,3.5,1061.315243290255,28.060322500843032,36.027080991068,21.59988264438586,65.61180038573417,0.4806685475448559,0.3093953159003372,36.00621977800873,0.2769351453608571,10.552461060991416,583.139919710199,2.016042253663466,65.12647689881294
Tamil Nadu,Ariyalur,2018,Rice,Autumn,2957.0,12673.0,4.29,1061.315243290255,28.060322500843032,36.027080991068,21.59988264438586,65.61180038573417,0.4806685475448559,0.3093953159003372,36.00621977800873,0.2769351453608571,10.552461060991416,583.139919710199,2.016042253663466,65.12647689881294
Tamil Nadu,Ariyalur,2018,Rice,Winter,19103.0,73718.0,3.86,1061.315243290255,28.060322500843032,36.027080991068,21.59988264438586,65.61180038573417,0.4806685475448559,0.3093953159003372,36.00621977800873,0.2769351453608571,10.552461060991416,583.139919710199,2.016042253663466,65.12647689881294
Tamil Nadu,Ariyalur,2018,Sesamum,Kharif,593.0,135.0,0.23,1061.315243290255,28.060322500843032,36.027080991068,21.59988264438586,65.61180038573417,0.4806685475448559,0.3093953159003372,36.00621977800873,0.2769351453608571,10.552461060991416,583.139919710199,2.016042253663466,65.12647689881294
Tamil Nadu,Ariyalur,2018,Sesamum,Rabi,624.0,354.0,0.57,1061.315243290255,28.060322500843032,36.027080991068,21.59988264438586,65.61180038573417,0.4806685475448559,0.3093953159003372,36.00621977800873,0.2769351453608571,10.552461060991416,583.139919710199,2.016042253663466,65.12647689881294
Tamil Nadu,Ariyalur,2018,Small millets,Kharif,48.0,112.0,2.33,1061.315243290255,28.060322500843032,36.027080991068,21.59988264438586,65.61180038573417,0.4806685475448559,0.3093953159003372,36.00621977800873,0.2769351453608571,10.552461060991416,583.139919710199,2.016042253663466,65.12647689881294
Tamil Nadu,Ariyalur,2018,Sunflower,Kharif,2.0,4.0,2.0,1061.315243290255,28.060322500843032,36.027080991068,21.59988264438586,65.61180038573417,0.4806685475448559,0.3093953159003372,36.00621977800873,0.2769351453608571,10.552461060991416,583.139919710199,2.016042253663466,65.12647689881294
Tamil Nadu,Ariyalur,2018,Sunflower,Rabi,2.0,1.0,0.5,1061.315243290255,28.060322500843032,36.027080991068,21.59988264438586,65.61180038573417,0.4806685475448559,0.3093953159003372,36.00621977800873,0.2769351453608571,10.552461060991416,583.139919710199,2.016042253663466,65.12647689881294
Tamil Nadu,Ariyalur,2018,Urad,Kharif,234.0,178.0,0.76,1061.315243290255,28.060322500843032,36.027080991068,21.59988264438586,65.61180038573417,0.4806685475448559,0.3093953159003372,36.00621977800873,0.2769351453608571,10.552461060991416,583.139919710199,2.016042253663466,65.12647689881294
Tamil Nadu,Ariyalur,2018,Urad,Rabi,6780.0,4113.0,0.61,1061.315243290255,28.060322500843032,36.027080991068,21.59988264438586,65.61180038573417,0.4806685475448559,0.3093953159003372,36.00621977800873,0.2769351453608571,10.552461060991416,583.139919710199,2.016042253663466,65.12647689881294
Tamil Nadu,Ariyalur,2018,Arhar/Tur,Kharif,138.0,171.0,1.24,1061.315243290255,28.060322500843032,36.027080991068,21.59988264438586,65.61180038573417,0.4806685475448559,0.3093953159003372,36.00621977800873,0.2769351453608571,10.552461060991416,583.139919710199,2.016042253663466,65.12647689881294
Tamil Nadu,Ariyalur,2018,Cowpea(Lobia),Kharif,3.0,3.0,1.0,1061.315243290255,28.060322500843032,36.027080991068,21.59988264438586,65.61180038573417,0.4806685475448559,0.3093953159003372,36.00621977800873,0.2769351453608571,10.552461060991416,583.139919710199,2.016042253663466,65.12647689881294
Tamil Nadu,Ariyalur,2019,Bajra,Kharif,1008.0,3321.0,3.29,1201.390994836133,28.522503069201026,36.26215077052402,22.473227259348224,65.6539540819787,0.4727684126705896,0.3067019623235175,36.37199056157858,0.288482954498819,11.145500027713975,576.3137321715691,2.016042253663466,65.12647689881294
Tamil Nadu,Ariyalur,2019,Bajra,Rabi,23.0,62.0,2.7,1201.390994836133,28.522503069201026,36.26215077052402,22.473227259348224,65.6539540819787,0.4727684126705896,0.3067019623235175,36.37199056157858,0.288482954498819,11.145500027713975,576.3137321715691,2.016042253663466,65.12647689881294
Tamil Nadu,Ariyalur,2019,Castor seed,Kharif,182.0,60.0,0.33,1201.390994836133,28.522503069201026,36.26215077052402,22.473227259348224,65.6539540819787,0.4727684126705896,0.3067019623235175,36.37199056157858,0.288482954498819,11.145500027713975,576.3137321715691,2.016042253663466,65.12647689881294
Tamil Nadu,Ariyalur,2019,Cotton(lint),Kharif,9164.0,17349.0,1.89,1201.390994836133,28.522503069201026,36.26215077052402,22.473227259348224,65.6539540819787,0.4727684126705896,0.3067019623235175,36.37199056157858,0.288482954498819,11.145500027713975,576.3137321715691,2.016042253663466,65.12647689881294
Tamil Nadu,Ariyalur,2019,Cotton(lint),Rabi,249.0,625.0,2.51,1201.390994836133,28.522503069201026,36.26215077052402,22.473227259348224,65.6539540819787,0.4727684126705896,0.3067019623235175,36.37199056157858,0.288482954498819,11.145500027713975,576.3137321715691,2.016042253663466,65.12647689881294
Tamil Nadu,Ariyalur,2019,Groundnut,Kharif,2391.0,6683.0,2.8,1201.390994836133,28.522503069201026,36.26215077052402,22.473227259348224,65.6539540819787,0.4727684126705896,0.3067019623235175,36.37199056157858,0.288482954498819,11.145500027713975,576.3137321715691,2.016042253663466,65.12647689881294
Tamil Nadu,Ariyalur,2019,Groundnut,Rabi,6571.0,29706.0,4.52,1201.390994836133,28.522503069201026,36.26215077052402,22.473227259348224,65.6539540819787,0.4727684126705896,0.3067019623235175,36.37199056157858,0.288482954498819,11.145500027713975,576.3137321715691,2.016042253663466,65.12647689881294
Tamil Nadu,Ariyalur,2019,Horse-gram,Kharif,2.0,2.0,1.0,1201.390994836133,28.522503069201026,36.26215077052402,22.473227259348224,65.6539540819787,0.4727684126705896,0.3067019623235175,36.37199056157858,0.288482954498819,11.145500027713975,576.3137321715691,2.016042253663466,65.12647689881294
Tamil Nadu,Ariyalur,2019,Horse-gram,Rabi,26.0,20.0,0.77,1201.390994836133,28.522503069201026,36.26215077052402,22.473227259348224,65.6539540819787,0.4727684126705896,0.3067019623235175,36.37199056157858,0.288482954498819,11.145500027713975,576.3137321715691,2.016042253663466,65.12647689881294
Tamil Nadu,Ariyalur,2019,Jowar,Kharif,18.0,22.0,1.22,1201.390994836133,28.522503069201026,36.26215077052402,22.473227259348224,65.6539540819787,0.4727684126705896,0.3067019623235175,36.37199056157858,0.288482954498819,11.145500027713975,576.3137321715691,2.016042253663466,65.12647689881294
Tamil Nadu,Ariyalur,2019,Jowar,Rabi,3.0,3.0,1.0,1201.390994836133,28.522503069201026,36.26215077052402,22.473227259348224,65.6539540819787,0.4727684126705896,0.3067019623235175,36.37199056157858,0.288482954498819,11.145500027713975,576.3137321715691,2.016042253663466,65.12647689881294
Tamil Nadu,Ariyalur,2019,Maize,Kharif,14708.0,109629.0,7.45,1201.390994836133,28.522503069201026,36.26215077052402,22.473227259348224,65.6539540819787,0.4727684126705896,0.3067019623235175,36.37199056157858,0.288482954498819,11.145500027713975,576.3137321715691,2.016042253663466,65.12647689881294
Tamil Nadu,Ariyalur,2019,Maize,Rabi,666.0,4478.0,6.72,1201.390994836133,28.522503069201026,36.26215077052402,22.473227259348224,65.6539540819787,0.4727684126705896,0.3067019623235175,36.37199056157858,0.288482954498819,11.145500027713975,576.3137321715691,2.016042253663466,65.12647689881294
Tamil Nadu,Ariyalur,2019,Moong(Green Gram),Rabi,8.0,3.0,0.38,1201.390994836133,28.522503069201026,36.26215077052402,22.473227259348224,65.6539540819787,0.4727684126705896,0.3067019623235175,36.37199056157858,0.288482954498819,11.145500027713975,576.3137321715691,2.016042253663466,65.12647689881294
Tamil Nadu,Ariyalur,2019,Onion,Kharif,52.0,473.0,9.1,1201.390994836133,28.522503069201026,36.26215077052402,22.473227259348224,65.6539540819787,0.4727684126705896,0.3067019623235175,36.37199056157858,0.288482954498819,11.145500027713975,576.3137321715691,2.016042253663466,65.12647689881294
Tamil Nadu,Ariyalur,2019,Onion,Rabi,1.0,10.0,10.0,1201.390994836133,28.522503069201026,36.26215077052402,22.473227259348224,65.6539540819787,0.4727684126705896,0.3067019623235175,36.37199056157858,0.288482954498819,11.145500027713975,576.3137321715691,2.016042253663466,65.12647689881294
Tamil Nadu,Ariyalur,2019,Other Kharif pulses,Kharif,36.0,18.0,0.5,1201.390994836133,28.522503069201026,36.26215077052402,22.473227259348224,65.6539540819787,0.4727684126705896,0.3067019623235175,36.37199056157858,0.288482954498819,11.145500027713975,576.3137321715691,2.016042253663466,65.12647689881294
Tamil Nadu,Ariyalur,2019,Ragi,Kharif,10.0,29.0,2.9,1201.390994836133,28.522503069201026,36.26215077052402,22.473227259348224,65.6539540819787,0.4727684126705896,0.3067019623235175,36.37199056157858,0.288482954498819,11.145500027713975,576.3137321715691,2.016042253663466,65.12647689881294
Tamil Nadu,Ariyalur,2019,Ragi,Rabi,1.0,4.0,4.0,1201.390994836133,28.522503069201026,36.26215077052402,22.473227259348224,65.6539540819787,0.4727684126705896,0.3067019623235175,36.37199056157858,0.288482954498819,11.145500027713975,576.3137321715691,2.016042253663466,65.12647689881294
Tamil Nadu,Ariyalur,2019,Rice,Autumn,2448.0,8348.0,3.41,1201.390994836133,28.522503069201026,36.26215077052402,22.473227259348224,65.6539540819787,0.4727684126705896,0.3067019623235175,36.37199056157858,0.288482954498819,11.145500027713975,576.3137321715691,2.016042253663466,65.12647689881294
Tamil Nadu,Ariyalur,2019,Rice,Winter,20379.0,79599.0,3.91,1201.390994836133,28.522503069201026,36.26215077052402,22.473227259348224,65.6539540819787,0.4727684126705896,0.3067019623235175,36.37199056157858,0.288482954498819,11.145500027713975,576.3137321715691,2.016042253663466,65.12647689881294
Tamil Nadu,Ariyalur,2019,Sesamum,Kharif,786.0,435.0,0.55,1201.390994836133,28.522503069201026,36.26215077052402,22.473227259348224,65.6539540819787,0.4727684126705896,0.3067019623235175,36.37199056157858,0.288482954498819,11.145500027713975,576.3137321715691,2.016042253663466,65.12647689881294
Tamil Nadu,Ariyalur,2019,Sesamum,Rabi,950.0,691.0,0.73,1201.390994836133,28.522503069201026,36.26215077052402,22.473227259348224,65.6539540819787,0.4727684126705896,0.3067019623235175,36.37199056157858,0.288482954498819,11.145500027713975,576.3137321715691,2.016042253663466,65.12647689881294
Tamil Nadu,Ariyalur,2019,Small millets,Kharif,46.0,98.0,2.13,1201.390994836133,28.522503069201026,36.26215077052402,22.473227259348224,65.6539540819787,0.4727684126705896,0.3067019623235175,36.37199056157858,0.288482954498819,11.145500027713975,576.3137321715691,2.016042253663466,65.12647689881294
Tamil Nadu,Ariyalur,2019,Sunflower,Kharif,1.0,1.0,1.0,1201.390994836133,28.522503069201026,36.26215077052402,22.473227259348224,65.6539540819787,0.4727684126705896,0.3067019623235175,36.37199056157858,0.288482954498819,11.145500027713975,576.3137321715691,2.016042253663466,65.12647689881294
Tamil Nadu,Ariyalur,2019,Urad,Kharif,162.0,137.0,0.85,1201.390994836133,28.522503069201026,36.26215077052402,22.473227259348224,65.6539540819787,0.4727684126705896,0.3067019623235175,36.37199056157858,0.288482954498819,11.145500027713975,576.3137321715691,2.016042253663466,65.12647689881294
Tamil Nadu,Ariyalur,2019,Urad,Rabi,6853.0,5825.0,0.85,1201.390994836133,28.522503069201026,36.26215077052402,22.473227259348224,65.6539540819787,0.4727684126705896,0.3067019623235175,36.37199056157858,0.288482954498819,11.145500027713975,576.3137321715691,2.016042253663466,65.12647689881294
Tamil Nadu,Ariyalur,2019,Arhar/Tur,Kharif,217.0,278.0,1.28,1201.390994836133,28.522503069201026,36.26215077052402,22.473227259348224,65.6539540819787,0.4727684126705896,0.3067019623235175,36.37199056157858,0.288482954498819,11.145500027713975,576.3137321715691,2.016042253663466,65.12647689881294
Tamil Nadu,Ariyalur,2019,Arhar/Tur,Rabi,8.0,9.0,1.13,1201.390994836133,28.522503069201026,36.26215077052402,22.473227259348224,65.6539540819787,0.4727684126705896,0.3067019623235175,36.37199056157858,0.288482954498819,11.145500027713975,576.3137321715691,2.016042253663466,65.12647689881294
Tamil Nadu,Ariyalur,2019,Cowpea(Lobia),Kharif,26.0,20.0,0.77,1201.390994836133,28.522503069201026,36.26215077052402,22.473227259348224,65.6539540819787,0.4727684126705896,0.3067019623235175,36.37199056157858,0.288482954498819,11.145500027713975,576.3137321715691,2.016042253663466,65.12647689881294
Tamil Nadu,Ariyalur,2020,Bajra,Kharif,1359.0,4254.0,3.13,1258.3959023043792,28.0622562925348,35.507562685496765,21.886512409822124,68.17550714146256,0.5150044157469518,0.329722880378429,35.41298234713087,0.302150684148855,13.674199164702596,563.5920912027303,2.016042253663466,65.12647689881294
Tamil Nadu,Ariyalur,2020,Bajra,Rabi,5.0,8.0,1.6,1258.3959023043792,28.0622562925348,35.507562685496765,21.886512409822124,68.17550714146256,0.5150044157469518,0.329722880378429,35.41298234713087,0.302150684148855,13.674199164702596,563.5920912027303,2.016042253663466,65.12647689881294
Tamil Nadu,Ariyalur,2020,Castor seed,Kharif,73.0,23.0,0.32,1258.3959023043792,28.0622562925348,35.507562685496765,21.886512409822124,68.17550714146256,0.5150044157469518,0.329722880378429,35.41298234713087,0.302150684148855,13.674199164702596,563.5920912027303,2.016042253663466,65.12647689881294
Tamil Nadu,Ariyalur,2020,Cotton(lint),Kharif,5552.0,8666.0,1.56,1258.3959023043792,28.0622562925348,35.507562685496765,21.886512409822124,68.17550714146256,0.5150044157469518,0.329722880378429,35.41298234713087,0.302150684148855,13.674199164702596,563.5920912027303,2.016042253663466,65.12647689881294
Tamil Nadu,Ariyalur,2020,Cotton(lint),Rabi,1145.0,2768.0,2.42,1258.3959023043792,28.0622562925348,35.507562685496765,21.886512409822124,68.17550714146256,0.5150044157469518,0.329722880378429,35.41298234713087,0.302150684148855,13.674199164702596,563.5920912027303,2.016042253663466,65.12647689881294
Tamil Nadu,Ariyalur,2020,Groundnut,Kharif,4161.0,13506.0,3.25,1258.3959023043792,28.0622562925348,35.507562685496765,21.886512409822124,68.17550714146256,0.5150044157469518,0.329722880378429,35.41298234713087,0.302150684148855,13.674199164702596,563.5920912027303,2.016042253663466,65.12647689881294
Tamil Nadu,Ariyalur,2020,Groundnut,Rabi,7642.0,29404.0,3.85,1258.3959023043792,28.0622562925348,35.507562685496765,21.886512409822124,68.17550714146256,0.5150044157469518,0.329722880378429,35.41298234713087,0.302150684148855,13.674199164702596,563.5920912027303,2.016042253663466,65.12647689881294
Tamil Nadu,Ariyalur,2020,Horse-gram,Rabi,8.0,6.0,0.75,1258.3959023043792,28.0622562925348,35.507562685496765,21.886512409822124,68.17550714146256,0.5150044157469518,0.329722880378429,35.41298234713087,0.302150684148855,13.674199164702596,563.5920912027303,2.016042253663466,65.12647689881294
Tamil Nadu,Ariyalur,2020,Jowar,Kharif,20.0,22.0,1.1,1258.3959023043792,28.0622562925348,35.507562685496765,21.886512409822124,68.17550714146256,0.5150044157469518,0.329722880378429,35.41298234713087,0.302150684148855,13.674199164702596,563.5920912027303,2.016042253663466,65.12647689881294
Tamil Nadu,Ariyalur,2020,Jowar,Rabi,11.0,10.0,0.91,1258.3959023043792,28.0622562925348,35.507562685496765,21.886512409822124,68.17550714146256,0.5150044157469518,0.329722880378429,35.41298234713087,0.302150684148855,13.674199164702596,563.5920912027303,2.016042253663466,65.12647689881294
Tamil Nadu,Ariyalur,2020,Maize,Kharif,16845.0,55807.0,3.31,1258.3959023043792,28.0622562925348,35.507562685496765,21.886512409822124,68.17550714146256,0.5150044157469518,0.329722880378429,35.41298234713087,0.302150684148855,13.674199164702596,563.5920912027303,2.016042253663466,65.12647689881294
Tamil Nadu,Ariyalur,2020,Maize,Rabi,719.0,3799.0,5.28,1258.3959023043792,28.0622562925348,35.507562685496765,21.886512409822124,68.17550714146256,0.5150044157469518,0.329722880378429,35.41298234713087,0.302150684148855,13.674199164702596,563.5920912027303,2.016042253663466,65.12647689881294
Tamil Nadu,Ariyalur,2020,Moong(Green Gram),Kharif,4.0,3.0,0.75,1258.3959023043792,28.0622562925348,35.507562685496765,21.886512409822124,68.17550714146256,0.5150044157469518,0.329722880378429,35.41298234713087,0.302150684148855,13.674199164702596,563.5920912027303,2.016042253663466,65.12647689881294
Tamil Nadu,Ariyalur,2020,Onion,Kharif,62.0,609.0,9.82,1258.3959023043792,28.0622562925348,35.507562685496765,21.886512409822124,68.17550714146256,0.5150044157469518,0.329722880378429,35.41298234713087,0.302150684148855,13.674199164702596,563.5920912027303,2.016042253663466,65.12647689881294
Tamil Nadu,Ariyalur,2020,Onion,Rabi,10.0,55.0,5.5,1258.3959023043792,28.0622562925348,35.507562685496765,21.886512409822124,68.17550714146256,0.5150044157469518,0.329722880378429,35.41298234713087,0.302150684148855,13.674199164702596,563.5920912027303,2.016042253663466,65.12647689881294
Tamil Nadu,Ariyalur,2020,Ragi,Kharif,31.0,101.0,3.26,1258.3959023043792,28.0622562925348,35.507562685496765,21.886512409822124,68.17550714146256,0.5150044157469518,0.329722880378429,35.41298234713087,0.302150684148855,13.674199164702596,563.5920912027303,2.016042253663466,65.12647689881294
Tamil Nadu,Ariyalur,2020,Ragi,Rabi,2.0,9.0,4.5,1258.3959023043792,28.0622562925348,35.507562685496765,21.886512409822124,68.17550714146256,0.5150044157469518,0.329722880378429,35.41298234713087,0.302150684148855,13.674199164702596,563.5920912027303,2.016042253663466,65.12647689881294
Tamil Nadu,Ariyalur,2020,Rice,Autumn,3427.0,15915.0,4.64,1258.3959023043792,28.0622562925348,35.507562685496765,21.886512409822124,68.17550714146256,0.5150044157469518,0.329722880378429,35.41298234713087,0.302150684148855,13.674199164702596,563.5920912027303,2.016042253663466,65.12647689881294
Tamil Nadu,Ariyalur,2020,Rice,Winter,20297.0,57225.0,2.82,1258.3959023043792,28.0622562925348,35.507562685496765,21.886512409822124,68.17550714146256,0.5150044157469518,0.329722880378429,35.41298234713087,0.302150684148855,13.674199164702596,563.5920912027303,2.016042253663466,65.12647689881294
Tamil Nadu,Ariyalur,2020,Sesamum,Kharif,941.0,565.0,0.6,1258.3959023043792,28.0622562925348,35.507562685496765,21.886512409822124,68.17550714146256,0.5150044157469518,0.329722880378429,35.41298234713087,0.302150684148855,13.674199164702596,563.5920912027303,2.016042253663466,65.12647689881294
Tamil Nadu,Ariyalur,2020,Sesamum,Rabi,928.0,625.0,0.67,1258.3959023043792,28.0622562925348,35.507562685496765,21.886512409822124,68.17550714146256,0.5150044157469518,0.329722880378429,35.41298234713087,0.302150684148855,13.674199164702596,563.5920912027303,2.016042253663466,65.12647689881294
Tamil Nadu,Ariyalur,2020,Small millets,Kharif,80.0,124.0,1.55,1258.3959023043792,28.0622562925348,35.507562685496765,21.886512409822124,68.17550714146256,0.5150044157469518,0.329722880378429,35.41298234713087,0.302150684148855,13.674199164702596,563.5920912027303,2.016042253663466,65.12647689881294
Tamil Nadu,Ariyalur,2020,Small millets,Rabi,17.0,26.0,1.53,1258.3959023043792,28.0622562925348,35.507562685496765,21.886512409822124,68.17550714146256,0.5150044157469518,0.329722880378429,35.41298234713087,0.302150684148855,13.674199164702596,563.5920912027303,2.016042253663466,65.12647689881294
Tamil Nadu,Ariyalur,2020,Sunflower,Kharif,140.0,247.0,1.76,1258.3959023043792,28.0622562925348,35.507562685496765,21.886512409822124,68.17550714146256,0.5150044157469518,0.329722880378429,35.41298234713087,0.302150684148855,13.674199164702596,563.5920912027303,2.016042253663466,65.12647689881294
Tamil Nadu,Ariyalur,2020,Urad,Kharif,246.0,219.0,0.89,1258.3959023043792,28.0622562925348,35.507562685496765,21.886512409822124,68.17550714146256,0.5150044157469518,0.329722880378429,35.41298234713087,0.302150684148855,13.674199164702596,563.5920912027303,2.016042253663466,65.12647689881294
Tamil Nadu,Ariyalur,2020,Urad,Rabi,8227.0,4340.0,0.53,1258.3959023043792,28.0622562925348,35.507562685496765,21.886512409822124,68.17550714146256,0.5150044157469518,0.329722880378429,35.41298234713087,0.302150684148855,13.674199164702596,563.5920912027303,2.016042253663466,65.12647689881294
Tamil Nadu,Ariyalur,2020,Arhar/Tur,Kharif,118.0,125.0,1.06,1258.3959023043792,28.0622562925348,35.507562685496765,21.886512409822124,68.17550714146256,0.5150044157469518,0.329722880378429,35.41298234713087,0.302150684148855,13.674199164702596,563.5920912027303,2.016042253663466,65.12647689881294
Tamil Nadu,Ariyalur,2020,Arhar/Tur,Rabi,10.0,9.0,0.9,1258.3959023043792,28.0622562925348,35.507562685496765,21.886512409822124,68.17550714146256,0.5150044157469518,0.329722880378429,35.41298234713087,0.302150684148855,13.674199164702596,563.5920912027303,2.016042253663466,65.12647689881294
Tamil Nadu,Ariyalur,2020,Cowpea(Lobia),Rabi,8.0,5.0,0.63,1258.3959023043792,28.0622562925348,35.507562685496765,21.886512409822124,68.17550714146256,0.5150044157469518,0.329722880378429,35.41298234713087,0.302150684148855,13.674199164702596,563.5920912027303,2.016042253663466,65.12647689881294
Tamil Nadu,Ariyalur,2021,Bajra,Kharif,1255.0,4072.0,3.24,1748.0114380899022,27.7882827290689,35.48214789747927,21.82779691004073,68.5368774917287,0.5112357980758807,0.3269265119198237,34.687686654321425,0.3189277529548387,13.619283687813518,554.8635468241399,2.016042253663466,65.12647689881294
Tamil Nadu,Ariyalur,2021,Bajra,Rabi,10.0,24.0,2.4,1748.0114380899022,27.7882827290689,35.48214789747927,21.82779691004073,68.5368774917287,0.5112357980758807,0.3269265119198237,34.687686654321425,0.3189277529548387,13.619283687813518,554.8635468241399,2.016042253663466,65.12647689881294
Tamil Nadu,Ariyalur,2021,Castor seed,Kharif,96.0,31.0,0.32,1748.0114380899022,27.7882827290689,35.48214789747927,21.82779691004073,68.5368774917287,0.5112357980758807,0.3269265119198237,34.687686654321425,0.3189277529548387,13.619283687813518,554.8635468241399,2.016042253663466,65.12647689881294
Tamil Nadu,Ariyalur,2021,Cotton(lint),Kharif,6961.0,10219.0,1.47,1748.0114380899022,27.7882827290689,35.48214789747927,21.82779691004073,68.5368774917287,0.5112357980758807,0.3269265119198237,34.687686654321425,0.3189277529548387,13.619283687813518,554.8635468241399,2.016042253663466,65.12647689881294
Tamil Nadu,Ariyalur,2021,Cotton(lint),Rabi,455.0,1085.0,2.38,1748.0114380899022,27.7882827290689,35.48214789747927,21.82779691004073,68.5368774917287,0.5112357980758807,0.3269265119198237,34.687686654321425,0.3189277529548387,13.619283687813518,554.8635468241399,2.016042253663466,65.12647689881294
Tamil Nadu,Ariyalur,2021,Groundnut,Kharif,4494.0,14967.0,3.33,1748.0114380899022,27.7882827290689,35.48214789747927,21.82779691004073,68.5368774917287,0.5112357980758807,0.3269265119198237,34.687686654321425,0.3189277529548387,13.619283687813518,554.8635468241399,2.016042253663466,65.12647689881294
Tamil Nadu,Ariyalur,2021,Groundnut,Rabi,7988.0,43497.0,5.45,1748.0114380899022,27.7882827290689,35.48214789747927,21.82779691004073,68.5368774917287,0.5112357980758807,0.3269265119198237,34.687686654321425,0.3189277529548387,13.619283687813518,554.8635468241399,2.016042253663466,65.12647689881294
Tamil Nadu,Ariyalur,2021,Horse-gram,Rabi,1.0,1.0,1.0,1748.0114380899022,27.7882827290689,35.48214789747927,21.82779691004073,68.5368774917287,0.5112357980758807,0.3269265119198237,34.687686654321425,0.3189277529548387,13.619283687813518,554.8635468241399,2.016042253663466,65.12647689881294
Tamil Nadu,Ariyalur,2021,Jowar,Kharif,25.0,27.0,1.08,1748.0114380899022,27.7882827290689,35.48214789747927,21.82779691004073,68.5368774917287,0.5112357980758807,0.3269265119198237,34.687686654321425,0.3189277529548387,13.619283687813518,554.8635468241399,2.016042253663466,65.12647689881294
Tamil Nadu,Ariyalur,2021,Jowar,Rabi,3.0,2.0,0.67,1748.0114380899022,27.7882827290689,35.48214789747927,21.82779691004073,68.5368774917287,0.5112357980758807,0.3269265119198237,34.687686654321425,0.3189277529548387,13.619283687813518,554.8635468241399,2.016042253663466,65.12647689881294
Tamil Nadu,Ariyalur,2021,Maize,Kharif,15621.0,93389.0,5.98,1748.0114380899022,27.7882827290689,35.48214789747927,21.82779691004073,68.5368774917287,0.5112357980758807,0.3269265119198237,34.687686654321425,0.3189277529548387,13.619283687813518,554.8635468241399,2.016042253663466,65.12647689881294
Tamil Nadu,Ariyalur,2021,Maize,Rabi,2509.0,15225.0,6.07,1748.0114380899022,27.7882827290689,35.48214789747927,21.82779691004073,68.5368774917287,0.5112357980758807,0.3269265119198237,34.687686654321425,0.3189277529548387,13.619283687813518,554.8635468241399,2.016042253663466,65.12647689881294
Tamil Nadu,Ariyalur,2021,Moong(Green Gram),Kharif,2.0,1.0,0.5,1748.0114380899022,27.7882827290689,35.48214789747927,21.82779691004073,68.5368774917287,0.5112357980758807,0.3269265119198237,34.687686654321425,0.3189277529548387,13.619283687813518,554.8635468241399,2.016042253663466,65.12647689881294
Tamil Nadu,Ariyalur,2021,Moong(Green Gram),Rabi,4.0,1.0,0.25,1748.0114380899022,27.7882827290689,35.48214789747927,21.82779691004073,68.5368774917287,0.5112357980758807,0.3269265119198237,34.687686654321425,0.3189277529548387,13.619283687813518,554.8635468241399,2.016042253663466,65.12647689881294
Tamil Nadu,Ariyalur,2021,Onion,Kharif,114.0,1038.0,9.11,1748.0114380899022,27.7882827290689,35.48214789747927,21.82779691004073,68.5368774917287,0.5112357980758807,0.3269265119198237,34.687686654321425,0.3189277529548387,13.619283687813518,554.8635468241399,2.016042253663466,65.12647689881294
Tamil Nadu,Ariyalur,2021,Onion,Rabi,28.0,172.0,6.14,1748.0114380899022,27.7882827290689,35.48214789747927,21.82779691004073,68.5368774917287,0.5112357980758807,0.3269265119198237,34.687686654321425,0.3189277529548387,13.619283687813518,554.8635468241399,2.016042253663466,65.12647689881294
Tamil Nadu,Ariyalur,2021,Ragi,Kharif,7.0,23.0,3.29,1748.0114380899022,27.7882827290689,35.48214789747927,21.82779691004073,68.5368774917287,0.5112357980758807,0.3269265119198237,34.687686654321425,0.3189277529548387,13.619283687813518,554.8635468241399,2.016042253663466,65.12647689881294
Tamil Nadu,Ariyalur,2021,Ragi,Rabi,4.0,19.0,4.75,1748.0114380899022,27.7882827290689,35.48214789747927,21.82779691004073,68.5368774917287,0.5112357980758807,0.3269265119198237,34.687686654321425,0.3189277529548387,13.619283687813518,554.8635468241399,2.016042253663466,65.12647689881294
Tamil Nadu,Ariyalur,2021,Rice,Autumn,3933.0,14244.0,3.62,1748.0114380899022,27.7882827290689,35.48214789747927,21.82779691004073,68.5368774917287,0.5112357980758807,0.3269265119198237,34.687686654321425,0.3189277529548387,13.619283687813518,554.8635468241399,2.016042253663466,65.12647689881294
Tamil Nadu,Ariyalur,2021,Rice,Winter,21226.0,90008.0,4.24,1748.0114380899022,27.7882827290689,35.48214789747927,21.82779691004073,68.5368774917287,0.5112357980758807,0.3269265119198237,34.687686654321425,0.3189277529548387,13.619283687813518,554.8635468241399,2.016042253663466,65.12647689881294
Tamil Nadu,Ariyalur,2021,Sesamum,Kharif,708.0,480.0,0.68,1748.0114380899022,27.7882827290689,35.48214789747927,21.82779691004073,68.5368774917287,0.5112357980758807,0.3269265119198237,34.687686654321425,0.3189277529548387,13.619283687813518,554.8635468241399,2.016042253663466,65.12647689881294
Tamil Nadu,Ariyalur,2021,Sesamum,Rabi,1198.0,670.0,0.56,1748.0114380899022,27.7882827290689,35.48214789747927,21.82779691004073,68.5368774917287,0.5112357980758807,0.3269265119198237,34.687686654321425,0.3189277529548387,13.619283687813518,554.8635468241399,2.016042253663466,65.12647689881294
Tamil Nadu,Ariyalur,2021,Small millets,Kharif,43.0,73.0,1.7,1748.0114380899022,27.7882827290689,35.48214789747927,21.82779691004073,68.5368774917287,0.5112357980758807,0.3269265119198237,34.687686654321425,0.3189277529548387,13.619283687813518,554.8635468241399,2.016042253663466,65.12647689881294
Tamil Nadu,Ariyalur,2021,Small millets,Rabi,8.0,13.0,1.63,1748.0114380899022,27.7882827290689,35.48214789747927,21.82779691004073,68.5368774917287,0.5112357980758807,0.3269265119198237,34.687686654321425,0.3189277529548387,13.619283687813518,554.8635468241399,2.016042253663466,65.12647689881294
Tamil Nadu,Ariyalur,2021,Sunflower,Kharif,389.0,789.0,2.03,1748.0114380899022,27.7882827290689,35.48214789747927,21.82779691004073,68.5368774917287,0.5112357980758807,0.3269265119198237,34.687686654321425,0.3189277529548387,13.619283687813518,554.8635468241399,2.016042253663466,65.12647689881294
Tamil Nadu,Ariyalur,2021,Sunflower,Rabi,2.0,2.0,1.0,1748.0114380899022,27.7882827290689,35.48214789747927,21.82779691004073,68.5368774917287,0.5112357980758807,0.3269265119198237,34.687686654321425,0.3189277529548387,13.619283687813518,554.8635468241399,2.016042253663466,65.12647689881294
Tamil Nadu,Ariyalur,2021,Urad,Kharif,231.0,204.0,0.88,1748.0114380899022,27.7882827290689,35.48214789747927,21.82779691004073,68.5368774917287,0.5112357980758807,0.3269265119198237,34.687686654321425,0.3189277529548387,13.619283687813518,554.8635468241399,2.016042253663466,65.12647689881294
Tamil Nadu,Ariyalur,2021,Urad,Rabi,9436.0,5952.0,0.63,1748.0114380899022,27.7882827290689,35.48214789747927,21.82779691004073,68.5368774917287,0.5112357980758807,0.3269265119198237,34.687686654321425,0.3189277529548387,13.619283687813518,554.8635468241399,2.016042253663466,65.12647689881294
Tamil Nadu,Ariyalur,2021,Arhar/Tur,Kharif,123.0,115.0,0.93,1748.0114380899022,27.7882827290689,35.48214789747927,21.82779691004073,68.5368774917287,0.5112357980758807,0.3269265119198237,34.687686654321425,0.3189277529548387,13.619283687813518,554.8635468241399,2.016042253663466,65.12647689881294
Tamil Nadu,Ariyalur,2021,Arhar/Tur,Rabi,36.0,34.0,0.94,1748.0114380899022,27.7882827290689,35.48214789747927,21.82779691004073,68.5368774917287,0.5112357980758807,0.3269265119198237,34.687686654321425,0.3189277529548387,13.619283687813518,554.8635468241399,2.016042253663466,65.12647689881294
Tamil Nadu,Ariyalur,2022,Bajra,Kharif,1205.0,3834.0,3.18,1243.36774751048,27.6043716136077,35.28028256486839,21.53771577274219,70.18523327634954,0.5223678304551319,0.3392616675555711,34.214475135106895,0.3187626124909888,14.3646933584452,562.9529239656424,2.016042253663466,65.12647689881294
Tamil Nadu,Ariyalur,2022,Bajra,Rabi,26.0,52.0,2.0,1243.36774751048,27.6043716136077,35.28028256486839,21.53771577274219,70.18523327634954,0.5223678304551319,0.3392616675555711,34.214475135106895,0.3187626124909888,14.3646933584452,562.9529239656424,2.016042253663466,65.12647689881294
Tamil Nadu,Ariyalur,2022,Castor seed,Kharif,95.0,29.0,0.31,1243.36774751048,27.6043716136077,35.28028256486839,21.53771577274219,70.18523327634954,0.5223678304551319,0.3392616675555711,34.214475135106895,0.3187626124909888,14.3646933584452,562.9529239656424,2.016042253663466,65.12647689881294
Tamil Nadu,Ariyalur,2022,Cotton(lint),Kharif,7747.0,13272.0,1.71,1243.36774751048,27.6043716136077,35.28028256486839,21.53771577274219,70.18523327634954,0.5223678304551319,0.3392616675555711,34.214475135106895,0.3187626124909888,14.3646933584452,562.9529239656424,2.016042253663466,65.12647689881294
Tamil Nadu,Ariyalur,2022,Cotton(lint),Rabi,694.0,1243.0,1.79,1243.36774751048,27.6043716136077,35.28028256486839,21.53771577274219,70.18523327634954,0.5223678304551319,0.3392616675555711,34.214475135106895,0.3187626124909888,14.3646933584452,562.9529239656424,2.016042253663466,65.12647689881294
Tamil Nadu,Ariyalur,2022,Groundnut,Kharif,4519.0,15709.0,3.48,1243.36774751048,27.6043716136077,35.28028256486839,21.53771577274219,70.18523327634954,0.5223678304551319,0.3392616675555711,34.214475135106895,0.3187626124909888,14.3646933584452,562.9529239656424,2.016042253663466,65.12647689881294
Tamil Nadu,Ariyalur,2022,Groundnut,Rabi,8224.0,38490.0,4.68,1243.36774751048,27.6043716136077,35.28028256486839,21.53771577274219,70.18523327634954,0.5223678304551319,0.3392616675555711,34.214475135106895,0.3187626124909888,14.3646933584452,562.9529239656424,2.016042253663466,65.12647689881294
Tamil Nadu,Ariyalur,2022,Horse-gram,Rabi,6.0,5.0,0.83,1243.36774751048,27.6043716136077,35.28028256486839,21.53771577274219,70.18523327634954,0.5223678304551319,0.3392616675555711,34.214475135106895,0.3187626124909888,14.3646933584452,562.9529239656424,2.016042253663466,65.12647689881294
Tamil Nadu,Ariyalur,2022,Jowar,Kharif,47.0,39.0,0.83,1243.36774751048,27.6043716136077,35.28028256486839,21.53771577274219,70.18523327634954,0.5223678304551319,0.3392616675555711,34.214475135106895,0.3187626124909888,14.3646933584452,562.9529239656424,2.016042253663466,65.12647689881294
Tamil Nadu,Ariyalur,2022,Jowar,Rabi,2.0,1.0,0.5,1243.36774751048,27.6043716136077,35.28028256486839,21.53771577274219,70.18523327634954,0.5223678304551319,0.3392616675555711,34.214475135106895,0.3187626124909888,14.3646933584452,562.9529239656424,2.016042253663466,65.12647689881294
Tamil Nadu,Ariyalur,2022,Maize,Kharif,15676.0,101591.0,6.48,1243.36774751048,27.6043716136077,35.28028256486839,21.53771577274219,70.18523327634954,0.5223678304551319,0.3392616675555711,34.214475135106895,0.3187626124909888,14.3646933584452,562.9529239656424,2.016042253663466,65.12647689881294
Tamil Nadu,Ariyalur,2022,Maize,Rabi,2146.0,13176.0,6.14,1243.36774751048,27.6043716136077,35.28028256486839,21.53771577274219,70.18523327634954,0.5223678304551319,0.3392616675555711,34.214475135106895,0.3187626124909888,14.3646933584452,562.9529239656424,2.016042253663466,65.12647689881294
Tamil Nadu,Ariyalur,2022,Moong(Green Gram),Kharif,4.0,3.0,0.75,1243.36774751048,27.6043716136077,35.28028256486839,21.53771577274219,70.18523327634954,0.5223678304551319,0.3392616675555711,34.214475135106895,0.3187626124909888,14.3646933584452,562.9529239656424,2.016042253663466,65.12647689881294
Tamil Nadu,Ariyalur,2022,Onion,Kharif,58.0,553.0,9.53,1243.36774751048,27.6043716136077,35.28028256486839,21.53771577274219,70.18523327634954,0.5223678304551319,0.3392616675555711,34.214475135106895,0.3187626124909888,14.3646933584452,562.9529239656424,2.016042253663466,65.12647689881294
Tamil Nadu,Ariyalur,2022,Onion,Rabi,13.0,99.0,7.62,1243.36774751048,27.6043716136077,35.28028256486839,21.53771577274219,70.18523327634954,0.5223678304551319,0.3392616675555711,34.214475135106895,0.3187626124909888,14.3646933584452,562.9529239656424,2.016042253663466,65.12647689881294
Tamil Nadu,Ariyalur,2022,Other Kharif pulses,Kharif,2.0,1.0,0.5,1243.36774751048,27.6043716136077,35.28028256486839,21.53771577274219,70.18523327634954,0.5223678304551319,0.3392616675555711,34.214475135106895,0.3187626124909888,14.3646933584452,562.9529239656424,2.016042253663466,65.12647689881294
Tamil Nadu,Ariyalur,2022,Ragi,Kharif,21.0,58.0,2.76,1243.36774751048,27.6043716136077,35.28028256486839,21.53771577274219,70.18523327634954,0.5223678304551319,0.3392616675555711,34.214475135106895,0.3187626124909888,14.3646933584452,562.9529239656424,2.016042253663466,65.12647689881294
Tamil Nadu,Ariyalur,2022,Ragi,Rabi,2.0,9.0,4.5,1243.36774751048,27.6043716136077,35.28028256486839,21.53771577274219,70.18523327634954,0.5223678304551319,0.3392616675555711,34.214475135106895,0.3187626124909888,14.3646933584452,562.9529239656424,2.016042253663466,65.12647689881294
Tamil Nadu,Ariyalur,2022,Rice,Autumn,3819.0,13895.0,3.64,1243.36774751048,27.6043716136077,35.28028256486839,21.53771577274219,70.18523327634954,0.5223678304551319,0.3392616675555711,34.214475135106895,0.3187626124909888,14.3646933584452,562.9529239656424,2.016042253663466,65.12647689881294
Tamil Nadu,Ariyalur,2022,Rice,Winter,21680.0,87607.0,4.04,1243.36774751048,27.6043716136077,35.28028256486839,21.53771577274219,70.18523327634954,0.5223678304551319,0.3392616675555711,34.214475135106895,0.3187626124909888,14.3646933584452,562.9529239656424,2.016042253663466,65.12647689881294
Tamil Nadu,Ariyalur,2022,Sesamum,Kharif,208.0,96.0,0.46,1243.36774751048,27.6043716136077,35.28028256486839,21.53771577274219,70.18523327634954,0.5223678304551319,0.3392616675555711,34.214475135106895,0.3187626124909888,14.3646933584452,562.9529239656424,2.016042253663466,65.12647689881294
Tamil Nadu,Ariyalur,2022,Sesamum,Rabi,1328.0,714.0,0.54,1243.36774751048,27.6043716136077,35.28028256486839,21.53771577274219,70.18523327634954,0.5223678304551319,0.3392616675555711,34.214475135106895,0.3187626124909888,14.3646933584452,562.9529239656424,2.016042253663466,65.12647689881294
Tamil Nadu,Ariyalur,2022,Small millets,Kharif,44.0,87.0,1.98,1243.36774751048,27.6043716136077,35.28028256486839,21.53771577274219,70.18523327634954,0.5223678304551319,0.3392616675555711,34.214475135106895,0.3187626124909888,14.3646933584452,562.9529239656424,2.016042253663466,65.12647689881294
Tamil Nadu,Ariyalur,2022,Small millets,Rabi,3.0,6.0,2.0,1243.36774751048,27.6043716136077,35.28028256486839,21.53771577274219,70.18523327634954,0.5223678304551319,0.3392616675555711,34.214475135106895,0.3187626124909888,14.3646933584452,562.9529239656424,2.016042253663466,65.12647689881294
Tamil Nadu,Ariyalur,2022,Sunflower,Kharif,428.0,681.0,1.59,1243.36774751048,27.6043716136077,35.28028256486839,21.53771577274219,70.18523327634954,0.5223678304551319,0.3392616675555711,34.214475135106895,0.3187626124909888,14.3646933584452,562.9529239656424,2.016042253663466,65.12647689881294
Tamil Nadu,Ariyalur,2022,Urad,Kharif,319.0,273.0,0.86,1243.36774751048,27.6043716136077,35.28028256486839,21.53771577274219,70.18523327634954,0.5223678304551319,0.3392616675555711,34.214475135106895,0.3187626124909888,14.3646933584452,562.9529239656424,2.016042253663466,65.12647689881294
Tamil Nadu,Ariyalur,2022,Urad,Rabi,8402.0,5508.0,0.66,1243.36774751048,27.6043716136077,35.28028256486839,21.53771577274219,70.18523327634954,0.5223678304551319,0.3392616675555711,34.214475135106895,0.3187626124909888,14.3646933584452,562.9529239656424,2.016042253663466,65.12647689881294
Tamil Nadu,Ariyalur,2022,Arhar/Tur,Kharif,105.0,109.0,1.04,1243.36774751048,27.6043716136077,35.28028256486839,21.53771577274219,70.18523327634954,0.5223678304551319,0.3392616675555711,34.214475135106895,0.3187626124909888,14.3646933584452,562.9529239656424,2.016042253663466,65.12647689881294
Tamil Nadu,Ariyalur,2022,Arhar/Tur,Rabi,18.0,19.0,1.06,1243.36774751048,27.6043716136077,35.28028256486839,21.53771577274219,70.18523327634954,0.5223678304551319,0.3392616675555711,34.214475135106895,0.3187626124909888,14.3646933584452,562.9529239656424,2.016042253663466,65.12647689881294
Tamil Nadu,Ariyalur,2022,Cowpea(Lobia),Kharif,12.0,10.0,0.83,1243.36774751048,27.6043716136077,35.28028256486839,21.53771577274219,70.18523327634954,0.5223678304551319,0.3392616675555711,34.214475135106895,0.3187626124909888,14.3646933584452,562.9529239656424,2.016042253663466,65.12647689881294
Tamil Nadu,Ariyalur,2022,Other Rabi pulses,Rabi,50.0,25.0,0.5,1243.36774751048,27.6043716136077,35.28028256486839,21.53771577274219,70.18523327634954,0.5223678304551319,0.3392616675555711,34.214475135106895,0.3187626124909888,14.3646933584452,562.9529239656424,2.016042253663466,65.12647689881294
Tamil Nadu,Ariyalur,2022,Rapeseed &Mustard,Rabi,2.0,0.0,0.0,1243.36774751048,27.6043716136077,35.28028256486839,21.53771577274219,70.18523327634954,0.5223678304551319,0.3392616675555711,34.214475135106895,0.3187626124909888,14.3646933584452,562.9529239656424,2.016042253663466,65.12647689881294
Tamil Nadu,2. Chengalpattu,2019,Maize,Rabi,2.0,11.0,5.5,,,,,,,,,,,,,
Tamil Nadu,2. Chengalpattu,2019,Other Kharif pulses,Kharif,5.0,3.0,0.6,,,,,,,,,,,,,
Tamil Nadu,2. Chengalpattu,2019,Small millets,Kharif,5.0,9.0,1.8,,,,,,,,,,,,,
Tamil Nadu,2. Chengalpattu,2019,Other Cereals,Rabi,4.0,7.0,1.75,,,,,,,,,,,,,
Tamil Nadu,2. Chengalpattu,2020,Bajra,Kharif,9.0,24.0,2.67,,,,,,,,,,,,,
Tamil Nadu,2. Chengalpattu,2020,Bajra,Rabi,4.0,7.0,1.75,,,,,,,,,,,,,
Tamil Nadu,2. Chengalpattu,2020,Castor seed,Kharif,1.0,0.0,0.0,,,,,,,,,,,,,
Tamil Nadu,2. Chengalpattu,2020,Groundnut,Kharif,871.0,1570.0,1.8,,,,,,,,,,,,,
Tamil Nadu,2. Chengalpattu,2020,Groundnut,Rabi,6433.0,28437.0,4.42,,,,,,,,,,,,,
Tamil Nadu,2. Chengalpattu,2020,Jowar,Kharif,1.0,2.0,2.0,,,,,,,,,,,,,
Tamil Nadu,2. Chengalpattu,2020,Moong(Green Gram),Kharif,4.0,3.0,0.75,,,,,,,,,,,,,
Tamil Nadu,2. Chengalpattu,2020,Onion,Rabi,3.0,15.0,5.0,,,,,,,,,,,,,
Tamil Nadu,2. Chengalpattu,2020,Ragi,Kharif,57.0,183.0,3.21,,,,,,,,,,,,,
Tamil Nadu,2. Chengalpattu,2020,Ragi,Rabi,112.0,465.0,4.15,,,,,,,,,,,,,
Tamil Nadu,2. Chengalpattu,2020,Rice,Autumn,7299.0,36868.0,5.05,,,,,,,,,,,,,
Tamil Nadu,2. Chengalpattu,2020,Rice,Winter,18947.0,70861.0,3.74,,,,,,,,,,,,,
Tamil Nadu,2. Chengalpattu,2020,Sesamum,Kharif,184.0,151.0,0.82,,,,,,,,,,,,,
Tamil Nadu,2. Chengalpattu,2020,Sesamum,Rabi,638.0,430.0,0.67,,,,,,,,,,,,,
Tamil Nadu,2. Chengalpattu,2020,Small millets,Kharif,13.0,13.0,1.0,,,,,,,,,,,,,
Tamil Nadu,2. Chengalpattu,2020,Urad,Kharif,361.0,322.0,0.89,,,,,,,,,,,,,
Tamil Nadu,2. Chengalpattu,2020,Urad,Rabi,963.0,498.0,0.52,,,,,,,,,,,,,
Tamil Nadu,2. Chengalpattu,2020,Arhar/Tur,Rabi,2.0,2.0,1.0,,,,,,,,,,,,,
Tamil Nadu,2. Chengalpattu,2020,Cowpea(Lobia),Rabi,2.0,2.0,1.0,,,,,,,,,,,,,
Tamil Nadu,2. Chengalpattu,2020,Other Rabi pulses,Rabi,1.0,1.0,1.0,,,,,,,,,,,,,
Tamil Nadu,2. Chengalpattu,2021,Bajra,Kharif,19.0,47.0,2.47,,,,,,,,,,,,,
Tamil Nadu,2. Chengalpattu,2021,Cotton(lint),Rabi,21.0,51.0,2.43,,,,,,,,,,,,,
Tamil Nadu,2. Chengalpattu,2021,Groundnut,Kharif,895.0,3536.0,3.95,,,,,,,,,,,,,
Tamil Nadu,2. Chengalpattu,2021,Groundnut,Rabi,7061.0,32960.0,4.67,,,,,,,,,,,,,
Tamil Nadu,2. Chengalpattu,2021,Jowar,Kharif,4.0,4.0,1.0,,,,,,,,,,,,,
Tamil Nadu,2. Chengalpattu,2021,Jowar,Rabi,1.0,1.0,1.0,,,,,,,,,,,,,
Tamil Nadu,2. Chengalpattu,2021,Maize,Kharif,8.0,64.0,8.0,,,,,,,,,,,,,
Tamil Nadu,2. Chengalpattu,2021,Maize,Rabi,9.0,52.0,5.78,,,,,,,,,,,,,
Tamil Nadu,2. Chengalpattu,2021,Moong(Green Gram),Kharif,9.0,8.0,0.89,,,,,,,,,,,,,
Tamil Nadu,2. Chengalpattu,2021,Moong(Green Gram),Rabi,6.0,2.0,0.33,,,,,,,,,,,,,
Tamil Nadu,2. Chengalpattu,2021,Onion,Kharif,4.0,43.0,10.75,,,,,,,,,,,,,
Tamil Nadu,2. Chengalpattu,2021,Onion,Rabi,2.0,13.0,6.5,,,,,,,,,,,,,
Tamil Nadu,2. Chengalpattu,2021,Ragi,Kharif,135.0,377.0,2.79,,,,,,,,,,,,,
Tamil Nadu,2. Chengalpattu,2021,Ragi,Rabi,29.0,118.0,4.07,,,,,,,,,,,,,
Tamil Nadu,2. Chengalpattu,2021,Rice,Autumn,10117.0,40919.0,4.04,,,,,,,,,,,,,
Tamil Nadu,2. Chengalpattu,2021,Rice,Winter,15181.0,61364.0,4.04,,,,,,,,,,,,,
Tamil Nadu,2. Chengalpattu,2021,Sesamum,Kharif,293.0,263.0,0.9,,,,,,,,,,,,,
Tamil Nadu,2. Chengalpattu,2021,Sesamum,Rabi,430.0,240.0,0.56,,,,,,,,,,,,,
Tamil Nadu,2. Chengalpattu,2021,Small millets,Kharif,11.0,19.0,1.73,,,,,,,,,,,,,
Tamil Nadu,2. Chengalpattu,2021,Urad,Kharif,384.0,338.0,0.88,,,,,,,,,,,,,
Tamil Nadu,2. Chengalpattu,2021,Urad,Rabi,1340.0,850.0,0.63,,,,,,,,,,,,,
Tamil Nadu,2. Chengalpattu,2021,Other Cereals,Rabi,38.0,65.0,1.71,,,,,,,,,,,,,
Tamil Nadu,2. Chengalpattu,2021,Cowpea(Lobia),Kharif,2.0,2.0,1.0,,,,,,,,,,,,,
Tamil Nadu,2. Chengalpattu,2021,Cowpea(Lobia),Rabi,2.0,1.0,0.5,,,,,,,,,,,,,
Tamil Nadu,2. Chengalpattu,2022,Bajra,Kharif,12.0,33.0,2.75,,,,,,,,,,,,,
Tamil Nadu,2. Chengalpattu,2022,Bajra,Rabi,1.0,2.0,2.0,,,,,,,,,,,,,
Tamil Nadu,2. Chengalpattu,2022,Cotton(lint),Kharif,23.0,45.0,1.96,,,,,,,,,,,,,
Tamil Nadu,2. Chengalpattu,2022,Groundnut,Kharif,808.0,2899.0,3.59,,,,,,,,,,,,,
Tamil Nadu,2. Chengalpattu,2022,Groundnut,Rabi,6107.0,34719.0,5.69,,,,,,,,,,,,,
Tamil Nadu,2. Chengalpattu,2022,Jowar,Kharif,2.0,2.0,1.0,,,,,,,,,,,,,
Tamil Nadu,2. Chengalpattu,2022,Maize,Kharif,5.0,39.0,7.8,,,,,,,,,,,,,
Tamil Nadu,2. Chengalpattu,2022,Moong(Green Gram),Kharif,2.0,1.0,0.5,,,,,,,,,,,,,
Tamil Nadu,2. Chengalpattu,2022,Moong(Green Gram),Rabi,3.0,1.0,0.33,,,,,,,,,,,,,
Tamil Nadu,2. Chengalpattu,2022,Onion,Rabi,2.0,15.0,7.5,,,,,,,,,,,,,
Tamil Nadu,2. Chengalpattu,2022,Other Kharif pulses,Kharif,2.0,2.0,1.0,,,,,,,,,,,,,
Tamil Nadu,2. Chengalpattu,2022,Ragi,Kharif,84.0,223.0,2.65,,,,,,,,,,,,,
Tamil Nadu,2. Chengalpattu,2022,Ragi,Rabi,17.0,71.0,4.18,,,,,,,,,,,,,
Tamil Nadu,2. Chengalpattu,2022,Rice,Autumn,11342.0,49170.0,4.34,,,,,,,,,,,,,
Tamil Nadu,2. Chengalpattu,2022,Rice,Winter,14719.0,60162.0,4.09,,,,,,,,,,,,,
Tamil Nadu,2. Chengalpattu,2022,Sesamum,Kharif,262.0,170.0,0.65,,,,,,,,,,,,,
Tamil Nadu,2. Chengalpattu,2022,Sesamum,Rabi,439.0,236.0,0.54,,,,,,,,,,,,,
Tamil Nadu,2. Chengalpattu,2022,Small millets,Kharif,6.0,11.0,1.83,,,,,,,,,,,,,
Tamil Nadu,2. Chengalpattu,2022,Urad,Kharif,365.0,313.0,0.86,,,,,,,,,,,,,
Tamil Nadu,2. Chengalpattu,2022,Urad,Rabi,1240.0,812.0,0.65,,,,,,,,,,,,,
Tamil Nadu,2. Chengalpattu,2022,Arhar/Tur,Rabi,5.0,5.0,1.0,,,,,,,,,,,,,
Tamil Nadu,2. Chengalpattu,2022,Cowpea(Lobia),Kharif,1.0,1.0,1.0,,,,,,,,,,,,,
Tamil Nadu,2. Chengalpattu,2022,Other Rabi pulses,Rabi,74.0,37.0,0.5,,,,,,,,,,,,,
Tamil Nadu,3. Chennai,2018,Moong(Green Gram),Rabi,2.0,,0.0,,,,,,,,,,,,,
Tamil Nadu,3. Chennai,2018,Rice,Autumn,85.0,,0.0,,,,,,,,,,,,,
Tamil Nadu,3. Chennai,2018,Rice,Winter,151.0,,0.0,,,,,,,,,,,,,
Tamil Nadu,3. Chennai,2018,Sesamum,Kharif,1.0,,0.0,,,,,,,,,,,,,
Tamil Nadu,3. Chennai,2018,Sesamum,Rabi,5.0,,0.0,,,,,,,,,,,,,
Tamil Nadu,3. Chennai,2019,Rice,Autumn,20.0,,0.0,,,,,,,,,,,,,
Tamil Nadu,3. Chennai,2019,Rice,Winter,90.0,,0.0,,,,,,,,,,,,,
Tamil Nadu,3. Chennai,2020,Rice,Autumn,9.0,0.0,0.0,,,,,,,,,,,,,
Tamil Nadu,3. Chennai,2020,Rice,Winter,89.0,0.0,0.0,,,,,,,,,,,,,
Tamil Nadu,3. Chennai,2020,Sesamum,Rabi,5.0,0.0,0.0,,,,,,,,,,,,,
Tamil Nadu,3. Chennai,2020,Urad,Rabi,1.0,0.0,0.0,,,,,,,,,,,,,
Tamil Nadu,3. Chennai,2021,Urad,Rabi,2.0,0.0,0.0,,,,,,,,,,,,,
Tamil Nadu,3. Chennai,2022,Groundnut,Kharif,1.0,2.0,2.0,,,,,,,,,,,,,
Tamil Nadu,3. Chennai,2022,Moong(Green Gram),Kharif,3.0,2.0,0.67,,,,,,,,,,,,,
Tamil Nadu,3. Chennai,2022,Rice,Autumn,11.0,46.0,4.18,,,,,,,,,,,,,
Tamil Nadu,3. Chennai,2022,Rice,Winter,97.0,256.0,2.64,,,,,,,,,,,,,
Tamil Nadu,3. Chennai,2022,Sesamum,Rabi,1.0,1.0,1.0,,,,,,,,,,,,,
Tamil Nadu,4. Coimbatore,2015,Bajra,Kharif,40.0,108.0,2.7,,,,,,,,,,,,,
Tamil Nadu,4. Coimbatore,2015,Bajra,Rabi,26.0,64.0,2.46,,,,,,,,,,,,,
Tamil Nadu,4. Coimbatore,2015,Castor seed,Kharif,23.0,8.0,0.35,,,,,,,,,,,,,
Tamil Nadu,4. Coimbatore,2015,Cotton(lint),Kharif,407.0,833.0,2.05,,,,,,,,,,,,,
Tamil Nadu,4. Coimbatore,2015,Cotton(lint),Rabi,63.0,187.0,2.97,,,,,,,,,,,,,
Tamil Nadu,4. Coimbatore,2015,Groundnut,Kharif,4083.0,8386.0,2.05,,,,,,,,,,,,,
Tamil Nadu,4. Coimbatore,2015,Groundnut,Rabi,794.0,2615.0,3.29,,,,,,,,,,,,,
Tamil Nadu,4. Coimbatore,2015,Horse-gram,Kharif,659.0,391.0,0.59,,,,,,,,,,,,,
Tamil Nadu,4. Coimbatore,2015,Horse-gram,Rabi,1150.0,673.0,0.59,,,,,,,,,,,,,
Tamil Nadu,4. Coimbatore,2015,Jowar,Kharif,15968.0,14579.0,0.91,,,,,,,,,,,,,
Tamil Nadu,4. Coimbatore,2015,Jowar,Rabi,11473.0,7194.0,0.63,,,,,,,,,,,,,
Tamil Nadu,4. Coimbatore,2015,Maize,Kharif,2040.0,14998.0,7.35,,,,,,,,,,,,,
Tamil Nadu,4. Coimbatore,2015,Maize,Rabi,2127.0,14555.0,6.84,,,,,,,,,,,,,
Tamil Nadu,4. Coimbatore,2015,Masoor,Kharif,405.0,411.0,1.01,,,,,,,,,,,,,
Tamil Nadu,4. Coimbatore,2015,Moong(Green Gram),Kharif,681.0,540.0,0.79,,,,,,,,,,,,,
Tamil Nadu,4. Coimbatore,2015,Moong(Green Gram),Rabi,419.0,219.0,0.52,,,,,,,,,,,,,
Tamil Nadu,4. Coimbatore,2015,Onion,Kharif,1011.0,11703.0,11.58,,,,,,,,,,,,,
Tamil Nadu,4. Coimbatore,2015,Onion,Rabi,236.0,1530.0,6.48,,,,,,,,,,,,,
Tamil Nadu,4. Coimbatore,2015,Other Kharif pulses,Kharif,5309.0,3106.0,0.59,,,,,,,,,,,,,
Tamil Nadu,4. Coimbatore,2015,Ragi,Kharif,16.0,48.0,3.0,,,,,,,,,,,,,
Tamil Nadu,4. Coimbatore,2015,Ragi,Rabi,6.0,22.0,3.67,,,,,,,,,,,,,
Tamil Nadu,4. Coimbatore,2015,Rice,Kharif,2034.0,7942.0,3.9,,,,,,,,,,,,,
Tamil Nadu,4. Coimbatore,2015,Sesamum,Kharif,425.0,284.0,0.67,,,,,,,,,,,,,
Tamil Nadu,4. Coimbatore,2015,Sesamum,Rabi,19.0,12.0,0.63,,,,,,,,,,,,,
Tamil Nadu,4. Coimbatore,2015,Small millets,Kharif,11.0,14.0,1.27,,,,,,,,,,,,,
Tamil Nadu,4. Coimbatore,2015,Sunflower,Kharif,1.0,1.0,1.0,,,,,,,,,,,,,
Tamil Nadu,4. Coimbatore,2015,Urad,Kharif,180.0,125.0,0.69,,,,,,,,,,,,,
Tamil Nadu,4. Coimbatore,2015,Urad,Rabi,386.0,271.0,0.7,,,,,,,,,,,,,
Tamil Nadu,4. Coimbatore,2015,Gram,Rabi,1001.0,696.0,0.7,,,,,,,,,,,,,
Tamil Nadu,4. Coimbatore,2016,Bajra,Kharif,86.0,254.0,2.95,,,,,,,,,,,,,
Tamil Nadu,4. Coimbatore,2016,Bajra,Rabi,216.0,109.0,0.5,,,,,,,,,,,,,
Tamil Nadu,4. Coimbatore,2016,Castor seed,Kharif,17.0,6.0,0.35,,,,,,,,,,,,,
Tamil Nadu,4. Coimbatore,2016,Cotton(lint),Kharif,379.0,490.0,1.29,,,,,,,,,,,,,
Tamil Nadu,4. Coimbatore,2016,Cotton(lint),Rabi,87.0,129.0,1.48,,,,,,,,,,,,,
Tamil Nadu,4. Coimbatore,2016,Groundnut,Kharif,3090.0,5126.0,1.66,,,,,,,,,,,,,
Tamil Nadu,4. Coimbatore,2016,Groundnut,Rabi,228.0,736.0,3.23,,,,,,,,,,,,,
Tamil Nadu,4. Coimbatore,2016,Horse-gram,Kharif,469.0,150.0,0.32,,,,,,,,,,,,,
Tamil Nadu,4. Coimbatore,2016,Horse-gram,Rabi,1269.0,407.0,0.32,,,,,,,,,,,,,
Tamil Nadu,4. Coimbatore,2016,Jowar,Kharif,12656.0,13159.0,1.04,,,,,,,,,,,,,
Tamil Nadu,4. Coimbatore,2016,Jowar,Rabi,11741.0,651.0,0.06,,,,,,,,,,,,,
Tamil Nadu,4. Coimbatore,2016,Maize,Kharif,1341.0,6106.0,4.55,,,,,,,,,,,,,
Tamil Nadu,4. Coimbatore,2016,Maize,Rabi,2646.0,3322.0,1.26,,,,,,,,,,,,,
Tamil Nadu,4. Coimbatore,2016,Moong(Green Gram),Kharif,511.0,413.0,0.81,,,,,,,,,,,,,
Tamil Nadu,4. Coimbatore,2016,Moong(Green Gram),Rabi,312.0,75.0,0.24,,,,,,,,,,,,,
Tamil Nadu,4. Coimbatore,2016,Onion,Kharif,1257.0,19848.0,15.79,,,,,,,,,,,,,
Tamil Nadu,4. Coimbatore,2016,Onion,Rabi,115.0,580.0,5.04,,,,,,,,,,,,,
Tamil Nadu,4. Coimbatore,2016,Ragi,Kharif,4.0,7.0,1.75,,,,,,,,,,,,,
Tamil Nadu,4. Coimbatore,2016,Ragi,Rabi,5.0,16.0,3.2,,,,,,,,,,,,,
Tamil Nadu,4. Coimbatore,2016,Rice,Kharif,872.0,3518.0,4.03,,,,,,,,,,,,,
Tamil Nadu,4. Coimbatore,2016,Sesamum,Kharif,253.0,100.0,0.4,,,,,,,,,,,,,
Tamil Nadu,4. Coimbatore,2016,Sesamum,Rabi,11.0,4.0,0.36,,,,,,,,,,,,,
Tamil Nadu,4. Coimbatore,2016,Small millets,Kharif,1.0,1.0,1.0,,,,,,,,,,,,,
Tamil Nadu,4. Coimbatore,2016,Small millets,Rabi,1.0,1.0,1.0,,,,,,,,,,,,,
Tamil Nadu,4. Coimbatore,2016,Urad,Kharif,222.0,172.0,0.77,,,,,,,,,,,,,
Tamil Nadu,4. Coimbatore,2016,Urad,Rabi,392.0,142.0,0.36,,,,,,,,,,,,,
Tamil Nadu,4. Coimbatore,2016,Arhar/Tur,Kharif,261.0,171.0,0.66,,,,,,,,,,,,,
Tamil Nadu,4. Coimbatore,2016,Other Cereals,Rabi,10.0,3.0,0.3,,,,,,,,,,,,,
Tamil Nadu,4. Coimbatore,2016,Rapeseed &Mustard,Rabi,2.0,1.0,0.5,,,,,,,,,,,,,
Tamil Nadu,4. Coimbatore,2016,Gram,Rabi,1393.0,936.0,0.67,,,,,,,,,,,,,
Tamil Nadu,4. Coimbatore,2017,Bajra,Kharif,116.0,273.0,2.35,,,,,,,,,,,,,
Tamil Nadu,4. Coimbatore,2017,Bajra,Rabi,89.0,184.0,2.07,,,,,,,,,,,,,
Tamil Nadu,4. Coimbatore,2017,Castor seed,Kharif,15.0,6.0,0.4,,,,,,,,,,,,,
Tamil Nadu,4. Coimbatore,2017,Cotton(lint),Kharif,378.0,1.0,0.0,,,,,,,,,,,,,
Tamil Nadu,4. Coimbatore,2017,Cotton(lint),Rabi,80.0,,0.0,,,,,,,,,,,,,
Tamil Nadu,4. Coimbatore,2017,Groundnut,Kharif,3001.0,4922.0,1.64,,,,,,,,,,,,,
Tamil Nadu,4. Coimbatore,2017,Groundnut,Rabi,580.0,2272.0,3.92,,,,,,,,,,,,,
Tamil Nadu,4. Coimbatore,2017,Horse-gram,Kharif,567.0,465.0,0.82,,,,,,,,,,,,,
Tamil Nadu,4. Coimbatore,2017,Horse-gram,Rabi,1097.0,901.0,0.82,,,,,,,,,,,,,
Tamil Nadu,4. Coimbatore,2017,Jowar,Kharif,19186.0,13469.0,0.7,,,,,,,,,,,,,
Tamil Nadu,4. Coimbatore,2017,Jowar,Rabi,7588.0,4082.0,0.54,,,,,,,,,,,,,
Tamil Nadu,4. Coimbatore,2017,Maize,Kharif,1587.0,14631.0,9.22,,,,,,,,,,,,,
Tamil Nadu,4. Coimbatore,2017,Maize,Rabi,2359.0,15786.0,6.69,,,,,,,,,,,,,
Tamil Nadu,4. Coimbatore,2017,Moong(Green Gram),Kharif,506.0,308.0,0.61,,,,,,,,,,,,,
Tamil Nadu,4. Coimbatore,2017,Moong(Green Gram),Rabi,290.0,116.0,0.4,,,,,,,,,,,,,
Tamil Nadu,4. Coimbatore,2017,Onion,Kharif,838.0,10693.0,12.76,,,,,,,,,,,,,
Tamil Nadu,4. Coimbatore,2017,Onion,Rabi,324.0,3992.0,12.32,,,,,,,,,,,,,
Tamil Nadu,4. Coimbatore,2017,Other Kharif pulses,Kharif,415.0,274.0,0.66,,,,,,,,,,,,,
Tamil Nadu,4. Coimbatore,2017,Ragi,Kharif,5.0,17.0,3.4,,,,,,,,,,,,,
Tamil Nadu,4. Coimbatore,2017,Ragi,Rabi,1.0,4.0,4.0,,,,,,,,,,,,,
Tamil Nadu,4. Coimbatore,2017,Rice,Autumn,11.0,42.0,3.82,,,,,,,,,,,,,
Tamil Nadu,4. Coimbatore,2017,Rice,Winter,669.0,2284.0,3.41,,,,,,,,,,,,,
Tamil Nadu,4. Coimbatore,2017,Sesamum,Kharif,178.0,76.0,0.43,,,,,,,,,,,,,
Tamil Nadu,4. Coimbatore,2017,Sesamum,Rabi,20.0,12.0,0.6,,,,,,,,,,,,,
Tamil Nadu,4. Coimbatore,2017,Small millets,Kharif,4.0,5.0,1.25,,,,,,,,,,,,,
Tamil Nadu,4. Coimbatore,2017,Sunflower,Rabi,1.0,1.0,1.0,,,,,,,,,,,,,
Tamil Nadu,4. Coimbatore,2017,Urad,Kharif,157.0,143.0,0.91,,,,,,,,,,,,,
Tamil Nadu,4. Coimbatore,2017,Urad,Rabi,344.0,232.0,0.67,,,,,,,,,,,,,
Tamil Nadu,4. Coimbatore,2017,Arhar/Tur,Kharif,170.0,186.0,1.09,,,,,,,,,,,,,
Tamil Nadu,4. Coimbatore,2017,Other Cereals,Kharif,3.0,4.0,1.33,,,,,,,,,,,,,
Tamil Nadu,4. Coimbatore,2017,Cowpea(Lobia),Kharif,1833.0,623.0,0.34,,,,,,,,,,,,,
Tamil Nadu,4. Coimbatore,2017,Cowpea(Lobia),Rabi,1073.0,490.0,0.46,,,,,,,,,,,,,
Tamil Nadu,4. Coimbatore,2017,Other Rabi pulses,Rabi,658.0,434.0,0.66,,,,,,,,,,,,,
Tamil Nadu,4. Coimbatore,2017,Gram,Rabi,1386.0,1283.0,0.93,,,,,,,,,,,,,
Tamil Nadu,4. Coimbatore,2018,Bajra,Kharif,135.0,385.0,2.85,,,,,,,,,,,,,
Tamil Nadu,4. Coimbatore,2018,Bajra,Rabi,38.0,72.0,1.89,,,,,,,,,,,,,
Tamil Nadu,4. Coimbatore,2018,Castor seed,Kharif,11.0,4.0,0.36,,,,,,,,,,,,,
Tamil Nadu,4. Coimbatore,2018,Cotton(lint),Kharif,541.0,1174.0,2.17,,,,,,,,,,,,,
Tamil Nadu,4. Coimbatore,2018,Cotton(lint),Rabi,171.0,445.0,2.6,,,,,,,,,,,,,
Tamil Nadu,4. Coimbatore,2018,Groundnut,Kharif,3760.0,7446.0,1.98,,,,,,,,,,,,,
Tamil Nadu,4. Coimbatore,2018,Groundnut,Rabi,890.0,3106.0,3.49,,,,,,,,,,,,,
Tamil Nadu,4. Coimbatore,2018,Horse-gram,Kharif,639.0,465.0,0.73,,,,,,,,,,,,,
Tamil Nadu,4. Coimbatore,2018,Horse-gram,Rabi,1333.0,970.0,0.73,,,,,,,,,,,,,
Tamil Nadu,4. Coimbatore,2018,Jowar,Kharif,14400.0,10899.0,0.76,,,,,,,,,,,,,
Tamil Nadu,4. Coimbatore,2018,Jowar,Rabi,12723.0,11309.0,0.89,,,,,,,,,,,,,
Tamil Nadu,4. Coimbatore,2018,Maize,Kharif,928.0,7054.0,7.6,,,,,,,,,,,,,
Tamil Nadu,4. Coimbatore,2018,Maize,Rabi,3085.0,21594.0,7.0,,,,,,,,,,,,,
Tamil Nadu,4. Coimbatore,2018,Moong(Green Gram),Kharif,473.0,319.0,0.67,,,,,,,,,,,,,
Tamil Nadu,4. Coimbatore,2018,Moong(Green Gram),Rabi,291.0,119.0,0.41,,,,,,,,,,,,,
Tamil Nadu,4. Coimbatore,2018,Onion,Kharif,1058.0,13561.0,12.82,,,,,,,,,,,,,
Tamil Nadu,4. Coimbatore,2018,Onion,Rabi,215.0,1222.0,5.68,,,,,,,,,,,,,
Tamil Nadu,4. Coimbatore,2018,Other Kharif pulses,Kharif,532.0,427.0,0.8,,,,,,,,,,,,,
Tamil Nadu,4. Coimbatore,2018,Ragi,Kharif,13.0,43.0,3.31,,,,,,,,,,,,,
Tamil Nadu,4. Coimbatore,2018,Ragi,Rabi,2.0,6.0,3.0,,,,,,,,,,,,,
Tamil Nadu,4. Coimbatore,2018,Rice,Autumn,475.0,2036.0,4.29,,,,,,,,,,,,,
Tamil Nadu,4. Coimbatore,2018,Rice,Winter,947.0,3097.0,3.27,,,,,,,,,,,,,
Tamil Nadu,4. Coimbatore,2018,Sesamum,Kharif,211.0,107.0,0.51,,,,,,,,,,,,,
Tamil Nadu,4. Coimbatore,2018,Sesamum,Rabi,8.0,4.0,0.5,,,,,,,,,,,,,
Tamil Nadu,4. Coimbatore,2018,Small millets,Kharif,35.0,21.0,0.6,,,,,,,,,,,,,
Tamil Nadu,4. Coimbatore,2018,Sunflower,Kharif,4.0,7.0,1.75,,,,,,,,,,,,,
Tamil Nadu,4. Coimbatore,2018,Sunflower,Rabi,1.0,,0.0,,,,,,,,,,,,,
Tamil Nadu,4. Coimbatore,2018,Urad,Kharif,98.0,74.0,0.76,,,,,,,,,,,,,
Tamil Nadu,4. Coimbatore,2018,Urad,Rabi,541.0,328.0,0.61,,,,,,,,,,,,,
Tamil Nadu,4. Coimbatore,2018,Arhar/Tur,Kharif,260.0,326.0,1.25,,,,,,,,,,,,,
Tamil Nadu,4. Coimbatore,2018,Other Cereals,Kharif,1.0,1.0,1.0,,,,,,,,,,,,,
Tamil Nadu,4. Coimbatore,2018,Other Cereals,Rabi,1.0,1.36,1.36,,,,,,,,,,,,,
Tamil Nadu,4. Coimbatore,2018,Cowpea(Lobia),Kharif,1448.0,1042.0,0.72,,,,,,,,,,,,,
Tamil Nadu,4. Coimbatore,2018,Cowpea(Lobia),Rabi,1241.0,1080.0,0.87,,,,,,,,,,,,,
Tamil Nadu,4. Coimbatore,2018,Other Rabi pulses,Rabi,549.0,440.0,0.8,,,,,,,,,,,,,
Tamil Nadu,4. Coimbatore,2018,Gram,Rabi,1358.0,1258.0,0.93,,,,,,,,,,,,,
Tamil Nadu,4. Coimbatore,2019,Bajra,Kharif,59.0,165.0,2.8,,,,,,,,,,,,,
Tamil Nadu,4. Coimbatore,2019,Bajra,Rabi,46.0,120.0,2.61,,,,,,,,,,,,,
Tamil Nadu,4. Coimbatore,2019,Castor seed,Kharif,31.0,11.0,0.35,,,,,,,,,,,,,
Tamil Nadu,4. Coimbatore,2019,Cotton(lint),Kharif,376.0,916.0,2.44,,,,,,,,,,,,,
Tamil Nadu,4. Coimbatore,2019,Cotton(lint),Rabi,85.0,212.0,2.49,,,,,,,,,,,,,
Tamil Nadu,4. Coimbatore,2019,Groundnut,Kharif,2805.0,7094.0,2.53,,,,,,,,,,,,,
Tamil Nadu,4. Coimbatore,2019,Groundnut,Rabi,515.0,1927.0,3.74,,,,,,,,,,,,,
Tamil Nadu,4. Coimbatore,2019,Horse-gram,Kharif,525.0,369.0,0.7,,,,,,,,,,,,,
Tamil Nadu,4. Coimbatore,2019,Horse-gram,Rabi,1698.0,1196.0,0.7,,,,,,,,,,,,,
Tamil Nadu,4. Coimbatore,2019,Jowar,Kharif,17776.0,17766.0,1.0,,,,,,,,,,,,,
Tamil Nadu,4. Coimbatore,2019,Jowar,Rabi,9725.0,10051.0,1.03,,,,,,,,,,,,,
Tamil Nadu,4. Coimbatore,2019,Maize,Kharif,714.0,6383.0,8.94,,,,,,,,,,,,,
Tamil Nadu,4. Coimbatore,2019,Maize,Rabi,2508.0,16847.0,6.72,,,,,,,,,,,,,
Tamil Nadu,4. Coimbatore,2019,Moong(Green Gram),Kharif,289.0,166.0,0.57,,,,,,,,,,,,,
Tamil Nadu,4. Coimbatore,2019,Moong(Green Gram),Rabi,232.0,99.0,0.43,,,,,,,,,,,,,
Tamil Nadu,4. Coimbatore,2019,Onion,Kharif,1005.0,18285.0,18.19,,,,,,,,,,,,,
Tamil Nadu,4. Coimbatore,2019,Onion,Rabi,333.0,2351.0,7.06,,,,,,,,,,,,,
Tamil Nadu,4. Coimbatore,2019,Other Kharif pulses,Kharif,455.0,272.0,0.6,,,,,,,,,,,,,
Tamil Nadu,4. Coimbatore,2019,Ragi,Kharif,24.0,71.0,2.96,,,,,,,,,,,,,
Tamil Nadu,4. Coimbatore,2019,Ragi,Rabi,10.0,41.0,4.1,,,,,,,,,,,,,
Tamil Nadu,4. Coimbatore,2019,Rice,Autumn,11.0,48.0,4.36,,,,,,,,,,,,,
Tamil Nadu,4. Coimbatore,2019,Rice,Winter,733.0,2667.0,3.64,,,,,,,,,,,,,
Tamil Nadu,4. Coimbatore,2019,Sesamum,Kharif,161.0,89.0,0.55,,,,,,,,,,,,,
Tamil Nadu,4. Coimbatore,2019,Sesamum,Rabi,10.0,7.0,0.7,,,,,,,,,,,,,
Tamil Nadu,4. Coimbatore,2019,Small millets,Kharif,1.0,3.0,3.0,,,,,,,,,,,,,
Tamil Nadu,4. Coimbatore,2019,Sunflower,Rabi,1.0,,0.0,,,,,,,,,,,,,
Tamil Nadu,4. Coimbatore,2019,Urad,Kharif,106.0,89.0,0.84,,,,,,,,,,,,,
Tamil Nadu,4. Coimbatore,2019,Urad,Rabi,291.0,226.0,0.78,,,,,,,,,,,,,
Tamil Nadu,4. Coimbatore,2019,Arhar/Tur,Kharif,111.0,142.0,1.28,,,,,,,,,,,,,
Tamil Nadu,4. Coimbatore,2019,Arhar/Tur,Rabi,135.0,171.0,1.27,,,,,,,,,,,,,
Tamil Nadu,4. Coimbatore,2019,Other Cereals,Kharif,1.0,,0.0,,,,,,,,,,,,,
Tamil Nadu,4. Coimbatore,2019,Other Cereals,Rabi,3.0,,0.0,,,,,,,,,,,,,
Tamil Nadu,4. Coimbatore,2019,Cowpea(Lobia),Kharif,1114.0,814.0,0.73,,,,,,,,,,,,,
Tamil Nadu,4. Coimbatore,2019,Cowpea(Lobia),Rabi,1376.0,560.0,0.41,,,,,,,,,,,,,
Tamil Nadu,4. Coimbatore,2019,Other Rabi pulses,Rabi,633.0,370.0,0.58,,,,,,,,,,,,,
Tamil Nadu,4. Coimbatore,2019,Gram,Rabi,1254.0,1161.0,0.93,,,,,,,,,,,,,
Tamil Nadu,4. Coimbatore,2020,Bajra,Kharif,159.0,417.0,2.62,,,,,,,,,,,,,
Tamil Nadu,4. Coimbatore,2020,Bajra,Rabi,67.0,102.0,1.52,,,,,,,,,,,,,
Tamil Nadu,4. Coimbatore,2020,Castor seed,Kharif,12.0,4.0,0.33,,,,,,,,,,,,,
Tamil Nadu,4. Coimbatore,2020,Cotton(lint),Kharif,319.0,621.0,1.95,,,,,,,,,,,,,
Tamil Nadu,4. Coimbatore,2020,Cotton(lint),Rabi,47.0,114.0,2.43,,,,,,,,,,,,,
Tamil Nadu,4. Coimbatore,2020,Groundnut,Kharif,3281.0,8046.0,2.45,,,,,,,,,,,,,
Tamil Nadu,4. Coimbatore,2020,Groundnut,Rabi,720.0,2324.0,3.23,,,,,,,,,,,,,
Tamil Nadu,4. Coimbatore,2020,Horse-gram,Kharif,556.0,451.0,0.81,,,,,,,,,,,,,
Tamil Nadu,4. Coimbatore,2020,Horse-gram,Rabi,1381.0,1119.0,0.81,,,,,,,,,,,,,
Tamil Nadu,4. Coimbatore,2020,Jowar,Kharif,17157.0,17692.0,1.03,,,,,,,,,,,,,
Tamil Nadu,4. Coimbatore,2020,Jowar,Rabi,9305.0,8688.0,0.93,,,,,,,,,,,,,
Tamil Nadu,4. Coimbatore,2020,Maize,Kharif,1394.0,10148.0,7.28,,,,,,,,,,,,,
Tamil Nadu,4. Coimbatore,2020,Maize,Rabi,2092.0,11062.0,5.29,,,,,,,,,,,,,
Tamil Nadu,4. Coimbatore,2020,Moong(Green Gram),Kharif,389.0,341.0,0.88,,,,,,,,,,,,,
Tamil Nadu,4. Coimbatore,2020,Moong(Green Gram),Rabi,227.0,64.0,0.28,,,,,,,,,,,,,
Tamil Nadu,4. Coimbatore,2020,Onion,Kharif,1555.0,26904.0,17.3,,,,,,,,,,,,,
Tamil Nadu,4. Coimbatore,2020,Onion,Rabi,484.0,2692.0,5.56,,,,,,,,,,,,,
Tamil Nadu,4. Coimbatore,2020,Other Kharif pulses,Kharif,852.0,497.0,0.58,,,,,,,,,,,,,
Tamil Nadu,4. Coimbatore,2020,Ragi,Kharif,9.0,30.0,3.33,,,,,,,,,,,,,
Tamil Nadu,4. Coimbatore,2020,Ragi,Rabi,16.0,63.0,3.94,,,,,,,,,,,,,
Tamil Nadu,4. Coimbatore,2020,Rice,Autumn,11.0,49.0,4.45,,,,,,,,,,,,,
Tamil Nadu,4. Coimbatore,2020,Rice,Winter,685.0,2000.0,2.92,,,,,,,,,,,,,
Tamil Nadu,4. Coimbatore,2020,Sesamum,Kharif,220.0,132.0,0.6,,,,,,,,,,,,,
Tamil Nadu,4. Coimbatore,2020,Sesamum,Rabi,7.0,5.0,0.71,,,,,,,,,,,,,
Tamil Nadu,4. Coimbatore,2020,Small millets,Kharif,2.0,3.0,1.5,,,,,,,,,,,,,
Tamil Nadu,4. Coimbatore,2020,Small millets,Rabi,1.0,1.0,1.0,,,,,,,,,,,,,
Tamil Nadu,4. Coimbatore,2020,Urad,Kharif,129.0,114.0,0.88,,,,,,,,,,,,,
Tamil Nadu,4. Coimbatore,2020,Urad,Rabi,397.0,205.0,0.52,,,,,,,,,,,,,
Tamil Nadu,4. Coimbatore,2020,Arhar/Tur,Kharif,125.0,132.0,1.06,,,,,,,,,,,,,
Tamil Nadu,4. Coimbatore,2020,Arhar/Tur,Rabi,66.0,68.0,1.03,,,,,,,,,,,,,
Tamil Nadu,4. Coimbatore,2020,Other Cereals,Rabi,2.0,2.0,1.0,,,,,,,,,,,,,
Tamil Nadu,4. Coimbatore,2020,Cowpea(Lobia),Kharif,1102.0,614.0,0.56,,,,,,,,,,,,,
Tamil Nadu,4. Coimbatore,2020,Cowpea(Lobia),Rabi,969.0,280.0,0.29,,,,,,,,,,,,,
Tamil Nadu,4. Coimbatore,2020,Other Rabi pulses,Rabi,461.0,267.0,0.58,,,,,,,,,,,,,
Tamil Nadu,4. Coimbatore,2020,Gram,Rabi,1379.0,1277.0,0.93,,,,,,,,,,,,,
Tamil Nadu,4. Coimbatore,2021,Bajra,Kharif,185.0,463.0,2.5,,,,,,,,,,,,,
Tamil Nadu,4. Coimbatore,2021,Bajra,Rabi,106.0,239.0,2.25,,,,,,,,,,,,,
Tamil Nadu,4. Coimbatore,2021,Castor seed,Kharif,11.0,4.0,0.36,,,,,,,,,,,,,
Tamil Nadu,4. Coimbatore,2021,Cotton(lint),Kharif,297.0,480.0,1.62,,,,,,,,,,,,,
Tamil Nadu,4. Coimbatore,2021,Cotton(lint),Rabi,49.0,118.0,2.41,,,,,,,,,,,,,
Tamil Nadu,4. Coimbatore,2021,Groundnut,Kharif,3159.0,6902.0,2.18,,,,,,,,,,,,,
Tamil Nadu,4. Coimbatore,2021,Groundnut,Rabi,609.0,2375.0,3.9,,,,,,,,,,,,,
Tamil Nadu,4. Coimbatore,2021,Horse-gram,Kharif,553.0,309.0,0.56,,,,,,,,,,,,,
Tamil Nadu,4. Coimbatore,2021,Horse-gram,Rabi,1325.0,746.0,0.56,,,,,,,,,,,,,
Tamil Nadu,4. Coimbatore,2021,Jowar,Kharif,13989.0,12951.0,0.93,,,,,,,,,,,,,
Tamil Nadu,4. Coimbatore,2021,Jowar,Rabi,10887.0,8323.0,0.76,,,,,,,,,,,,,
Tamil Nadu,4. Coimbatore,2021,Maize,Kharif,1082.0,8708.0,8.05,,,,,,,,,,,,,
Tamil Nadu,4. Coimbatore,2021,Maize,Rabi,2351.0,14277.0,6.07,,,,,,,,,,,,,
Tamil Nadu,4. Coimbatore,2021,Moong(Green Gram),Kharif,235.0,192.0,0.82,,,,,,,,,,,,,
Tamil Nadu,4. Coimbatore,2021,Moong(Green Gram),Rabi,201.0,65.0,0.32,,,,,,,,,,,,,
Tamil Nadu,4. Coimbatore,2021,Onion,Kharif,1530.0,22091.0,14.44,,,,,,,,,,,,,
Tamil Nadu,4. Coimbatore,2021,Onion,Rabi,472.0,2847.0,6.03,,,,,,,,,,,,,
Tamil Nadu,4. Coimbatore,2021,Other Kharif pulses,Kharif,327.0,191.0,0.58,,,,,,,,,,,,,
Tamil Nadu,4. Coimbatore,2021,Other Kharif pulses,Rabi,840.0,489.0,0.58,,,,,,,,,,,,,
Tamil Nadu,4. Coimbatore,2021,Ragi,Kharif,25.0,71.0,2.84,,,,,,,,,,,,,
Tamil Nadu,4. Coimbatore,2021,Rice,Autumn,468.0,1914.0,4.09,,,,,,,,,,,,,
Tamil Nadu,4. Coimbatore,2021,Rice,Winter,563.0,1865.0,3.31,,,,,,,,,,,,,
Tamil Nadu,4. Coimbatore,2021,Sesamum,Kharif,242.0,164.0,0.68,,,,,,,,,,,,,
Tamil Nadu,4. Coimbatore,2021,Sesamum,Rabi,12.0,7.0,0.58,,,,,,,,,,,,,
Tamil Nadu,4. Coimbatore,2021,Small millets,Kharif,1.0,1.0,1.0,,,,,,,,,,,,,
Tamil Nadu,4. Coimbatore,2021,Urad,Kharif,105.0,93.0,0.89,,,,,,,,,,,,,
Tamil Nadu,4. Coimbatore,2021,Urad,Rabi,410.0,260.0,0.63,,,,,,,,,,,,,
Tamil Nadu,4. Coimbatore,2021,Arhar/Tur,Kharif,102.0,96.0,0.94,,,,,,,,,,,,,
Tamil Nadu,4. Coimbatore,2021,Arhar/Tur,Rabi,37.0,34.0,0.92,,,,,,,,,,,,,
Tamil Nadu,4. Coimbatore,2021,Other Cereals,Rabi,5.0,1.0,0.2,,,,,,,,,,,,,
Tamil Nadu,4. Coimbatore,2021,Cowpea(Lobia),Kharif,819.0,337.0,0.41,,,,,,,,,,,,,
Tamil Nadu,4. Coimbatore,2021,Cowpea(Lobia),Rabi,968.0,241.0,0.25,,,,,,,,,,,,,
Tamil Nadu,4. Coimbatore,2021,Gram,Rabi,1183.0,1096.0,0.93,,,,,,,,,,,,,
Tamil Nadu,4. Coimbatore,2022,Bajra,Kharif,126.0,343.0,2.72,,,,,,,,,,,,,
Tamil Nadu,4. Coimbatore,2022,Bajra,Rabi,93.0,187.0,2.01,,,,,,,,,,,,,
Tamil Nadu,4. Coimbatore,2022,Castor seed,Kharif,9.0,3.0,0.33,,,,,,,,,,,,,
Tamil Nadu,4. Coimbatore,2022,Cotton(lint),Kharif,477.0,912.0,1.91,,,,,,,,,,,,,
Tamil Nadu,4. Coimbatore,2022,Cotton(lint),Rabi,86.0,153.0,1.78,,,,,,,,,,,,,
Tamil Nadu,4. Coimbatore,2022,Groundnut,Kharif,2710.0,5182.0,1.91,,,,,,,,,,,,,
Tamil Nadu,4. Coimbatore,2022,Groundnut,Rabi,580.0,2027.0,3.49,,,,,,,,,,,,,
Tamil Nadu,4. Coimbatore,2022,Horse-gram,Kharif,490.0,378.0,0.77,,,,,,,,,,,,,
Tamil Nadu,4. Coimbatore,2022,Horse-gram,Rabi,1375.0,916.0,0.67,,,,,,,,,,,,,
Tamil Nadu,4. Coimbatore,2022,Jowar,Kharif,12235.0,7641.0,0.62,,,,,,,,,,,,,
Tamil Nadu,4. Coimbatore,2022,Jowar,Rabi,11006.0,6524.0,0.59,,,,,,,,,,,,,
Tamil Nadu,4. Coimbatore,2022,Maize,Kharif,1185.0,9235.0,7.79,,,,,,,,,,,,,
Tamil Nadu,4. Coimbatore,2022,Maize,Rabi,2389.0,14668.0,6.14,,,,,,,,,,,,,
Tamil Nadu,4. Coimbatore,2022,Moong(Green Gram),Kharif,236.0,187.0,0.79,,,,,,,,,,,,,
Tamil Nadu,4. Coimbatore,2022,Moong(Green Gram),Rabi,231.0,71.0,0.31,,,,,,,,,,,,,
Tamil Nadu,4. Coimbatore,2022,Onion,Kharif,1107.0,14182.0,12.81,,,,,,,,,,,,,
Tamil Nadu,4. Coimbatore,2022,Onion,Rabi,222.0,1692.0,7.62,,,,,,,,,,,,,
Tamil Nadu,4. Coimbatore,2022,Other Kharif pulses,Kharif,384.0,239.0,0.62,,,,,,,,,,,,,
Tamil Nadu,4. Coimbatore,2022,Ragi,Rabi,12.0,47.0,3.92,,,,,,,,,,,,,
Tamil Nadu,4. Coimbatore,2022,Rice,Autumn,393.0,1514.0,3.85,,,,,,,,,,,,,
Tamil Nadu,4. Coimbatore,2022,Rice,Winter,556.0,2219.0,3.99,,,,,,,,,,,,,
Tamil Nadu,4. Coimbatore,2022,Sesamum,Kharif,177.0,82.0,0.46,,,,,,,,,,,,,
Tamil Nadu,4. Coimbatore,2022,Sesamum,Rabi,4.0,2.0,0.5,,,,,,,,,,,,,
Tamil Nadu,4. Coimbatore,2022,Urad,Kharif,108.0,93.0,0.86,,,,,,,,,,,,,
Tamil Nadu,4. Coimbatore,2022,Urad,Rabi,432.0,283.0,0.66,,,,,,,,,,,,,
Tamil Nadu,4. Coimbatore,2022,Arhar/Tur,Kharif,85.0,88.0,1.04,,,,,,,,,,,,,
Tamil Nadu,4. Coimbatore,2022,Arhar/Tur,Rabi,38.0,39.0,1.03,,,,,,,,,,,,,
Tamil Nadu,4. Coimbatore,2022,Other Cereals,Rabi,4.0,0.0,0.0,,,,,,,,,,,,,
Tamil Nadu,4. Coimbatore,2022,Cowpea(Lobia),Kharif,662.0,286.0,0.43,,,,,,,,,,,,,
Tamil Nadu,4. Coimbatore,2022,Cowpea(Lobia),Rabi,951.0,203.0,0.21,,,,,,,,,,,,,
Tamil Nadu,4. Coimbatore,2022,Other Rabi pulses,Rabi,723.0,449.0,0.62,,,,,,,,,,,,,
Tamil Nadu,4. Coimbatore,2022,Gram,Rabi,1021.0,945.0,0.93,,,,,,,,,,,,,
Tamil Nadu,5. Cuddalore,2015,Bajra,Kharif,3396.0,10106.0,2.98,,,,,,,,,,,,,
Tamil Nadu,5. Cuddalore,2015,Bajra,Rabi,94.0,230.0,2.45,,,,,,,,,,,,,
Tamil Nadu,5. Cuddalore,2015,Castor seed,Kharif,3.0,2.0,0.67,,,,,,,,,,,,,
Tamil Nadu,5. Cuddalore,2015,Cotton(lint),Kharif,6890.0,8146.0,1.18,,,,,,,,,,,,,
Tamil Nadu,5. Cuddalore,2015,Cotton(lint),Rabi,320.0,949.0,2.97,,,,,,,,,,,,,
Tamil Nadu,5. Cuddalore,2015,Groundnut,Kharif,1788.0,4316.0,2.41,,,,,,,,,,,,,
Tamil Nadu,5. Cuddalore,2015,Groundnut,Rabi,7838.0,57954.0,7.39,,,,,,,,,,,,,
Tamil Nadu,5. Cuddalore,2015,Horse-gram,Kharif,1.0,1.0,1.0,,,,,,,,,,,,,
Tamil Nadu,5. Cuddalore,2015,Jowar,Kharif,10.0,10.0,1.0,,,,,,,,,,,,,
Tamil Nadu,5. Cuddalore,2015,Jowar,Rabi,11.0,18.0,1.64,,,,,,,,,,,,,
Tamil Nadu,5. Cuddalore,2015,Maize,Kharif,21509.0,72550.0,3.37,,,,,,,,,,,,,
Tamil Nadu,5. Cuddalore,2015,Maize,Rabi,1195.0,8177.0,6.84,,,,,,,,,,,,,
Tamil Nadu,5. Cuddalore,2015,Masoor,Kharif,173.0,176.0,1.02,,,,,,,,,,,,,
Tamil Nadu,5. Cuddalore,2015,Moong(Green Gram),Kharif,41.0,33.0,0.8,,,,,,,,,,,,,
Tamil Nadu,5. Cuddalore,2015,Moong(Green Gram),Rabi,10759.0,8995.0,0.84,,,,,,,,,,,,,
Tamil Nadu,5. Cuddalore,2015,Onion,Kharif,49.0,472.0,9.63,,,,,,,,,,,,,
Tamil Nadu,5. Cuddalore,2015,Onion,Rabi,25.0,162.0,6.48,,,,,,,,,,,,,
Tamil Nadu,5. Cuddalore,2015,Other Kharif pulses,Kharif,169.0,99.0,0.59,,,,,,,,,,,,,
Tamil Nadu,5. Cuddalore,2015,Ragi,Kharif,34.0,101.0,2.97,,,,,,,,,,,,,
Tamil Nadu,5. Cuddalore,2015,Ragi,Rabi,56.0,203.0,3.63,,,,,,,,,,,,,
Tamil Nadu,5. Cuddalore,2015,Rice,Kharif,139987.0,507130.0,3.62,,,,,,,,,,,,,
Tamil Nadu,5. Cuddalore,2015,Sesamum,Kharif,1648.0,765.0,0.46,,,,,,,,,,,,,
Tamil Nadu,5. Cuddalore,2015,Sesamum,Rabi,1953.0,1465.0,0.75,,,,,,,,,,,,,
Tamil Nadu,5. Cuddalore,2015,Small millets,Kharif,2498.0,4029.0,1.61,,,,,,,,,,,,,
Tamil Nadu,5. Cuddalore,2015,Small millets,Rabi,526.0,858.0,1.63,,,,,,,,,,,,,
Tamil Nadu,5. Cuddalore,2015,Sunflower,Rabi,2.0,2.0,1.0,,,,,,,,,,,,,
Tamil Nadu,5. Cuddalore,2015,Urad,Kharif,2697.0,1562.0,0.58,,,,,,,,,,,,,
Tamil Nadu,5. Cuddalore,2015,Urad,Rabi,49703.0,39116.0,0.79,,,,,,,,,,,,,
Tamil Nadu,5. Cuddalore,2016,Bajra,Kharif,3903.0,16981.0,4.35,,,,,,,,,,,,,
Tamil Nadu,5. Cuddalore,2016,Bajra,Rabi,340.0,172.0,0.51,,,,,,,,,,,,,
Tamil Nadu,5. Cuddalore,2016,Cotton(lint),Kharif,4876.0,3011.0,0.62,,,,,,,,,,,,,
Tamil Nadu,5. Cuddalore,2016,Cotton(lint),Rabi,711.0,1046.0,1.47,,,,,,,,,,,,,
Tamil Nadu,5. Cuddalore,2016,Groundnut,Kharif,1470.0,4316.0,2.94,,,,,,,,,,,,,
Tamil Nadu,5. Cuddalore,2016,Groundnut,Rabi,7127.0,60628.0,8.51,,,,,,,,,,,,,
Tamil Nadu,5. Cuddalore,2016,Horse-gram,Rabi,1.0,,0.0,,,,,,,,,,,,,
Tamil Nadu,5. Cuddalore,2016,Jowar,Kharif,5.0,4.0,0.8,,,,,,,,,,,,,
Tamil Nadu,5. Cuddalore,2016,Jowar,Rabi,8.0,3.0,0.38,,,,,,,,,,,,,
Tamil Nadu,5. Cuddalore,2016,Maize,Kharif,18545.0,30813.0,1.66,,,,,,,,,,,,,
Tamil Nadu,5. Cuddalore,2016,Maize,Rabi,2013.0,2527.0,1.26,,,,,,,,,,,,,
Tamil Nadu,5. Cuddalore,2016,Moong(Green Gram),Kharif,64.0,52.0,0.81,,,,,,,,,,,,,
Tamil Nadu,5. Cuddalore,2016,Moong(Green Gram),Rabi,9826.0,6197.0,0.63,,,,,,,,,,,,,
Tamil Nadu,5. Cuddalore,2016,Onion,Kharif,47.0,490.0,10.43,,,,,,,,,,,,,
Tamil Nadu,5. Cuddalore,2016,Onion,Rabi,27.0,135.0,5.0,,,,,,,,,,,,,
Tamil Nadu,5. Cuddalore,2016,Ragi,Kharif,141.0,232.0,1.65,,,,,,,,,,,,,
Tamil Nadu,5. Cuddalore,2016,Ragi,Rabi,18.0,56.0,3.11,,,,,,,,,,,,,
Tamil Nadu,5. Cuddalore,2016,Rice,Kharif,131906.0,459908.0,3.49,,,,,,,,,,,,,
Tamil Nadu,5. Cuddalore,2016,Sesamum,Kharif,2249.0,976.0,0.43,,,,,,,,,,,,,
Tamil Nadu,5. Cuddalore,2016,Sesamum,Rabi,1717.0,829.0,0.48,,,,,,,,,,,,,
Tamil Nadu,5. Cuddalore,2016,Small millets,Kharif,1177.0,953.0,0.81,,,,,,,,,,,,,
Tamil Nadu,5. Cuddalore,2016,Small millets,Rabi,25.0,20.0,0.8,,,,,,,,,,,,,
Tamil Nadu,5. Cuddalore,2016,Sunflower,Kharif,5.0,4.0,0.8,,,,,,,,,,,,,
Tamil Nadu,5. Cuddalore,2016,Sunflower,Rabi,4.0,1.0,0.25,,,,,,,,,,,,,
Tamil Nadu,5. Cuddalore,2016,Urad,Kharif,1371.0,810.0,0.59,,,,,,,,,,,,,
Tamil Nadu,5. Cuddalore,2016,Urad,Rabi,49610.0,25022.0,0.5,,,,,,,,,,,,,
Tamil Nadu,5. Cuddalore,2016,Arhar/Tur,Kharif,154.0,101.0,0.66,,,,,,,,,,,,,
Tamil Nadu,5. Cuddalore,2017,Bajra,Kharif,5179.0,19804.0,3.82,,,,,,,,,,,,,
Tamil Nadu,5. Cuddalore,2017,Bajra,Rabi,38.0,78.0,2.05,,,,,,,,,,,,,
Tamil Nadu,5. Cuddalore,2017,Castor seed,Kharif,8.0,5.54,0.69,,,,,,,,,,,,,
Tamil Nadu,5. Cuddalore,2017,Cotton(lint),Kharif,10877.0,17.0,0.0,,,,,,,,,,,,,
Tamil Nadu,5. Cuddalore,2017,Cotton(lint),Rabi,94.0,,0.0,,,,,,,,,,,,,
Tamil Nadu,5. Cuddalore,2017,Groundnut,Kharif,1242.0,4266.0,3.43,,,,,,,,,,,,,
Tamil Nadu,5. Cuddalore,2017,Groundnut,Rabi,8878.0,70118.0,7.9,,,,,,,,,,,,,
Tamil Nadu,5. Cuddalore,2017,Horse-gram,Rabi,1.0,1.0,1.0,,,,,,,,,,,,,
Tamil Nadu,5. Cuddalore,2017,Jowar,Kharif,17.0,19.0,1.12,,,,,,,,,,,,,
Tamil Nadu,5. Cuddalore,2017,Maize,Kharif,17894.0,117080.0,6.54,,,,,,,,,,,,,
Tamil Nadu,5. Cuddalore,2017,Maize,Rabi,963.0,6444.0,6.69,,,,,,,,,,,,,
Tamil Nadu,5. Cuddalore,2017,Moong(Green Gram),Kharif,6.0,4.0,0.67,,,,,,,,,,,,,
Tamil Nadu,5. Cuddalore,2017,Moong(Green Gram),Rabi,9791.0,6580.0,0.67,,,,,,,,,,,,,
Tamil Nadu,5. Cuddalore,2017,Onion,Kharif,13.0,126.0,9.69,,,,,,,,,,,,,
Tamil Nadu,5. Cuddalore,2017,Onion,Rabi,22.0,205.0,9.32,,,,,,,,,,,,,
Tamil Nadu,5. Cuddalore,2017,Ragi,Kharif,97.0,332.0,3.42,,,,,,,,,,,,,
Tamil Nadu,5. Cuddalore,2017,Ragi,Rabi,82.0,366.0,4.46,,,,,,,,,,,,,
Tamil Nadu,5. Cuddalore,2017,Rice,Autumn,31883.0,124535.0,3.91,,,,,,,,,,,,,
Tamil Nadu,5. Cuddalore,2017,Rice,Winter,91927.0,406593.0,4.42,,,,,,,,,,,,,
Tamil Nadu,5. Cuddalore,2017,Sesamum,Kharif,1836.0,810.0,0.44,,,,,,,,,,,,,
Tamil Nadu,5. Cuddalore,2017,Sesamum,Rabi,1352.0,898.0,0.66,,,,,,,,,,,,,
Tamil Nadu,5. Cuddalore,2017,Small millets,Kharif,1122.0,2494.0,2.22,,,,,,,,,,,,,
Tamil Nadu,5. Cuddalore,2017,Sunflower,Kharif,1.0,2.0,2.0,,,,,,,,,,,,,
Tamil Nadu,5. Cuddalore,2017,Sunflower,Rabi,2.0,2.0,1.0,,,,,,,,,,,,,
Tamil Nadu,5. Cuddalore,2017,Urad,Kharif,1106.0,984.0,0.89,,,,,,,,,,,,,
Tamil Nadu,5. Cuddalore,2017,Urad,Rabi,50197.0,43320.0,0.86,,,,,,,,,,,,,
Tamil Nadu,5. Cuddalore,2017,Arhar/Tur,Kharif,67.0,73.0,1.09,,,,,,,,,,,,,
Tamil Nadu,5. Cuddalore,2017,Cowpea(Lobia),Kharif,59.0,43.0,0.73,,,,,,,,,,,,,
Tamil Nadu,5. Cuddalore,2017,Cowpea(Lobia),Rabi,97.0,63.0,0.65,,,,,,,,,,,,,
Tamil Nadu,5. Cuddalore,2017,Rapeseed &Mustard,Rabi,1.0,,0.0,,,,,,,,,,,,,
Tamil Nadu,5. Cuddalore,2018,Bajra,Kharif,3597.0,11979.0,3.33,,,,,,,,,,,,,
Tamil Nadu,5. Cuddalore,2018,Bajra,Rabi,22.0,42.0,1.91,,,,,,,,,,,,,
Tamil Nadu,5. Cuddalore,2018,Castor seed,Kharif,71.0,49.0,0.69,,,,,,,,,,,,,
Tamil Nadu,5. Cuddalore,2018,Cotton(lint),Kharif,5809.0,10207.0,1.76,,,,,,,,,,,,,
Tamil Nadu,5. Cuddalore,2018,Cotton(lint),Rabi,99.0,257.0,2.6,,,,,,,,,,,,,
Tamil Nadu,5. Cuddalore,2018,Groundnut,Kharif,1335.0,2458.0,1.84,,,,,,,,,,,,,
Tamil Nadu,5. Cuddalore,2018,Groundnut,Rabi,8345.0,57090.0,6.84,,,,,,,,,,,,,
Tamil Nadu,5. Cuddalore,2018,Horse-gram,Rabi,1.0,1.0,1.0,,,,,,,,,,,,,
Tamil Nadu,5. Cuddalore,2018,Jowar,Kharif,19.0,22.0,1.16,,,,,,,,,,,,,
Tamil Nadu,5. Cuddalore,2018,Maize,Kharif,21407.0,115698.0,5.4,,,,,,,,,,,,,
Tamil Nadu,5. Cuddalore,2018,Maize,Rabi,260.0,1820.0,7.0,,,,,,,,,,,,,
Tamil Nadu,5. Cuddalore,2018,Moong(Green Gram),Rabi,10112.0,4742.0,0.47,,,,,,,,,,,,,
Tamil Nadu,5. Cuddalore,2018,Onion,Kharif,45.0,396.0,8.8,,,,,,,,,,,,,
Tamil Nadu,5. Cuddalore,2018,Onion,Rabi,12.0,70.0,5.83,,,,,,,,,,,,,
Tamil Nadu,5. Cuddalore,2018,Ragi,Kharif,63.0,198.0,3.14,,,,,,,,,,,,,
Tamil Nadu,5. Cuddalore,2018,Ragi,Rabi,20.0,71.0,3.55,,,,,,,,,,,,,
Tamil Nadu,5. Cuddalore,2018,Rice,Autumn,35851.0,154858.0,4.32,,,,,,,,,,,,,
Tamil Nadu,5. Cuddalore,2018,Rice,Winter,90929.0,320124.0,3.52,,,,,,,,,,,,,
Tamil Nadu,5. Cuddalore,2018,Sesamum,Kharif,758.0,433.0,0.57,,,,,,,,,,,,,
Tamil Nadu,5. Cuddalore,2018,Sesamum,Rabi,1879.0,1376.0,0.73,,,,,,,,,,,,,
Tamil Nadu,5. Cuddalore,2018,Small millets,Kharif,893.0,1864.0,2.09,,,,,,,,,,,,,
Tamil Nadu,5. Cuddalore,2018,Sunflower,Kharif,11.0,19.0,1.73,,,,,,,,,,,,,
Tamil Nadu,5. Cuddalore,2018,Urad,Kharif,597.0,437.0,0.73,,,,,,,,,,,,,
Tamil Nadu,5. Cuddalore,2018,Urad,Rabi,50239.0,29919.0,0.6,,,,,,,,,,,,,
Tamil Nadu,5. Cuddalore,2018,Arhar/Tur,Kharif,34.0,42.0,1.24,,,,,,,,,,,,,
Tamil Nadu,5. Cuddalore,2018,Cowpea(Lobia),Kharif,9.0,8.0,0.89,,,,,,,,,,,,,
Tamil Nadu,5. Cuddalore,2018,Cowpea(Lobia),Rabi,149.0,127.0,0.85,,,,,,,,,,,,,
Tamil Nadu,5. Cuddalore,2019,Bajra,Kharif,4014.0,14082.0,3.51,,,,,,,,,,,,,
Tamil Nadu,5. Cuddalore,2019,Bajra,Rabi,17.0,44.0,2.59,,,,,,,,,,,,,
Tamil Nadu,5. Cuddalore,2019,Castor seed,Kharif,14.0,10.0,0.71,,,,,,,,,,,,,
Tamil Nadu,5. Cuddalore,2019,Cotton(lint),Kharif,5131.0,13129.0,2.56,,,,,,,,,,,,,
Tamil Nadu,5. Cuddalore,2019,Cotton(lint),Rabi,654.0,1645.0,2.52,,,,,,,,,,,,,
Tamil Nadu,5. Cuddalore,2019,Groundnut,Kharif,1145.0,4651.0,4.06,,,,,,,,,,,,,
Tamil Nadu,5. Cuddalore,2019,Groundnut,Rabi,8809.0,47778.0,5.42,,,,,,,,,,,,,
Tamil Nadu,5. Cuddalore,2019,Horse-gram,Kharif,1.0,1.0,1.0,,,,,,,,,,,,,
Tamil Nadu,5. Cuddalore,2019,Horse-gram,Rabi,1.0,,0.0,,,,,,,,,,,,,
Tamil Nadu,5. Cuddalore,2019,Jowar,Kharif,19.0,23.0,1.21,,,,,,,,,,,,,
Tamil Nadu,5. Cuddalore,2019,Jowar,Rabi,1.0,1.0,1.0,,,,,,,,,,,,,
Tamil Nadu,5. Cuddalore,2019,Maize,Kharif,22075.0,178907.0,8.1,,,,,,,,,,,,,
Tamil Nadu,5. Cuddalore,2019,Maize,Rabi,340.0,2286.0,6.72,,,,,,,,,,,,,
Tamil Nadu,5. Cuddalore,2019,Moong(Green Gram),Kharif,9.0,5.0,0.56,,,,,,,,,,,,,
Tamil Nadu,5. Cuddalore,2019,Moong(Green Gram),Rabi,11295.0,7965.0,0.71,,,,,,,,,,,,,
Tamil Nadu,5. Cuddalore,2019,Onion,Kharif,32.0,295.0,9.22,,,,,,,,,,,,,
Tamil Nadu,5. Cuddalore,2019,Onion,Rabi,6.0,45.0,7.5,,,,,,,,,,,,,
Tamil Nadu,5. Cuddalore,2019,Ragi,Kharif,69.0,208.0,3.01,,,,,,,,,,,,,
Tamil Nadu,5. Cuddalore,2019,Ragi,Rabi,4.0,18.0,4.5,,,,,,,,,,,,,
Tamil Nadu,5. Cuddalore,2019,Rice,Autumn,34829.0,137820.0,3.96,,,,,,,,,,,,,
Tamil Nadu,5. Cuddalore,2019,Rice,Winter,89245.0,325393.0,3.65,,,,,,,,,,,,,
Tamil Nadu,5. Cuddalore,2019,Sesamum,Kharif,2032.0,1306.0,0.64,,,,,,,,,,,,,
Tamil Nadu,5. Cuddalore,2019,Sesamum,Rabi,2509.0,1994.0,0.79,,,,,,,,,,,,,
Tamil Nadu,5. Cuddalore,2019,Small millets,Kharif,818.0,1488.0,1.82,,,,,,,,,,,,,
Tamil Nadu,5. Cuddalore,2019,Sunflower,Kharif,12.0,12.0,1.0,,,,,,,,,,,,,
Tamil Nadu,5. Cuddalore,2019,Urad,Kharif,111.0,93.0,0.84,,,,,,,,,,,,,
Tamil Nadu,5. Cuddalore,2019,Urad,Rabi,48414.0,38934.0,0.8,,,,,,,,,,,,,
Tamil Nadu,5. Cuddalore,2019,Arhar/Tur,Kharif,30.0,39.0,1.3,,,,,,,,,,,,,
Tamil Nadu,5. Cuddalore,2019,Arhar/Tur,Rabi,14.0,17.0,1.21,,,,,,,,,,,,,
Tamil Nadu,5. Cuddalore,2019,Cowpea(Lobia),Kharif,1.0,1.0,1.0,,,,,,,,,,,,,
Tamil Nadu,5. Cuddalore,2019,Cowpea(Lobia),Rabi,167.0,117.0,0.7,,,,,,,,,,,,,
Tamil Nadu,5. Cuddalore,2019,Other Rabi pulses,Rabi,14.0,7.0,0.5,,,,,,,,,,,,,
Tamil Nadu,5. Cuddalore,2020,Bajra,Kharif,5565.0,18155.0,3.26,,,,,,,,,,,,,
Tamil Nadu,5. Cuddalore,2020,Bajra,Rabi,23.0,34.0,1.48,,,,,,,,,,,,,
Tamil Nadu,5. Cuddalore,2020,Castor seed,Kharif,12.0,4.0,0.33,,,,,,,,,,,,,
Tamil Nadu,5. Cuddalore,2020,Cotton(lint),Kharif,3405.0,3473.0,1.02,,,,,,,,,,,,,
Tamil Nadu,5. Cuddalore,2020,Cotton(lint),Rabi,795.0,1921.0,2.42,,,,,,,,,,,,,
Tamil Nadu,5. Cuddalore,2020,Groundnut,Kharif,1632.0,5956.0,3.65,,,,,,,,,,,,,
Tamil Nadu,5. Cuddalore,2020,Groundnut,Rabi,9470.0,56813.0,6.0,,,,,,,,,,,,,
Tamil Nadu,5. Cuddalore,2020,Horse-gram,Kharif,16.0,12.0,0.75,,,,,,,,,,,,,
Tamil Nadu,5. Cuddalore,2020,Horse-gram,Rabi,6.0,4.0,0.67,,,,,,,,,,,,,
Tamil Nadu,5. Cuddalore,2020,Jowar,Kharif,156.0,178.0,1.14,,,,,,,,,,,,,
Tamil Nadu,5. Cuddalore,2020,Jowar,Rabi,13.0,13.0,1.0,,,,,,,,,,,,,
Tamil Nadu,5. Cuddalore,2020,Maize,Kharif,22985.0,102265.0,4.45,,,,,,,,,,,,,
Tamil Nadu,5. Cuddalore,2020,Maize,Rabi,274.0,1449.0,5.29,,,,,,,,,,,,,
Tamil Nadu,5. Cuddalore,2020,Moong(Green Gram),Kharif,5.0,4.0,0.8,,,,,,,,,,,,,
Tamil Nadu,5. Cuddalore,2020,Moong(Green Gram),Rabi,10549.0,5944.0,0.56,,,,,,,,,,,,,
Tamil Nadu,5. Cuddalore,2020,Onion,Kharif,71.0,702.0,9.89,,,,,,,,,,,,,
Tamil Nadu,5. Cuddalore,2020,Onion,Rabi,25.0,141.0,5.64,,,,,,,,,,,,,
Tamil Nadu,5. Cuddalore,2020,Other Kharif pulses,Kharif,36.0,21.0,0.58,,,,,,,,,,,,,
Tamil Nadu,5. Cuddalore,2020,Ragi,Kharif,38.0,124.0,3.26,,,,,,,,,,,,,
Tamil Nadu,5. Cuddalore,2020,Ragi,Rabi,14.0,56.0,4.0,,,,,,,,,,,,,
Tamil Nadu,5. Cuddalore,2020,Rice,Autumn,38389.0,164666.0,4.29,,,,,,,,,,,,,
Tamil Nadu,5. Cuddalore,2020,Rice,Winter,89197.0,240104.0,2.69,,,,,,,,,,,,,
Tamil Nadu,5. Cuddalore,2020,Sesamum,Kharif,1599.0,805.0,0.5,,,,,,,,,,,,,
Tamil Nadu,5. Cuddalore,2020,Sesamum,Rabi,2242.0,1807.0,0.81,,,,,,,,,,,,,
Tamil Nadu,5. Cuddalore,2020,Small millets,Kharif,844.0,739.0,0.88,,,,,,,,,,,,,
Tamil Nadu,5. Cuddalore,2020,Small millets,Rabi,10.0,9.0,0.9,,,,,,,,,,,,,
Tamil Nadu,5. Cuddalore,2020,Sunflower,Kharif,1.0,3.0,3.0,,,,,,,,,,,,,
Tamil Nadu,5. Cuddalore,2020,Urad,Kharif,548.0,488.0,0.89,,,,,,,,,,,,,
Tamil Nadu,5. Cuddalore,2020,Urad,Rabi,48183.0,20919.0,0.43,,,,,,,,,,,,,
Tamil Nadu,5. Cuddalore,2020,Arhar/Tur,Kharif,13.0,14.0,1.08,,,,,,,,,,,,,
Tamil Nadu,5. Cuddalore,2020,Cowpea(Lobia),Kharif,2.0,2.0,1.0,,,,,,,,,,,,,
Tamil Nadu,5. Cuddalore,2020,Cowpea(Lobia),Rabi,123.0,82.0,0.67,,,,,,,,,,,,,
Tamil Nadu,5. Cuddalore,2020,Other Rabi pulses,Rabi,9.0,5.0,0.56,,,,,,,,,,,,,
Tamil Nadu,5. Cuddalore,2021,Bajra,Kharif,5429.0,19771.0,3.64,,,,,,,,,,,,,
Tamil Nadu,5. Cuddalore,2021,Bajra,Rabi,35.0,80.0,2.29,,,,,,,,,,,,,
Tamil Nadu,5. Cuddalore,2021,Castor seed,Kharif,6.0,4.0,0.67,,,,,,,,,,,,,
Tamil Nadu,5. Cuddalore,2021,Cotton(lint),Kharif,3853.0,4789.0,1.24,,,,,,,,,,,,,
Tamil Nadu,5. Cuddalore,2021,Cotton(lint),Rabi,982.0,2350.0,2.39,,,,,,,,,,,,,
Tamil Nadu,5. Cuddalore,2021,Groundnut,Kharif,1841.0,6622.0,3.6,,,,,,,,,,,,,
Tamil Nadu,5. Cuddalore,2021,Groundnut,Rabi,9022.0,61257.0,6.79,,,,,,,,,,,,,
Tamil Nadu,5. Cuddalore,2021,Horse-gram,Kharif,3.0,2.0,0.67,,,,,,,,,,,,,
Tamil Nadu,5. Cuddalore,2021,Jowar,Kharif,61.0,65.0,1.07,,,,,,,,,,,,,
Tamil Nadu,5. Cuddalore,2021,Maize,Kharif,23008.0,149624.0,6.5,,,,,,,,,,,,,
Tamil Nadu,5. Cuddalore,2021,Maize,Rabi,91.0,554.0,6.09,,,,,,,,,,,,,
Tamil Nadu,5. Cuddalore,2021,Moong(Green Gram),Kharif,19.0,15.0,0.79,,,,,,,,,,,,,
Tamil Nadu,5. Cuddalore,2021,Moong(Green Gram),Rabi,12099.0,6224.0,0.51,,,,,,,,,,,,,
Tamil Nadu,5. Cuddalore,2021,Onion,Kharif,105.0,960.0,9.14,,,,,,,,,,,,,
Tamil Nadu,5. Cuddalore,2021,Onion,Rabi,8.0,48.0,6.0,,,,,,,,,,,,,
Tamil Nadu,5. Cuddalore,2021,Other Kharif pulses,Kharif,1.0,1.0,1.0,,,,,,,,,,,,,
Tamil Nadu,5. Cuddalore,2021,Ragi,Kharif,39.0,109.0,2.79,,,,,,,,,,,,,
Tamil Nadu,5. Cuddalore,2021,Ragi,Rabi,4.0,18.0,4.5,,,,,,,,,,,,,
Tamil Nadu,5. Cuddalore,2021,Rice,Autumn,38306.0,151225.0,3.95,,,,,,,,,,,,,
Tamil Nadu,5. Cuddalore,2021,Rice,Winter,93906.0,299560.0,3.19,,,,,,,,,,,,,
Tamil Nadu,5. Cuddalore,2021,Sesamum,Kharif,1427.0,706.0,0.49,,,,,,,,,,,,,
Tamil Nadu,5. Cuddalore,2021,Sesamum,Rabi,1602.0,932.0,0.58,,,,,,,,,,,,,
Tamil Nadu,5. Cuddalore,2021,Small millets,Kharif,1054.0,1494.0,1.42,,,,,,,,,,,,,
Tamil Nadu,5. Cuddalore,2021,Small millets,Rabi,1.0,1.0,1.0,,,,,,,,,,,,,
Tamil Nadu,5. Cuddalore,2021,Sunflower,Kharif,5.0,9.0,1.8,,,,,,,,,,,,,
Tamil Nadu,5. Cuddalore,2021,Urad,Kharif,1120.0,987.0,0.88,,,,,,,,,,,,,
Tamil Nadu,5. Cuddalore,2021,Urad,Rabi,43113.0,27795.0,0.64,,,,,,,,,,,,,
Tamil Nadu,5. Cuddalore,2021,Arhar/Tur,Kharif,8.0,7.0,0.88,,,,,,,,,,,,,
Tamil Nadu,5. Cuddalore,2021,Cowpea(Lobia),Kharif,22.0,16.0,0.73,,,,,,,,,,,,,
Tamil Nadu,5. Cuddalore,2021,Cowpea(Lobia),Rabi,118.0,73.0,0.62,,,,,,,,,,,,,
Tamil Nadu,5. Cuddalore,2022,Bajra,Kharif,4571.0,15884.0,3.47,,,,,,,,,,,,,
Tamil Nadu,5. Cuddalore,2022,Bajra,Rabi,50.0,101.0,2.02,,,,,,,,,,,,,
Tamil Nadu,5. Cuddalore,2022,Castor seed,Kharif,3.0,1.0,0.33,,,,,,,,,,,,,
Tamil Nadu,5. Cuddalore,2022,Cotton(lint),Kharif,5056.0,6848.0,1.35,,,,,,,,,,,,,
Tamil Nadu,5. Cuddalore,2022,Cotton(lint),Rabi,1066.0,1907.0,1.79,,,,,,,,,,,,,
Tamil Nadu,5. Cuddalore,2022,Groundnut,Kharif,2236.0,8172.0,3.65,,,,,,,,,,,,,
Tamil Nadu,5. Cuddalore,2022,Groundnut,Rabi,9511.0,60177.0,6.33,,,,,,,,,,,,,
Tamil Nadu,5. Cuddalore,2022,Jowar,Rabi,1.0,1.0,1.0,,,,,,,,,,,,,
Tamil Nadu,5. Cuddalore,2022,Maize,Kharif,24865.0,146105.0,5.88,,,,,,,,,,,,,
Tamil Nadu,5. Cuddalore,2022,Maize,Rabi,57.0,349.0,6.12,,,,,,,,,,,,,
Tamil Nadu,5. Cuddalore,2022,Moong(Green Gram),Rabi,11752.0,5798.0,0.49,,,,,,,,,,,,,
Tamil Nadu,5. Cuddalore,2022,Onion,Kharif,37.0,353.0,9.54,,,,,,,,,,,,,
Tamil Nadu,5. Cuddalore,2022,Onion,Rabi,6.0,46.0,7.67,,,,,,,,,,,,,
Tamil Nadu,5. Cuddalore,2022,Other Kharif pulses,Kharif,4.0,2.0,0.5,,,,,,,,,,,,,
Tamil Nadu,5. Cuddalore,2022,Ragi,Kharif,37.0,96.0,2.59,,,,,,,,,,,,,
Tamil Nadu,5. Cuddalore,2022,Ragi,Rabi,6.0,25.0,4.17,,,,,,,,,,,,,
Tamil Nadu,5. Cuddalore,2022,Rice,Autumn,34368.0,130949.0,3.81,,,,,,,,,,,,,
Tamil Nadu,5. Cuddalore,2022,Rice,Winter,94194.0,328768.0,3.49,,,,,,,,,,,,,
Tamil Nadu,5. Cuddalore,2022,Sesamum,Kharif,914.0,435.0,0.48,,,,,,,,,,,,,
Tamil Nadu,5. Cuddalore,2022,Sesamum,Rabi,2111.0,1590.0,0.75,,,,,,,,,,,,,
Tamil Nadu,5. Cuddalore,2022,Small millets,Kharif,913.0,1624.0,1.78,,,,,,,,,,,,,
Tamil Nadu,5. Cuddalore,2022,Small millets,Rabi,17.0,13.0,0.76,,,,,,,,,,,,,
Tamil Nadu,5. Cuddalore,2022,Sunflower,Kharif,11.0,17.0,1.55,,,,,,,,,,,,,
Tamil Nadu,5. Cuddalore,2022,Urad,Kharif,1306.0,1119.0,0.86,,,,,,,,,,,,,
Tamil Nadu,5. Cuddalore,2022,Urad,Rabi,41702.0,26463.0,0.63,,,,,,,,,,,,,
Tamil Nadu,5. Cuddalore,2022,Arhar/Tur,Kharif,3.0,3.0,1.0,,,,,,,,,,,,,
Tamil Nadu,5. Cuddalore,2022,Cowpea(Lobia),Rabi,111.0,52.0,0.47,,,,,,,,,,,,,
Tamil Nadu,5. Cuddalore,2022,Other Rabi pulses,Rabi,3.0,0.0,0.0,,,,,,,,,,,,,
Tamil Nadu,6. Dharmapuri,2015,Bajra,Kharif,1541.0,6851.0,4.45,,,,,,,,,,,,,
Tamil Nadu,6. Dharmapuri,2015,Bajra,Rabi,2.0,5.0,2.5,,,,,,,,,,,,,
Tamil Nadu,6. Dharmapuri,2015,Castor seed,Kharif,367.0,126.0,0.34,,,,,,,,,,,,,
Tamil Nadu,6. Dharmapuri,2015,Cotton(lint),Kharif,10528.0,23224.0,2.21,,,,,,,,,,,,,
Tamil Nadu,6. Dharmapuri,2015,Cotton(lint),Rabi,338.0,1002.0,2.96,,,,,,,,,,,,,
Tamil Nadu,6. Dharmapuri,2015,Groundnut,Kharif,7427.0,20758.0,2.79,,,,,,,,,,,,,
Tamil Nadu,6. Dharmapuri,2015,Groundnut,Rabi,3088.0,8291.0,2.68,,,,,,,,,,,,,
Tamil Nadu,6. Dharmapuri,2015,Horse-gram,Rabi,12851.0,8597.0,0.67,,,,,,,,,,,,,
Tamil Nadu,6. Dharmapuri,2015,Jowar,Kharif,19535.0,22035.0,1.13,,,,,,,,,,,,,
Tamil Nadu,6. Dharmapuri,2015,Jowar,Rabi,16.0,26.0,1.63,,,,,,,,,,,,,
Tamil Nadu,6. Dharmapuri,2015,Maize,Kharif,9036.0,53737.0,5.95,,,,,,,,,,,,,
Tamil Nadu,6. Dharmapuri,2015,Maize,Rabi,1025.0,7014.0,6.84,,,,,,,,,,,,,
Tamil Nadu,6. Dharmapuri,2015,Masoor,Kharif,9260.0,9177.0,0.99,,,,,,,,,,,,,
Tamil Nadu,6. Dharmapuri,2015,Moong(Green Gram),Kharif,2334.0,1412.0,0.6,,,,,,,,,,,,,
Tamil Nadu,6. Dharmapuri,2015,Moong(Green Gram),Rabi,35.0,18.0,0.51,,,,,,,,,,,,,
Tamil Nadu,6. Dharmapuri,2015,Onion,Kharif,299.0,2883.0,9.64,,,,,,,,,,,,,
Tamil Nadu,6. Dharmapuri,2015,Onion,Rabi,28.0,182.0,6.5,,,,,,,,,,,,,
Tamil Nadu,6. Dharmapuri,2015,Other Kharif pulses,Kharif,19953.0,11673.0,0.59,,,,,,,,,,,,,
Tamil Nadu,6. Dharmapuri,2015,Ragi,Kharif,15726.0,46832.0,2.98,,,,,,,,,,,,,
Tamil Nadu,6. Dharmapuri,2015,Ragi,Rabi,5169.0,21332.0,4.13,,,,,,,,,,,,,
Tamil Nadu,6. Dharmapuri,2015,Rice,Kharif,33349.0,149426.0,4.48,,,,,,,,,,,,,
Tamil Nadu,6. Dharmapuri,2015,Sesamum,Kharif,1562.0,1076.0,0.69,,,,,,,,,,,,,
Tamil Nadu,6. Dharmapuri,2015,Sesamum,Rabi,236.0,146.0,0.62,,,,,,,,,,,,,
Tamil Nadu,6. Dharmapuri,2015,Small millets,Kharif,7649.0,7899.0,1.03,,,,,,,,,,,,,
Tamil Nadu,6. Dharmapuri,2015,Sunflower,Rabi,23.0,22.0,0.96,,,,,,,,,,,,,
Tamil Nadu,6. Dharmapuri,2015,Urad,Kharif,6181.0,3900.0,0.63,,,,,,,,,,,,,
Tamil Nadu,6. Dharmapuri,2015,Urad,Rabi,217.0,152.0,0.7,,,,,,,,,,,,,
Tamil Nadu,6. Dharmapuri,2015,Rapeseed &Mustard,Rabi,18.0,2.0,0.11,,,,,,,,,,,,,
Tamil Nadu,6. Dharmapuri,2015,Gram,Rabi,879.0,478.0,0.54,,,,,,,,,,,,,
Tamil Nadu,6. Dharmapuri,2016,Bajra,Kharif,424.0,1252.0,2.95,,,,,,,,,,,,,
Tamil Nadu,6. Dharmapuri,2016,Bajra,Rabi,14.0,7.0,0.5,,,,,,,,,,,,,
Tamil Nadu,6. Dharmapuri,2016,Castor seed,Kharif,71.0,24.0,0.34,,,,,,,,,,,,,
Tamil Nadu,6. Dharmapuri,2016,Cotton(lint),Kharif,11418.0,15153.0,1.33,,,,,,,,,,,,,
Tamil Nadu,6. Dharmapuri,2016,Cotton(lint),Rabi,406.0,597.0,1.47,,,,,,,,,,,,,
Tamil Nadu,6. Dharmapuri,2016,Groundnut,Kharif,6882.0,9260.0,1.35,,,,,,,,,,,,,
Tamil Nadu,6. Dharmapuri,2016,Groundnut,Rabi,795.0,1501.0,1.89,,,,,,,,,,,,,
Tamil Nadu,6. Dharmapuri,2016,Horse-gram,Kharif,97.0,34.0,0.35,,,,,,,,,,,,,
Tamil Nadu,6. Dharmapuri,2016,Horse-gram,Rabi,6213.0,2257.0,0.36,,,,,,,,,,,,,
Tamil Nadu,6. Dharmapuri,2016,Jowar,Kharif,15063.0,5764.0,0.38,,,,,,,,,,,,,
Tamil Nadu,6. Dharmapuri,2016,Jowar,Rabi,14.0,5.0,0.36,,,,,,,,,,,,,
Tamil Nadu,6. Dharmapuri,2016,Maize,Kharif,5659.0,23940.0,4.23,,,,,,,,,,,,,
Tamil Nadu,6. Dharmapuri,2016,Maize,Rabi,193.0,242.0,1.25,,,,,,,,,,,,,
Tamil Nadu,6. Dharmapuri,2016,Moong(Green Gram),Kharif,982.0,408.0,0.42,,,,,,,,,,,,,
Tamil Nadu,6. Dharmapuri,2016,Moong(Green Gram),Rabi,6.0,1.0,0.17,,,,,,,,,,,,,
Tamil Nadu,6. Dharmapuri,2016,Onion,Kharif,289.0,2999.0,10.38,,,,,,,,,,,,,
Tamil Nadu,6. Dharmapuri,2016,Onion,Rabi,45.0,226.0,5.02,,,,,,,,,,,,,
Tamil Nadu,6. Dharmapuri,2016,Ragi,Kharif,9357.0,19101.0,2.04,,,,,,,,,,,,,
Tamil Nadu,6. Dharmapuri,2016,Ragi,Rabi,938.0,2555.0,2.72,,,,,,,,,,,,,
Tamil Nadu,6. Dharmapuri,2016,Rice,Kharif,11432.0,42883.0,3.75,,,,,,,,,,,,,
Tamil Nadu,6. Dharmapuri,2016,Sesamum,Kharif,97.0,38.0,0.39,,,,,,,,,,,,,
Tamil Nadu,6. Dharmapuri,2016,Sesamum,Rabi,3.0,1.0,0.33,,,,,,,,,,,,,
Tamil Nadu,6. Dharmapuri,2016,Small millets,Kharif,5170.0,4377.0,0.85,,,,,,,,,,,,,
Tamil Nadu,6. Dharmapuri,2016,Small millets,Rabi,3.0,3.0,1.0,,,,,,,,,,,,,
Tamil Nadu,6. Dharmapuri,2016,Sunflower,Kharif,122.0,104.0,0.85,,,,,,,,,,,,,
Tamil Nadu,6. Dharmapuri,2016,Sunflower,Rabi,1.0,,0.0,,,,,,,,,,,,,
Tamil Nadu,6. Dharmapuri,2016,Urad,Kharif,3123.0,1391.0,0.45,,,,,,,,,,,,,
Tamil Nadu,6. Dharmapuri,2016,Urad,Rabi,30.0,11.0,0.37,,,,,,,,,,,,,
Tamil Nadu,6. Dharmapuri,2016,Arhar/Tur,Kharif,7779.0,4870.0,0.63,,,,,,,,,,,,,
Tamil Nadu,6. Dharmapuri,2016,Rapeseed &Mustard,Rabi,1.0,,0.0,,,,,,,,,,,,,
Tamil Nadu,6. Dharmapuri,2016,Gram,Rabi,663.0,363.0,0.55,,,,,,,,,,,,,
Tamil Nadu,6. Dharmapuri,2017,Bajra,Kharif,390.0,429.0,1.1,,,,,,,,,,,,,
Tamil Nadu,6. Dharmapuri,2017,Bajra,Rabi,41.0,85.0,2.07,,,,,,,,,,,,,
Tamil Nadu,6. Dharmapuri,2017,Castor seed,Kharif,291.0,99.81,0.34,,,,,,,,,,,,,
Tamil Nadu,6. Dharmapuri,2017,Cotton(lint),Kharif,13734.0,38.0,0.0,,,,,,,,,,,,,
Tamil Nadu,6. Dharmapuri,2017,Cotton(lint),Rabi,731.0,2.0,0.0,,,,,,,,,,,,,
Tamil Nadu,6. Dharmapuri,2017,Groundnut,Kharif,7590.0,18504.0,2.44,,,,,,,,,,,,,
Tamil Nadu,6. Dharmapuri,2017,Groundnut,Rabi,3284.0,14982.0,4.56,,,,,,,,,,,,,
Tamil Nadu,6. Dharmapuri,2017,Horse-gram,Kharif,346.0,321.0,0.93,,,,,,,,,,,,,
Tamil Nadu,6. Dharmapuri,2017,Horse-gram,Rabi,10056.0,9322.0,0.93,,,,,,,,,,,,,
Tamil Nadu,6. Dharmapuri,2017,Jowar,Kharif,21775.0,34513.0,1.58,,,,,,,,,,,,,
Tamil Nadu,6. Dharmapuri,2017,Jowar,Rabi,369.0,398.0,1.08,,,,,,,,,,,,,
Tamil Nadu,6. Dharmapuri,2017,Maize,Kharif,6531.0,54691.0,8.37,,,,,,,,,,,,,
Tamil Nadu,6. Dharmapuri,2017,Maize,Rabi,414.0,2770.0,6.69,,,,,,,,,,,,,
Tamil Nadu,6. Dharmapuri,2017,Moong(Green Gram),Kharif,1565.0,1288.0,0.82,,,,,,,,,,,,,
Tamil Nadu,6. Dharmapuri,2017,Moong(Green Gram),Rabi,18.0,7.0,0.39,,,,,,,,,,,,,
Tamil Nadu,6. Dharmapuri,2017,Onion,Kharif,184.0,2143.0,11.65,,,,,,,,,,,,,
Tamil Nadu,6. Dharmapuri,2017,Onion,Rabi,26.0,242.0,9.31,,,,,,,,,,,,,
Tamil Nadu,6. Dharmapuri,2017,Other Kharif pulses,Kharif,5673.0,3746.0,0.66,,,,,,,,,,,,,
Tamil Nadu,6. Dharmapuri,2017,Ragi,Kharif,10562.0,33788.0,3.2,,,,,,,,,,,,,
Tamil Nadu,6. Dharmapuri,2017,Ragi,Rabi,6161.0,28513.0,4.63,,,,,,,,,,,,,
Tamil Nadu,6. Dharmapuri,2017,Rice,Autumn,1708.0,7131.0,4.18,,,,,,,,,,,,,
Tamil Nadu,6. Dharmapuri,2017,Rice,Winter,15564.0,75766.0,4.87,,,,,,,,,,,,,
Tamil Nadu,6. Dharmapuri,2017,Sesamum,Kharif,339.0,147.0,0.43,,,,,,,,,,,,,
Tamil Nadu,6. Dharmapuri,2017,Sesamum,Rabi,7.0,4.0,0.57,,,,,,,,,,,,,
Tamil Nadu,6. Dharmapuri,2017,Small millets,Kharif,5057.0,6502.0,1.29,,,,,,,,,,,,,
Tamil Nadu,6. Dharmapuri,2017,Sunflower,Kharif,8.0,16.0,2.0,,,,,,,,,,,,,
Tamil Nadu,6. Dharmapuri,2017,Sunflower,Rabi,9.0,7.0,0.78,,,,,,,,,,,,,
Tamil Nadu,6. Dharmapuri,2017,Urad,Kharif,4612.0,4285.0,0.93,,,,,,,,,,,,,
Tamil Nadu,6. Dharmapuri,2017,Urad,Rabi,226.0,153.0,0.68,,,,,,,,,,,,,
Tamil Nadu,6. Dharmapuri,2017,Arhar/Tur,Kharif,8709.0,11853.0,1.36,,,,,,,,,,,,,
Tamil Nadu,6. Dharmapuri,2017,Other Cereals,Kharif,1.0,1.0,1.0,,,,,,,,,,,,,
Tamil Nadu,6. Dharmapuri,2017,Cowpea(Lobia),Kharif,8884.0,7411.0,0.83,,,,,,,,,,,,,
Tamil Nadu,6. Dharmapuri,2017,Cowpea(Lobia),Rabi,20.0,12.0,0.6,,,,,,,,,,,,,
Tamil Nadu,6. Dharmapuri,2017,Other Rabi pulses,Rabi,87.0,57.0,0.66,,,,,,,,,,,,,
Tamil Nadu,6. Dharmapuri,2017,Rapeseed &Mustard,Rabi,19.0,2.0,0.11,,,,,,,,,,,,,
Tamil Nadu,6. Dharmapuri,2017,Gram,Rabi,852.0,789.0,0.93,,,,,,,,,,,,,
Tamil Nadu,6. Dharmapuri,2018,Bajra,Kharif,615.0,1750.0,2.85,,,,,,,,,,,,,
Tamil Nadu,6. Dharmapuri,2018,Bajra,Rabi,17.0,32.0,1.88,,,,,,,,,,,,,
Tamil Nadu,6. Dharmapuri,2018,Castor seed,Kharif,175.0,60.0,0.34,,,,,,,,,,,,,
Tamil Nadu,6. Dharmapuri,2018,Cotton(lint),Kharif,9136.0,22710.0,2.49,,,,,,,,,,,,,
Tamil Nadu,6. Dharmapuri,2018,Cotton(lint),Rabi,93.0,241.0,2.59,,,,,,,,,,,,,
Tamil Nadu,6. Dharmapuri,2018,Groundnut,Kharif,8728.0,16569.0,1.9,,,,,,,,,,,,,
Tamil Nadu,6. Dharmapuri,2018,Groundnut,Rabi,857.0,2456.0,2.87,,,,,,,,,,,,,
Tamil Nadu,6. Dharmapuri,2018,Horse-gram,Rabi,12187.0,8676.0,0.71,,,,,,,,,,,,,
Tamil Nadu,6. Dharmapuri,2018,Jowar,Kharif,31347.0,45153.0,1.44,,,,,,,,,,,,,
Tamil Nadu,6. Dharmapuri,2018,Jowar,Rabi,787.0,986.0,1.25,,,,,,,,,,,,,
Tamil Nadu,6. Dharmapuri,2018,Maize,Kharif,5796.0,31275.0,5.4,,,,,,,,,,,,,
Tamil Nadu,6. Dharmapuri,2018,Maize,Rabi,448.0,2758.0,6.16,,,,,,,,,,,,,
Tamil Nadu,6. Dharmapuri,2018,Moong(Green Gram),Kharif,2229.0,1580.0,0.71,,,,,,,,,,,,,
Tamil Nadu,6. Dharmapuri,2018,Moong(Green Gram),Rabi,125.0,51.0,0.41,,,,,,,,,,,,,
Tamil Nadu,6. Dharmapuri,2018,Onion,Kharif,370.0,3244.0,8.77,,,,,,,,,,,,,
Tamil Nadu,6. Dharmapuri,2018,Onion,Rabi,60.0,343.0,5.72,,,,,,,,,,,,,
Tamil Nadu,6. Dharmapuri,2018,Other Kharif pulses,Kharif,6947.0,3855.0,0.55,,,,,,,,,,,,,
Tamil Nadu,6. Dharmapuri,2018,Ragi,Kharif,9720.0,21983.0,2.26,,,,,,,,,,,,,
Tamil Nadu,6. Dharmapuri,2018,Ragi,Rabi,1787.0,8220.0,4.6,,,,,,,,,,,,,
Tamil Nadu,6. Dharmapuri,2018,Rice,Autumn,990.0,4244.0,4.29,,,,,,,,,,,,,
Tamil Nadu,6. Dharmapuri,2018,Rice,Winter,2421.0,10511.0,4.34,,,,,,,,,,,,,
Tamil Nadu,6. Dharmapuri,2018,Sesamum,Kharif,408.0,194.0,0.48,,,,,,,,,,,,,
Tamil Nadu,6. Dharmapuri,2018,Sesamum,Rabi,5.0,3.0,0.6,,,,,,,,,,,,,
Tamil Nadu,6. Dharmapuri,2018,Small millets,Kharif,3341.0,5155.0,1.54,,,,,,,,,,,,,
Tamil Nadu,6. Dharmapuri,2018,Urad,Kharif,5934.0,4351.0,0.73,,,,,,,,,,,,,
Tamil Nadu,6. Dharmapuri,2018,Urad,Rabi,175.0,106.0,0.61,,,,,,,,,,,,,
Tamil Nadu,6. Dharmapuri,2018,Arhar/Tur,Kharif,8626.0,13030.0,1.51,,,,,,,,,,,,,
Tamil Nadu,6. Dharmapuri,2018,Other Cereals,Kharif,3.0,4.0,1.33,,,,,,,,,,,,,
Tamil Nadu,6. Dharmapuri,2018,Other Cereals,Rabi,4.0,5.0,1.25,,,,,,,,,,,,,
Tamil Nadu,6. Dharmapuri,2018,Cowpea(Lobia),Kharif,11337.0,10218.0,0.9,,,,,,,,,,,,,
Tamil Nadu,6. Dharmapuri,2018,Cowpea(Lobia),Rabi,45.0,38.0,0.84,,,,,,,,,,,,,
Tamil Nadu,6. Dharmapuri,2018,Other Rabi pulses,Rabi,21.0,12.0,0.57,,,,,,,,,,,,,
Tamil Nadu,6. Dharmapuri,2018,Rapeseed &Mustard,Rabi,3.0,,0.0,,,,,,,,,,,,,
Tamil Nadu,6. Dharmapuri,2018,Gram,Rabi,1767.0,1636.0,0.93,,,,,,,,,,,,,
Tamil Nadu,6. Dharmapuri,2019,Bajra,Kharif,389.0,1083.0,2.78,,,,,,,,,,,,,
Tamil Nadu,6. Dharmapuri,2019,Castor seed,Kharif,180.0,62.0,0.34,,,,,,,,,,,,,
Tamil Nadu,6. Dharmapuri,2019,Cotton(lint),Kharif,8002.0,24803.0,3.1,,,,,,,,,,,,,
Tamil Nadu,6. Dharmapuri,2019,Cotton(lint),Rabi,25.0,63.0,2.52,,,,,,,,,,,,,
Tamil Nadu,6. Dharmapuri,2019,Groundnut,Kharif,8882.0,37526.0,4.22,,,,,,,,,,,,,
Tamil Nadu,6. Dharmapuri,2019,Groundnut,Rabi,2609.0,10147.0,3.89,,,,,,,,,,,,,
Tamil Nadu,6. Dharmapuri,2019,Horse-gram,Kharif,152.0,128.0,0.84,,,,,,,,,,,,,
Tamil Nadu,6. Dharmapuri,2019,Horse-gram,Rabi,12230.0,10311.0,0.84,,,,,,,,,,,,,
Tamil Nadu,6. Dharmapuri,2019,Jowar,Kharif,39257.0,80052.0,2.04,,,,,,,,,,,,,
Tamil Nadu,6. Dharmapuri,2019,Jowar,Rabi,2207.0,2460.0,1.11,,,,,,,,,,,,,
Tamil Nadu,6. Dharmapuri,2019,Maize,Kharif,2280.0,16945.0,7.43,,,,,,,,,,,,,
Tamil Nadu,6. Dharmapuri,2019,Maize,Rabi,250.0,1679.0,6.72,,,,,,,,,,,,,
Tamil Nadu,6. Dharmapuri,2019,Moong(Green Gram),Kharif,2063.0,1590.0,0.77,,,,,,,,,,,,,
Tamil Nadu,6. Dharmapuri,2019,Moong(Green Gram),Rabi,13.0,6.0,0.46,,,,,,,,,,,,,
Tamil Nadu,6. Dharmapuri,2019,Onion,Kharif,331.0,3035.0,9.17,,,,,,,,,,,,,
Tamil Nadu,6. Dharmapuri,2019,Onion,Rabi,30.0,212.0,7.07,,,,,,,,,,,,,
Tamil Nadu,6. Dharmapuri,2019,Other Kharif pulses,Kharif,8297.0,7623.0,0.92,,,,,,,,,,,,,
Tamil Nadu,6. Dharmapuri,2019,Ragi,Kharif,11870.0,41591.0,3.5,,,,,,,,,,,,,
Tamil Nadu,6. Dharmapuri,2019,Ragi,Rabi,3812.0,17182.0,4.51,,,,,,,,,,,,,
Tamil Nadu,6. Dharmapuri,2019,Rice,Autumn,8.0,38.0,4.75,,,,,,,,,,,,,
Tamil Nadu,6. Dharmapuri,2019,Rice,Winter,13229.0,56481.0,4.27,,,,,,,,,,,,,
Tamil Nadu,6. Dharmapuri,2019,Sesamum,Kharif,336.0,113.0,0.34,,,,,,,,,,,,,
Tamil Nadu,6. Dharmapuri,2019,Small millets,Kharif,3977.0,5611.0,1.41,,,,,,,,,,,,,
Tamil Nadu,6. Dharmapuri,2019,Urad,Kharif,5391.0,5542.0,1.03,,,,,,,,,,,,,
Tamil Nadu,6. Dharmapuri,2019,Urad,Rabi,80.0,62.0,0.78,,,,,,,,,,,,,
Tamil Nadu,6. Dharmapuri,2019,Arhar/Tur,Kharif,10993.0,14046.0,1.28,,,,,,,,,,,,,
Tamil Nadu,6. Dharmapuri,2019,Cowpea(Lobia),Kharif,12893.0,11820.0,0.92,,,,,,,,,,,,,
Tamil Nadu,6. Dharmapuri,2019,Cowpea(Lobia),Rabi,107.0,75.0,0.7,,,,,,,,,,,,,
Tamil Nadu,6. Dharmapuri,2019,Other Rabi pulses,Rabi,23.0,21.0,0.91,,,,,,,,,,,,,
Tamil Nadu,6. Dharmapuri,2019,Gram,Rabi,1752.0,1622.0,0.93,,,,,,,,,,,,,
Tamil Nadu,6. Dharmapuri,2019,Potato,Kharif,1.0,21.0,21.0,,,,,,,,,,,,,
Tamil Nadu,6. Dharmapuri,2020,Bajra,Kharif,765.0,2018.0,2.64,,,,,,,,,,,,,
Tamil Nadu,6. Dharmapuri,2020,Bajra,Rabi,10.0,14.0,1.4,,,,,,,,,,,,,
Tamil Nadu,6. Dharmapuri,2020,Castor seed,Kharif,378.0,118.0,0.31,,,,,,,,,,,,,
Tamil Nadu,6. Dharmapuri,2020,Cotton(lint),Kharif,3927.0,9288.0,2.37,,,,,,,,,,,,,
Tamil Nadu,6. Dharmapuri,2020,Cotton(lint),Rabi,30.0,73.0,2.43,,,,,,,,,,,,,
Tamil Nadu,6. Dharmapuri,2020,Groundnut,Kharif,14102.0,26921.0,1.91,,,,,,,,,,,,,
Tamil Nadu,6. Dharmapuri,2020,Groundnut,Rabi,2996.0,9245.0,3.09,,,,,,,,,,,,,
Tamil Nadu,6. Dharmapuri,2020,Horse-gram,Kharif,24.0,20.0,0.83,,,,,,,,,,,,,
Tamil Nadu,6. Dharmapuri,2020,Horse-gram,Rabi,11382.0,9500.0,0.83,,,,,,,,,,,,,
Tamil Nadu,6. Dharmapuri,2020,Jowar,Kharif,30460.0,57335.0,1.88,,,,,,,,,,,,,
Tamil Nadu,6. Dharmapuri,2020,Jowar,Rabi,212.0,205.0,0.97,,,,,,,,,,,,,
Tamil Nadu,6. Dharmapuri,2020,Maize,Kharif,3270.0,23680.0,7.24,,,,,,,,,,,,,
Tamil Nadu,6. Dharmapuri,2020,Maize,Rabi,928.0,4905.0,5.29,,,,,,,,,,,,,
Tamil Nadu,6. Dharmapuri,2020,Moong(Green Gram),Kharif,2193.0,1722.0,0.79,,,,,,,,,,,,,
Tamil Nadu,6. Dharmapuri,2020,Moong(Green Gram),Rabi,83.0,23.0,0.28,,,,,,,,,,,,,
Tamil Nadu,6. Dharmapuri,2020,Onion,Kharif,868.0,11666.0,13.44,,,,,,,,,,,,,
Tamil Nadu,6. Dharmapuri,2020,Onion,Rabi,311.0,1728.0,5.56,,,,,,,,,,,,,
Tamil Nadu,6. Dharmapuri,2020,Other Kharif pulses,Kharif,8216.0,4806.0,0.58,,,,,,,,,,,,,
Tamil Nadu,6. Dharmapuri,2020,Ragi,Kharif,12473.0,41486.0,3.33,,,,,,,,,,,,,
Tamil Nadu,6. Dharmapuri,2020,Ragi,Rabi,4948.0,20101.0,4.06,,,,,,,,,,,,,
Tamil Nadu,6. Dharmapuri,2020,Rice,Autumn,212.0,911.0,4.3,,,,,,,,,,,,,
Tamil Nadu,6. Dharmapuri,2020,Rice,Winter,15471.0,70409.0,4.55,,,,,,,,,,,,,
Tamil Nadu,6. Dharmapuri,2020,Sesamum,Kharif,610.0,520.0,0.85,,,,,,,,,,,,,
Tamil Nadu,6. Dharmapuri,2020,Sesamum,Rabi,10.0,7.0,0.7,,,,,,,,,,,,,
Tamil Nadu,6. Dharmapuri,2020,Small millets,Kharif,4515.0,5620.0,1.24,,,,,,,,,,,,,
Tamil Nadu,6. Dharmapuri,2020,Urad,Kharif,5089.0,5154.0,1.01,,,,,,,,,,,,,
Tamil Nadu,6. Dharmapuri,2020,Urad,Rabi,599.0,310.0,0.52,,,,,,,,,,,,,
Tamil Nadu,6. Dharmapuri,2020,Arhar/Tur,Kharif,11396.0,11344.0,1.0,,,,,,,,,,,,,
Tamil Nadu,6. Dharmapuri,2020,Arhar/Tur,Rabi,23.0,22.0,0.96,,,,,,,,,,,,,
Tamil Nadu,6. Dharmapuri,2020,Cowpea(Lobia),Kharif,12144.0,9519.0,0.78,,,,,,,,,,,,,
Tamil Nadu,6. Dharmapuri,2020,Other Rabi pulses,Rabi,10.0,6.0,0.6,,,,,,,,,,,,,
Tamil Nadu,6. Dharmapuri,2020,Rapeseed &Mustard,Rabi,2.0,0.0,0.0,,,,,,,,,,,,,
Tamil Nadu,6. Dharmapuri,2020,Gram,Rabi,1800.0,1667.0,0.93,,,,,,,,,,,,,
Tamil Nadu,6. Dharmapuri,2021,Bajra,Kharif,234.0,588.0,2.51,,,,,,,,,,,,,
Tamil Nadu,6. Dharmapuri,2021,Castor seed,Kharif,618.0,208.0,0.34,,,,,,,,,,,,,
Tamil Nadu,6. Dharmapuri,2021,Cotton(lint),Kharif,4926.0,11105.0,2.25,,,,,,,,,,,,,
Tamil Nadu,6. Dharmapuri,2021,Cotton(lint),Rabi,378.0,902.0,2.39,,,,,,,,,,,,,
Tamil Nadu,6. Dharmapuri,2021,Groundnut,Kharif,14855.0,57996.0,3.9,,,,,,,,,,,,,
Tamil Nadu,6. Dharmapuri,2021,Groundnut,Rabi,1145.0,4493.0,3.92,,,,,,,,,,,,,
Tamil Nadu,6. Dharmapuri,2021,Horse-gram,Kharif,188.0,152.0,0.81,,,,,,,,,,,,,
Tamil Nadu,6. Dharmapuri,2021,Horse-gram,Rabi,8559.0,6917.0,0.81,,,,,,,,,,,,,
Tamil Nadu,6. Dharmapuri,2021,Jowar,Kharif,31779.0,58184.0,1.83,,,,,,,,,,,,,
Tamil Nadu,6. Dharmapuri,2021,Maize,Kharif,3854.0,27911.0,7.24,,,,,,,,,,,,,
Tamil Nadu,6. Dharmapuri,2021,Maize,Rabi,275.0,1669.0,6.07,,,,,,,,,,,,,
Tamil Nadu,6. Dharmapuri,2021,Moong(Green Gram),Kharif,2171.0,1494.0,0.69,,,,,,,,,,,,,
Tamil Nadu,6. Dharmapuri,2021,Moong(Green Gram),Rabi,8.0,3.0,0.38,,,,,,,,,,,,,
Tamil Nadu,6. Dharmapuri,2021,Onion,Kharif,1438.0,13128.0,9.13,,,,,,,,,,,,,
Tamil Nadu,6. Dharmapuri,2021,Onion,Rabi,527.0,3177.0,6.03,,,,,,,,,,,,,
Tamil Nadu,6. Dharmapuri,2021,Other Kharif pulses,Kharif,9089.0,5317.0,0.58,,,,,,,,,,,,,
Tamil Nadu,6. Dharmapuri,2021,Ragi,Kharif,12722.0,34011.0,2.67,,,,,,,,,,,,,
Tamil Nadu,6. Dharmapuri,2021,Ragi,Rabi,1811.0,8790.0,4.85,,,,,,,,,,,,,
Tamil Nadu,6. Dharmapuri,2021,Rice,Autumn,506.0,2291.0,4.53,,,,,,,,,,,,,
Tamil Nadu,6. Dharmapuri,2021,Rice,Winter,19216.0,78874.0,4.1,,,,,,,,,,,,,
Tamil Nadu,6. Dharmapuri,2021,Sesamum,Kharif,41.0,35.0,0.85,,,,,,,,,,,,,
Tamil Nadu,6. Dharmapuri,2021,Small millets,Kharif,4804.0,6748.0,1.4,,,,,,,,,,,,,
Tamil Nadu,6. Dharmapuri,2021,Urad,Kharif,5553.0,5401.0,0.97,,,,,,,,,,,,,
Tamil Nadu,6. Dharmapuri,2021,Urad,Rabi,352.0,223.0,0.63,,,,,,,,,,,,,
Tamil Nadu,6. Dharmapuri,2021,Arhar/Tur,Kharif,12363.0,13166.0,1.06,,,,,,,,,,,,,
Tamil Nadu,6. Dharmapuri,2021,Other Cereals,Kharif,8.0,11.0,1.38,,,,,,,,,,,,,
Tamil Nadu,6. Dharmapuri,2021,Cowpea(Lobia),Kharif,12300.0,11434.0,0.93,,,,,,,,,,,,,
Tamil Nadu,6. Dharmapuri,2021,Cowpea(Lobia),Rabi,3.0,2.0,0.67,,,,,,,,,,,,,
Tamil Nadu,6. Dharmapuri,2021,Gram,Rabi,1376.0,1275.0,0.93,,,,,,,,,,,,,
Tamil Nadu,6. Dharmapuri,2022,Bajra,Kharif,119.0,324.0,2.72,,,,,,,,,,,,,
Tamil Nadu,6. Dharmapuri,2022,Castor seed,Kharif,711.0,222.0,0.31,,,,,,,,,,,,,
Tamil Nadu,6. Dharmapuri,2022,Cotton(lint),Kharif,5763.0,13741.0,2.38,,,,,,,,,,,,,
Tamil Nadu,6. Dharmapuri,2022,Cotton(lint),Rabi,222.0,397.0,1.79,,,,,,,,,,,,,
Tamil Nadu,6. Dharmapuri,2022,Groundnut,Kharif,14094.0,38738.0,2.75,,,,,,,,,,,,,
Tamil Nadu,6. Dharmapuri,2022,Groundnut,Rabi,1707.0,6852.0,4.01,,,,,,,,,,,,,
Tamil Nadu,6. Dharmapuri,2022,Horse-gram,Kharif,1044.0,806.0,0.77,,,,,,,,,,,,,
Tamil Nadu,6. Dharmapuri,2022,Horse-gram,Rabi,11073.0,9683.0,0.87,,,,,,,,,,,,,
Tamil Nadu,6. Dharmapuri,2022,Jowar,Kharif,29498.0,42370.0,1.44,,,,,,,,,,,,,
Tamil Nadu,6. Dharmapuri,2022,Jowar,Rabi,84.0,67.0,0.8,,,,,,,,,,,,,
Tamil Nadu,6. Dharmapuri,2022,Maize,Kharif,3854.0,23023.0,5.97,,,,,,,,,,,,,
Tamil Nadu,6. Dharmapuri,2022,Maize,Rabi,1077.0,6613.0,6.14,,,,,,,,,,,,,
Tamil Nadu,6. Dharmapuri,2022,Moong(Green Gram),Kharif,2596.0,1795.0,0.69,,,,,,,,,,,,,
Tamil Nadu,6. Dharmapuri,2022,Moong(Green Gram),Rabi,2.0,1.0,0.5,,,,,,,,,,,,,
Tamil Nadu,6. Dharmapuri,2022,Onion,Kharif,1110.0,8873.0,7.99,,,,,,,,,,,,,
Tamil Nadu,6. Dharmapuri,2022,Onion,Rabi,256.0,1951.0,7.62,,,,,,,,,,,,,
Tamil Nadu,6. Dharmapuri,2022,Other Kharif pulses,Kharif,8583.0,5347.0,0.62,,,,,,,,,,,,,
Tamil Nadu,6. Dharmapuri,2022,Ragi,Kharif,11793.0,31622.0,2.68,,,,,,,,,,,,,
Tamil Nadu,6. Dharmapuri,2022,Ragi,Rabi,2056.0,8598.0,4.18,,,,,,,,,,,,,
Tamil Nadu,6. Dharmapuri,2022,Rice,Autumn,955.0,4385.0,4.59,,,,,,,,,,,,,
Tamil Nadu,6. Dharmapuri,2022,Rice,Winter,21021.0,88129.0,4.19,,,,,,,,,,,,,
Tamil Nadu,6. Dharmapuri,2022,Sesamum,Kharif,71.0,52.0,0.73,,,,,,,,,,,,,
Tamil Nadu,6. Dharmapuri,2022,Small millets,Kharif,4868.0,6099.0,1.25,,,,,,,,,,,,,
Tamil Nadu,6. Dharmapuri,2022,Urad,Kharif,5879.0,4738.0,0.81,,,,,,,,,,,,,
Tamil Nadu,6. Dharmapuri,2022,Urad,Rabi,283.0,185.0,0.65,,,,,,,,,,,,,
Tamil Nadu,6. Dharmapuri,2022,Arhar/Tur,Kharif,12589.0,13074.0,1.04,,,,,,,,,,,,,
Tamil Nadu,6. Dharmapuri,2022,Cowpea(Lobia),Kharif,11769.0,10892.0,0.93,,,,,,,,,,,,,
Tamil Nadu,6. Dharmapuri,2022,Cowpea(Lobia),Rabi,134.0,63.0,0.47,,,,,,,,,,,,,
Tamil Nadu,6. Dharmapuri,2022,Other Rabi pulses,Rabi,38.0,24.0,0.63,,,,,,,,,,,,,
Tamil Nadu,6. Dharmapuri,2022,Rapeseed &Mustard,Rabi,3.0,1.0,0.33,,,,,,,,,,,,,
Tamil Nadu,6. Dharmapuri,2022,Gram,Rabi,1781.0,1649.0,0.93,,,,,,,,,,,,,
Tamil Nadu,7. Dindigul,2015,Bajra,Kharif,129.0,501.0,3.88,,,,,,,,,,,,,
Tamil Nadu,7. Dindigul,2015,Bajra,Rabi,723.0,1646.0,2.28,,,,,,,,,,,,,
Tamil Nadu,7. Dindigul,2015,Castor seed,Kharif,38.0,14.0,0.37,,,,,,,,,,,,,
Tamil Nadu,7. Dindigul,2015,Cotton(lint),Kharif,151.0,701.0,4.64,,,,,,,,,,,,,
Tamil Nadu,7. Dindigul,2015,Cotton(lint),Rabi,4684.0,15375.0,3.28,,,,,,,,,,,,,
Tamil Nadu,7. Dindigul,2015,Groundnut,Kharif,2425.0,4988.0,2.06,,,,,,,,,,,,,
Tamil Nadu,7. Dindigul,2015,Groundnut,Rabi,8011.0,24201.0,3.02,,,,,,,,,,,,,
Tamil Nadu,7. Dindigul,2015,Horse-gram,Kharif,391.0,205.0,0.52,,,,,,,,,,,,,
Tamil Nadu,7. Dindigul,2015,Horse-gram,Rabi,3223.0,1682.0,0.52,,,,,,,,,,,,,
Tamil Nadu,7. Dindigul,2015,Jowar,Kharif,4800.0,11938.0,2.49,,,,,,,,,,,,,
Tamil Nadu,7. Dindigul,2015,Jowar,Rabi,36724.0,80793.0,2.2,,,,,,,,,,,,,
Tamil Nadu,7. Dindigul,2015,Maize,Kharif,4825.0,47589.0,9.86,,,,,,,,,,,,,
Tamil Nadu,7. Dindigul,2015,Maize,Rabi,23064.0,218462.0,9.47,,,,,,,,,,,,,
Tamil Nadu,7. Dindigul,2015,Masoor,Kharif,1466.0,1412.0,0.96,,,,,,,,,,,,,
Tamil Nadu,7. Dindigul,2015,Moong(Green Gram),Kharif,63.0,50.0,0.79,,,,,,,,,,,,,
Tamil Nadu,7. Dindigul,2015,Moong(Green Gram),Rabi,2392.0,1397.0,0.58,,,,,,,,,,,,,
Tamil Nadu,7. Dindigul,2015,Onion,Kharif,1027.0,8718.0,8.49,,,,,,,,,,,,,
Tamil Nadu,7. Dindigul,2015,Onion,Rabi,2451.0,27615.0,11.27,,,,,,,,,,,,,
Tamil Nadu,7. Dindigul,2015,Other Kharif pulses,Kharif,12854.0,7520.0,0.59,,,,,,,,,,,,,
Tamil Nadu,7. Dindigul,2015,Ragi,Kharif,5.0,15.0,3.0,,,,,,,,,,,,,
Tamil Nadu,7. Dindigul,2015,Ragi,Rabi,9.0,33.0,3.67,,,,,,,,,,,,,
Tamil Nadu,7. Dindigul,2015,Rice,Kharif,14989.0,71945.0,4.8,,,,,,,,,,,,,
Tamil Nadu,7. Dindigul,2015,Sesamum,Kharif,456.0,305.0,0.67,,,,,,,,,,,,,
Tamil Nadu,7. Dindigul,2015,Sesamum,Rabi,287.0,177.0,0.62,,,,,,,,,,,,,
Tamil Nadu,7. Dindigul,2015,Small millets,Kharif,8.0,2.0,0.25,,,,,,,,,,,,,
Tamil Nadu,7. Dindigul,2015,Small millets,Rabi,25.0,36.0,1.44,,,,,,,,,,,,,
Tamil Nadu,7. Dindigul,2015,Sunflower,Kharif,112.0,132.0,1.18,,,,,,,,,,,,,
Tamil Nadu,7. Dindigul,2015,Sunflower,Rabi,554.0,642.0,1.16,,,,,,,,,,,,,
Tamil Nadu,7. Dindigul,2015,Urad,Kharif,373.0,258.0,0.69,,,,,,,,,,,,,
Tamil Nadu,7. Dindigul,2015,Urad,Rabi,7971.0,5723.0,0.72,,,,,,,,,,,,,
Tamil Nadu,7. Dindigul,2015,Gram,Rabi,563.0,304.0,0.54,,,,,,,,,,,,,
Tamil Nadu,7. Dindigul,2015,Potato,Kharif,1723.0,25904.0,15.03,,,,,,,,,,,,,
Tamil Nadu,7. Dindigul,2015,Potato,Rabi,275.0,4953.0,18.01,,,,,,,,,,,,,
Tamil Nadu,7. Dindigul,2016,Bajra,Kharif,114.0,337.0,2.96,,,,,,,,,,,,,
Tamil Nadu,7. Dindigul,2016,Bajra,Rabi,546.0,172.0,0.32,,,,,,,,,,,,,
Tamil Nadu,7. Dindigul,2016,Castor seed,Kharif,20.0,7.0,0.35,,,,,,,,,,,,,
Tamil Nadu,7. Dindigul,2016,Cotton(lint),Kharif,207.0,269.0,1.3,,,,,,,,,,,,,
Tamil Nadu,7. Dindigul,2016,Cotton(lint),Rabi,4857.0,5014.0,1.03,,,,,,,,,,,,,
Tamil Nadu,7. Dindigul,2016,Groundnut,Kharif,1403.0,3769.0,2.69,,,,,,,,,,,,,
Tamil Nadu,7. Dindigul,2016,Groundnut,Rabi,2238.0,3584.0,1.6,,,,,,,,,,,,,
Tamil Nadu,7. Dindigul,2016,Horse-gram,Kharif,238.0,65.0,0.27,,,,,,,,,,,,,
Tamil Nadu,7. Dindigul,2016,Horse-gram,Rabi,2974.0,819.0,0.28,,,,,,,,,,,,,
Tamil Nadu,7. Dindigul,2016,Jowar,Kharif,2173.0,3200.0,1.47,,,,,,,,,,,,,
Tamil Nadu,7. Dindigul,2016,Jowar,Rabi,40721.0,12603.0,0.31,,,,,,,,,,,,,
Tamil Nadu,7. Dindigul,2016,Maize,Kharif,1367.0,7512.0,5.5,,,,,,,,,,,,,
Tamil Nadu,7. Dindigul,2016,Maize,Rabi,19959.0,24871.0,1.25,,,,,,,,,,,,,
Tamil Nadu,7. Dindigul,2016,Moong(Green Gram),Kharif,52.0,42.0,0.81,,,,,,,,,,,,,
Tamil Nadu,7. Dindigul,2016,Moong(Green Gram),Rabi,2248.0,103.0,0.05,,,,,,,,,,,,,
Tamil Nadu,7. Dindigul,2016,Onion,Kharif,610.0,4815.0,7.89,,,,,,,,,,,,,
Tamil Nadu,7. Dindigul,2016,Onion,Rabi,1418.0,6074.0,4.28,,,,,,,,,,,,,
Tamil Nadu,7. Dindigul,2016,Ragi,Rabi,2.0,6.0,3.0,,,,,,,,,,,,,
Tamil Nadu,7. Dindigul,2016,Rice,Kharif,1522.0,4506.0,2.96,,,,,,,,,,,,,
Tamil Nadu,7. Dindigul,2016,Sesamum,Kharif,148.0,59.0,0.4,,,,,,,,,,,,,
Tamil Nadu,7. Dindigul,2016,Sesamum,Rabi,56.0,21.0,0.38,,,,,,,,,,,,,
Tamil Nadu,7. Dindigul,2016,Small millets,Kharif,6.0,6.0,1.0,,,,,,,,,,,,,
Tamil Nadu,7. Dindigul,2016,Small millets,Rabi,16.0,14.0,0.88,,,,,,,,,,,,,
Tamil Nadu,7. Dindigul,2016,Sunflower,Kharif,88.0,75.0,0.85,,,,,,,,,,,,,
Tamil Nadu,7. Dindigul,2016,Sunflower,Rabi,220.0,190.0,0.86,,,,,,,,,,,,,
Tamil Nadu,7. Dindigul,2016,Urad,Kharif,433.0,335.0,0.77,,,,,,,,,,,,,
Tamil Nadu,7. Dindigul,2016,Urad,Rabi,14054.0,5074.0,0.36,,,,,,,,,,,,,
Tamil Nadu,7. Dindigul,2016,Arhar/Tur,Kharif,813.0,578.0,0.71,,,,,,,,,,,,,
Tamil Nadu,7. Dindigul,2016,Other Cereals,Kharif,2.0,,0.0,,,,,,,,,,,,,
Tamil Nadu,7. Dindigul,2016,Other Cereals,Rabi,17.0,2.0,0.12,,,,,,,,,,,,,
Tamil Nadu,7. Dindigul,2016,Gram,Rabi,558.0,321.0,0.58,,,,,,,,,,,,,
Tamil Nadu,7. Dindigul,2016,Potato,Kharif,1721.0,30981.0,18.0,,,,,,,,,,,,,
Tamil Nadu,7. Dindigul,2016,Potato,Rabi,1036.0,15678.0,15.13,,,,,,,,,,,,,
Tamil Nadu,7. Dindigul,2017,Bajra,Kharif,243.0,573.0,2.36,,,,,,,,,,,,,
Tamil Nadu,7. Dindigul,2017,Bajra,Rabi,187.0,294.0,1.57,,,,,,,,,,,,,
Tamil Nadu,7. Dindigul,2017,Castor seed,Kharif,10.0,3.58,0.36,,,,,,,,,,,,,
Tamil Nadu,7. Dindigul,2017,Cotton(lint),Kharif,1633.0,4.0,0.0,,,,,,,,,,,,,
Tamil Nadu,7. Dindigul,2017,Cotton(lint),Rabi,3502.0,13.0,0.0,,,,,,,,,,,,,
Tamil Nadu,7. Dindigul,2017,Groundnut,Kharif,2770.0,7803.0,2.82,,,,,,,,,,,,,
Tamil Nadu,7. Dindigul,2017,Groundnut,Rabi,3577.0,10305.0,2.88,,,,,,,,,,,,,
Tamil Nadu,7. Dindigul,2017,Horse-gram,Kharif,342.0,223.0,0.65,,,,,,,,,,,,,
Tamil Nadu,7. Dindigul,2017,Horse-gram,Rabi,2898.0,1889.0,0.65,,,,,,,,,,,,,
Tamil Nadu,7. Dindigul,2017,Jowar,Kharif,21263.0,33596.0,1.58,,,,,,,,,,,,,
Tamil Nadu,7. Dindigul,2017,Jowar,Rabi,29626.0,37981.0,1.28,,,,,,,,,,,,,
Tamil Nadu,7. Dindigul,2017,Maize,Kharif,4596.0,42371.0,9.22,,,,,,,,,,,,,
Tamil Nadu,7. Dindigul,2017,Maize,Rabi,22520.0,198424.0,8.81,,,,,,,,,,,,,
Tamil Nadu,7. Dindigul,2017,Moong(Green Gram),Kharif,345.0,210.0,0.61,,,,,,,,,,,,,
Tamil Nadu,7. Dindigul,2017,Moong(Green Gram),Rabi,1809.0,1268.0,0.7,,,,,,,,,,,,,
Tamil Nadu,7. Dindigul,2017,Onion,Kharif,154.0,1838.0,11.94,,,,,,,,,,,,,
Tamil Nadu,7. Dindigul,2017,Onion,Rabi,1137.0,10955.0,9.64,,,,,,,,,,,,,
Tamil Nadu,7. Dindigul,2017,Other Kharif pulses,Kharif,400.0,264.0,0.66,,,,,,,,,,,,,
Tamil Nadu,7. Dindigul,2017,Ragi,Kharif,9.0,31.0,3.44,,,,,,,,,,,,,
Tamil Nadu,7. Dindigul,2017,Ragi,Rabi,9.0,40.0,4.44,,,,,,,,,,,,,
Tamil Nadu,7. Dindigul,2017,Rice,Autumn,107.0,412.0,3.85,,,,,,,,,,,,,
Tamil Nadu,7. Dindigul,2017,Rice,Winter,5203.0,29048.0,5.58,,,,,,,,,,,,,
Tamil Nadu,7. Dindigul,2017,Sesamum,Kharif,322.0,137.0,0.43,,,,,,,,,,,,,
Tamil Nadu,7. Dindigul,2017,Sesamum,Rabi,138.0,85.0,0.62,,,,,,,,,,,,,
Tamil Nadu,7. Dindigul,2017,Small millets,Kharif,13.0,14.0,1.08,,,,,,,,,,,,,
Tamil Nadu,7. Dindigul,2017,Small millets,Rabi,7.0,7.0,1.0,,,,,,,,,,,,,
Tamil Nadu,7. Dindigul,2017,Sunflower,Kharif,1.0,2.0,2.0,,,,,,,,,,,,,
Tamil Nadu,7. Dindigul,2017,Sunflower,Rabi,90.0,113.0,1.26,,,,,,,,,,,,,
Tamil Nadu,7. Dindigul,2017,Urad,Kharif,1748.0,1592.0,0.91,,,,,,,,,,,,,
Tamil Nadu,7. Dindigul,2017,Urad,Rabi,9445.0,6895.0,0.73,,,,,,,,,,,,,
Tamil Nadu,7. Dindigul,2017,Arhar/Tur,Kharif,1397.0,1527.0,1.09,,,,,,,,,,,,,
Tamil Nadu,7. Dindigul,2017,Other Cereals,Kharif,14.0,19.0,1.36,,,,,,,,,,,,,
Tamil Nadu,7. Dindigul,2017,Other Cereals,Rabi,7.0,9.0,1.29,,,,,,,,,,,,,
Tamil Nadu,7. Dindigul,2017,Cowpea(Lobia),Kharif,3407.0,1837.0,0.54,,,,,,,,,,,,,
Tamil Nadu,7. Dindigul,2017,Cowpea(Lobia),Rabi,4232.0,3029.0,0.72,,,,,,,,,,,,,
Tamil Nadu,7. Dindigul,2017,Other Rabi pulses,Rabi,1857.0,1227.0,0.66,,,,,,,,,,,,,
Tamil Nadu,7. Dindigul,2017,Gram,Rabi,308.0,285.0,0.93,,,,,,,,,,,,,
Tamil Nadu,7. Dindigul,2017,Potato,Kharif,1333.0,23074.0,17.31,,,,,,,,,,,,,
Tamil Nadu,7. Dindigul,2017,Potato,Rabi,807.0,18262.0,22.63,,,,,,,,,,,,,
Tamil Nadu,7. Dindigul,2018,Bajra,Kharif,118.0,335.0,2.84,,,,,,,,,,,,,
Tamil Nadu,7. Dindigul,2018,Bajra,Rabi,201.0,182.0,0.91,,,,,,,,,,,,,
Tamil Nadu,7. Dindigul,2018,Castor seed,Kharif,21.0,8.0,0.38,,,,,,,,,,,,,
Tamil Nadu,7. Dindigul,2018,Cotton(lint),Kharif,870.0,1885.0,2.17,,,,,,,,,,,,,
Tamil Nadu,7. Dindigul,2018,Cotton(lint),Rabi,4405.0,14224.0,3.23,,,,,,,,,,,,,
Tamil Nadu,7. Dindigul,2018,Groundnut,Kharif,699.0,1780.0,2.55,,,,,,,,,,,,,
Tamil Nadu,7. Dindigul,2018,Groundnut,Rabi,2772.0,7313.0,2.64,,,,,,,,,,,,,
Tamil Nadu,7. Dindigul,2018,Horse-gram,Kharif,52.0,49.0,0.94,,,,,,,,,,,,,
Tamil Nadu,7. Dindigul,2018,Horse-gram,Rabi,3059.0,2884.0,0.94,,,,,,,,,,,,,
Tamil Nadu,7. Dindigul,2018,Jowar,Kharif,1964.0,2720.0,1.38,,,,,,,,,,,,,
Tamil Nadu,7. Dindigul,2018,Jowar,Rabi,44634.0,53568.0,1.2,,,,,,,,,,,,,
Tamil Nadu,7. Dindigul,2018,Maize,Kharif,2054.0,15038.0,7.32,,,,,,,,,,,,,
Tamil Nadu,7. Dindigul,2018,Maize,Rabi,25230.0,176547.0,7.0,,,,,,,,,,,,,
Tamil Nadu,7. Dindigul,2018,Moong(Green Gram),Kharif,59.0,40.0,0.68,,,,,,,,,,,,,
Tamil Nadu,7. Dindigul,2018,Moong(Green Gram),Rabi,1322.0,792.0,0.6,,,,,,,,,,,,,
Tamil Nadu,7. Dindigul,2018,Onion,Kharif,564.0,4570.0,8.1,,,,,,,,,,,,,
Tamil Nadu,7. Dindigul,2018,Onion,Rabi,1905.0,9283.0,4.87,,,,,,,,,,,,,
Tamil Nadu,7. Dindigul,2018,Other Kharif pulses,Kharif,106.0,77.0,0.73,,,,,,,,,,,,,
Tamil Nadu,7. Dindigul,2018,Ragi,Kharif,1.0,4.0,4.0,,,,,,,,,,,,,
Tamil Nadu,7. Dindigul,2018,Ragi,Rabi,9.0,31.0,3.44,,,,,,,,,,,,,
Tamil Nadu,7. Dindigul,2018,Rice,Autumn,458.0,1963.0,4.29,,,,,,,,,,,,,
Tamil Nadu,7. Dindigul,2018,Rice,Winter,3193.0,12799.0,4.01,,,,,,,,,,,,,
Tamil Nadu,7. Dindigul,2018,Sesamum,Kharif,31.0,15.0,0.48,,,,,,,,,,,,,
Tamil Nadu,7. Dindigul,2018,Sesamum,Rabi,211.0,120.0,0.57,,,,,,,,,,,,,
Tamil Nadu,7. Dindigul,2018,Small millets,Rabi,6.0,11.0,1.83,,,,,,,,,,,,,
Tamil Nadu,7. Dindigul,2018,Sunflower,Kharif,21.0,37.0,1.76,,,,,,,,,,,,,
Tamil Nadu,7. Dindigul,2018,Sunflower,Rabi,227.0,147.0,0.65,,,,,,,,,,,,,
Tamil Nadu,7. Dindigul,2018,Urad,Kharif,324.0,246.0,0.76,,,,,,,,,,,,,
Tamil Nadu,7. Dindigul,2018,Urad,Rabi,7038.0,4885.0,0.69,,,,,,,,,,,,,
Tamil Nadu,7. Dindigul,2018,Arhar/Tur,Kharif,517.0,645.0,1.25,,,,,,,,,,,,,
Tamil Nadu,7. Dindigul,2018,Other Cereals,Kharif,1.0,1.0,1.0,,,,,,,,,,,,,
Tamil Nadu,7. Dindigul,2018,Other Cereals,Rabi,2.0,5.0,2.5,,,,,,,,,,,,,
Tamil Nadu,7. Dindigul,2018,Cowpea(Lobia),Kharif,814.0,695.0,0.85,,,,,,,,,,,,,
Tamil Nadu,7. Dindigul,2018,Cowpea(Lobia),Rabi,5353.0,5157.0,0.96,,,,,,,,,,,,,
Tamil Nadu,7. Dindigul,2018,Other Rabi pulses,Rabi,1910.0,1385.0,0.73,,,,,,,,,,,,,
Tamil Nadu,7. Dindigul,2018,Gram,Rabi,222.0,206.0,0.93,,,,,,,,,,,,,
Tamil Nadu,7. Dindigul,2018,Potato,Kharif,1475.0,11371.0,7.71,,,,,,,,,,,,,
Tamil Nadu,7. Dindigul,2018,Potato,Rabi,762.0,12280.0,16.12,,,,,,,,,,,,,
Tamil Nadu,7. Dindigul,2019,Bajra,Kharif,29.0,80.0,2.76,,,,,,,,,,,,,
Tamil Nadu,7. Dindigul,2019,Bajra,Rabi,193.0,505.0,2.62,,,,,,,,,,,,,
Tamil Nadu,7. Dindigul,2019,Castor seed,Kharif,14.0,5.0,0.36,,,,,,,,,,,,,
Tamil Nadu,7. Dindigul,2019,Cotton(lint),Kharif,909.0,2209.0,2.43,,,,,,,,,,,,,
Tamil Nadu,7. Dindigul,2019,Cotton(lint),Rabi,7160.0,24727.0,3.45,,,,,,,,,,,,,
Tamil Nadu,7. Dindigul,2019,Groundnut,Kharif,1216.0,3732.0,3.07,,,,,,,,,,,,,
Tamil Nadu,7. Dindigul,2019,Groundnut,Rabi,1964.0,5194.0,2.64,,,,,,,,,,,,,
Tamil Nadu,7. Dindigul,2019,Horse-gram,Kharif,26.0,14.0,0.54,,,,,,,,,,,,,
Tamil Nadu,7. Dindigul,2019,Horse-gram,Rabi,2720.0,1365.0,0.5,,,,,,,,,,,,,
Tamil Nadu,7. Dindigul,2019,Jowar,Kharif,8897.0,9484.0,1.07,,,,,,,,,,,,,
Tamil Nadu,7. Dindigul,2019,Jowar,Rabi,45672.0,39916.0,0.87,,,,,,,,,,,,,
Tamil Nadu,7. Dindigul,2019,Maize,Kharif,2396.0,21402.0,8.93,,,,,,,,,,,,,
Tamil Nadu,7. Dindigul,2019,Maize,Rabi,22102.0,153617.0,6.95,,,,,,,,,,,,,
Tamil Nadu,7. Dindigul,2019,Moong(Green Gram),Kharif,67.0,39.0,0.58,,,,,,,,,,,,,
Tamil Nadu,7. Dindigul,2019,Moong(Green Gram),Rabi,1220.0,864.0,0.71,,,,,,,,,,,,,
Tamil Nadu,7. Dindigul,2019,Onion,Kharif,483.0,2339.0,4.84,,,,,,,,,,,,,
Tamil Nadu,7. Dindigul,2019,Onion,Rabi,1618.0,6764.0,4.18,,,,,,,,,,,,,
Tamil Nadu,7. Dindigul,2019,Other Kharif pulses,Kharif,199.0,172.0,0.86,,,,,,,,,,,,,
Tamil Nadu,7. Dindigul,2019,Ragi,Kharif,1.0,4.0,4.0,,,,,,,,,,,,,
Tamil Nadu,7. Dindigul,2019,Ragi,Rabi,15.0,59.0,3.93,,,,,,,,,,,,,
Tamil Nadu,7. Dindigul,2019,Rice,Autumn,217.0,891.0,4.11,,,,,,,,,,,,,
Tamil Nadu,7. Dindigul,2019,Rice,Winter,3424.0,14468.0,4.23,,,,,,,,,,,,,
Tamil Nadu,7. Dindigul,2019,Sesamum,Kharif,68.0,35.0,0.51,,,,,,,,,,,,,
Tamil Nadu,7. Dindigul,2019,Sesamum,Rabi,180.0,131.0,0.73,,,,,,,,,,,,,
Tamil Nadu,7. Dindigul,2019,Small millets,Kharif,1.0,1.0,1.0,,,,,,,,,,,,,
Tamil Nadu,7. Dindigul,2019,Sunflower,Rabi,144.0,194.0,1.35,,,,,,,,,,,,,
Tamil Nadu,7. Dindigul,2019,Urad,Kharif,273.0,230.0,0.84,,,,,,,,,,,,,
Tamil Nadu,7. Dindigul,2019,Urad,Rabi,7098.0,5737.0,0.81,,,,,,,,,,,,,
Tamil Nadu,7. Dindigul,2019,Arhar/Tur,Kharif,101.0,105.0,1.04,,,,,,,,,,,,,
Tamil Nadu,7. Dindigul,2019,Arhar/Tur,Rabi,253.0,264.0,1.04,,,,,,,,,,,,,
Tamil Nadu,7. Dindigul,2019,Other Cereals,Rabi,6.0,8.0,1.33,,,,,,,,,,,,,
Tamil Nadu,7. Dindigul,2019,Cowpea(Lobia),Kharif,1696.0,1462.0,0.86,,,,,,,,,,,,,
Tamil Nadu,7. Dindigul,2019,Cowpea(Lobia),Rabi,4425.0,3713.0,0.84,,,,,,,,,,,,,
Tamil Nadu,7. Dindigul,2019,Other Rabi pulses,Rabi,2063.0,1783.0,0.86,,,,,,,,,,,,,
Tamil Nadu,7. Dindigul,2019,Gram,Rabi,261.0,242.0,0.93,,,,,,,,,,,,,
Tamil Nadu,7. Dindigul,2019,Potato,Kharif,1891.0,40794.0,21.57,,,,,,,,,,,,,
Tamil Nadu,7. Dindigul,2019,Potato,Rabi,417.0,8301.0,19.91,,,,,,,,,,,,,
Tamil Nadu,7. Dindigul,2020,Bajra,Kharif,79.0,208.0,2.63,,,,,,,,,,,,,
Tamil Nadu,7. Dindigul,2020,Bajra,Rabi,121.0,182.0,1.5,,,,,,,,,,,,,
Tamil Nadu,7. Dindigul,2020,Castor seed,Kharif,14.0,4.0,0.29,,,,,,,,,,,,,
Tamil Nadu,7. Dindigul,2020,Cotton(lint),Kharif,1187.0,2312.0,1.95,,,,,,,,,,,,,
Tamil Nadu,7. Dindigul,2020,Cotton(lint),Rabi,2757.0,9785.0,3.55,,,,,,,,,,,,,
Tamil Nadu,7. Dindigul,2020,Groundnut,Kharif,3531.0,6293.0,1.78,,,,,,,,,,,,,
Tamil Nadu,7. Dindigul,2020,Groundnut,Rabi,3125.0,5395.0,1.73,,,,,,,,,,,,,
Tamil Nadu,7. Dindigul,2020,Horse-gram,Kharif,158.0,89.0,0.56,,,,,,,,,,,,,
Tamil Nadu,7. Dindigul,2020,Horse-gram,Rabi,2572.0,1453.0,0.56,,,,,,,,,,,,,
Tamil Nadu,7. Dindigul,2020,Jowar,Kharif,12979.0,13360.0,1.03,,,,,,,,,,,,,
Tamil Nadu,7. Dindigul,2020,Jowar,Rabi,35553.0,22221.0,0.63,,,,,,,,,,,,,
Tamil Nadu,7. Dindigul,2020,Maize,Kharif,9594.0,69809.0,7.28,,,,,,,,,,,,,
Tamil Nadu,7. Dindigul,2020,Maize,Rabi,19361.0,120835.0,6.24,,,,,,,,,,,,,
Tamil Nadu,7. Dindigul,2020,Moong(Green Gram),Kharif,97.0,85.0,0.88,,,,,,,,,,,,,
Tamil Nadu,7. Dindigul,2020,Moong(Green Gram),Rabi,930.0,552.0,0.59,,,,,,,,,,,,,
Tamil Nadu,7. Dindigul,2020,Onion,Kharif,1127.0,5676.0,5.04,,,,,,,,,,,,,
Tamil Nadu,7. Dindigul,2020,Onion,Rabi,3166.0,25473.0,8.05,,,,,,,,,,,,,
Tamil Nadu,7. Dindigul,2020,Other Kharif pulses,Kharif,431.0,251.0,0.58,,,,,,,,,,,,,
Tamil Nadu,7. Dindigul,2020,Ragi,Kharif,7.0,23.0,3.29,,,,,,,,,,,,,
Tamil Nadu,7. Dindigul,2020,Ragi,Rabi,10.0,40.0,4.0,,,,,,,,,,,,,
Tamil Nadu,7. Dindigul,2020,Rice,Autumn,232.0,1011.0,4.36,,,,,,,,,,,,,
Tamil Nadu,7. Dindigul,2020,Rice,Winter,4004.0,12082.0,3.02,,,,,,,,,,,,,
Tamil Nadu,7. Dindigul,2020,Sesamum,Kharif,211.0,83.0,0.39,,,,,,,,,,,,,
Tamil Nadu,7. Dindigul,2020,Sesamum,Rabi,174.0,117.0,0.67,,,,,,,,,,,,,
Tamil Nadu,7. Dindigul,2020,Small millets,Kharif,2.0,3.0,1.5,,,,,,,,,,,,,
Tamil Nadu,7. Dindigul,2020,Small millets,Rabi,6.0,7.0,1.17,,,,,,,,,,,,,
Tamil Nadu,7. Dindigul,2020,Sunflower,Kharif,3.0,6.0,2.0,,,,,,,,,,,,,
Tamil Nadu,7. Dindigul,2020,Sunflower,Rabi,256.0,217.0,0.85,,,,,,,,,,,,,
Tamil Nadu,7. Dindigul,2020,Urad,Kharif,662.0,589.0,0.89,,,,,,,,,,,,,
Tamil Nadu,7. Dindigul,2020,Urad,Rabi,5222.0,2720.0,0.52,,,,,,,,,,,,,
Tamil Nadu,7. Dindigul,2020,Arhar/Tur,Kharif,320.0,145.0,0.45,,,,,,,,,,,,,
Tamil Nadu,7. Dindigul,2020,Arhar/Tur,Rabi,251.0,113.0,0.45,,,,,,,,,,,,,
Tamil Nadu,7. Dindigul,2020,Other Cereals,Kharif,1.0,1.0,1.0,,,,,,,,,,,,,
Tamil Nadu,7. Dindigul,2020,Other Cereals,Rabi,17.0,23.0,1.35,,,,,,,,,,,,,
Tamil Nadu,7. Dindigul,2020,Cowpea(Lobia),Kharif,2455.0,1577.0,0.64,,,,,,,,,,,,,
Tamil Nadu,7. Dindigul,2020,Cowpea(Lobia),Rabi,2679.0,1320.0,0.49,,,,,,,,,,,,,
Tamil Nadu,7. Dindigul,2020,Other Rabi pulses,Rabi,1717.0,983.0,0.57,,,,,,,,,,,,,
Tamil Nadu,7. Dindigul,2020,Gram,Rabi,163.0,151.0,0.93,,,,,,,,,,,,,
Tamil Nadu,7. Dindigul,2020,Potato,Kharif,1672.0,27652.0,16.54,,,,,,,,,,,,,
Tamil Nadu,7. Dindigul,2020,Potato,Rabi,356.0,5608.0,15.75,,,,,,,,,,,,,
Tamil Nadu,7. Dindigul,2021,Bajra,Kharif,119.0,295.0,2.48,,,,,,,,,,,,,
Tamil Nadu,7. Dindigul,2021,Bajra,Rabi,146.0,329.0,2.25,,,,,,,,,,,,,
Tamil Nadu,7. Dindigul,2021,Castor seed,Kharif,19.0,7.0,0.37,,,,,,,,,,,,,
Tamil Nadu,7. Dindigul,2021,Cotton(lint),Kharif,413.0,667.0,1.62,,,,,,,,,,,,,
Tamil Nadu,7. Dindigul,2021,Cotton(lint),Rabi,3896.0,14928.0,3.83,,,,,,,,,,,,,
Tamil Nadu,7. Dindigul,2021,Groundnut,Kharif,1622.0,3284.0,2.02,,,,,,,,,,,,,
Tamil Nadu,7. Dindigul,2021,Groundnut,Rabi,3969.0,14435.0,3.64,,,,,,,,,,,,,
Tamil Nadu,7. Dindigul,2021,Horse-gram,Kharif,26.0,16.0,0.62,,,,,,,,,,,,,
Tamil Nadu,7. Dindigul,2021,Horse-gram,Rabi,2938.0,1896.0,0.65,,,,,,,,,,,,,
Tamil Nadu,7. Dindigul,2021,Jowar,Kharif,5142.0,3694.0,0.72,,,,,,,,,,,,,
Tamil Nadu,7. Dindigul,2021,Jowar,Rabi,43948.0,26241.0,0.6,,,,,,,,,,,,,
Tamil Nadu,7. Dindigul,2021,Maize,Kharif,2916.0,23480.0,8.05,,,,,,,,,,,,,
Tamil Nadu,7. Dindigul,2021,Maize,Rabi,24733.0,200261.0,8.1,,,,,,,,,,,,,
Tamil Nadu,7. Dindigul,2021,Moong(Green Gram),Kharif,27.0,22.0,0.81,,,,,,,,,,,,,
Tamil Nadu,7. Dindigul,2021,Moong(Green Gram),Rabi,1072.0,561.0,0.52,,,,,,,,,,,,,
Tamil Nadu,7. Dindigul,2021,Onion,Kharif,1776.0,16549.0,9.32,,,,,,,,,,,,,
Tamil Nadu,7. Dindigul,2021,Onion,Rabi,2822.0,24322.0,8.62,,,,,,,,,,,,,
Tamil Nadu,7. Dindigul,2021,Other Kharif pulses,Kharif,206.0,119.0,0.58,,,,,,,,,,,,,
Tamil Nadu,7. Dindigul,2021,Other Kharif pulses,Rabi,1726.0,995.0,0.58,,,,,,,,,,,,,
Tamil Nadu,7. Dindigul,2021,Ragi,Kharif,3.0,6.0,2.0,,,,,,,,,,,,,
Tamil Nadu,7. Dindigul,2021,Ragi,Rabi,8.0,31.0,3.88,,,,,,,,,,,,,
Tamil Nadu,7. Dindigul,2021,Rice,Autumn,1704.0,6962.0,4.09,,,,,,,,,,,,,
Tamil Nadu,7. Dindigul,2021,Rice,Winter,5181.0,21266.0,4.1,,,,,,,,,,,,,
Tamil Nadu,7. Dindigul,2021,Sesamum,Kharif,22.0,15.0,0.68,,,,,,,,,,,,,
Tamil Nadu,7. Dindigul,2021,Sesamum,Rabi,168.0,94.0,0.56,,,,,,,,,,,,,
Tamil Nadu,7. Dindigul,2021,Small millets,Kharif,1.0,1.0,1.0,,,,,,,,,,,,,
Tamil Nadu,7. Dindigul,2021,Small millets,Rabi,6.0,8.0,1.33,,,,,,,,,,,,,
Tamil Nadu,7. Dindigul,2021,Sunflower,Kharif,62.0,108.0,1.74,,,,,,,,,,,,,
Tamil Nadu,7. Dindigul,2021,Sunflower,Rabi,555.0,737.0,1.33,,,,,,,,,,,,,
Tamil Nadu,7. Dindigul,2021,Urad,Kharif,257.0,226.0,0.88,,,,,,,,,,,,,
Tamil Nadu,7. Dindigul,2021,Urad,Rabi,5295.0,3671.0,0.69,,,,,,,,,,,,,
Tamil Nadu,7. Dindigul,2021,Arhar/Tur,Kharif,114.0,63.0,0.55,,,,,,,,,,,,,
Tamil Nadu,7. Dindigul,2021,Arhar/Tur,Rabi,305.0,169.0,0.55,,,,,,,,,,,,,
Tamil Nadu,7. Dindigul,2021,Other Cereals,Rabi,11.0,13.0,1.18,,,,,,,,,,,,,
Tamil Nadu,7. Dindigul,2021,Cowpea(Lobia),Kharif,1261.0,726.0,0.58,,,,,,,,,,,,,
Tamil Nadu,7. Dindigul,2021,Cowpea(Lobia),Rabi,3093.0,1674.0,0.54,,,,,,,,,,,,,
Tamil Nadu,7. Dindigul,2021,Gram,Rabi,123.0,114.0,0.93,,,,,,,,,,,,,
Tamil Nadu,7. Dindigul,2021,Potato,Kharif,1689.0,35376.0,20.94,,,,,,,,,,,,,
Tamil Nadu,7. Dindigul,2021,Potato,Rabi,907.0,19500.0,21.5,,,,,,,,,,,,,
Tamil Nadu,7. Dindigul,2022,Bajra,Kharif,67.0,184.0,2.75,,,,,,,,,,,,,
Tamil Nadu,7. Dindigul,2022,Bajra,Rabi,159.0,318.0,2.0,,,,,,,,,,,,,
Tamil Nadu,7. Dindigul,2022,Castor seed,Kharif,10.0,3.0,0.3,,,,,,,,,,,,,
Tamil Nadu,7. Dindigul,2022,Cotton(lint),Kharif,1092.0,2081.0,1.91,,,,,,,,,,,,,
Tamil Nadu,7. Dindigul,2022,Cotton(lint),Rabi,4317.0,16008.0,3.71,,,,,,,,,,,,,
Tamil Nadu,7. Dindigul,2022,Groundnut,Kharif,1548.0,3051.0,1.97,,,,,,,,,,,,,
Tamil Nadu,7. Dindigul,2022,Groundnut,Rabi,3516.0,7607.0,2.16,,,,,,,,,,,,,
Tamil Nadu,7. Dindigul,2022,Horse-gram,Kharif,18.0,14.0,0.78,,,,,,,,,,,,,
Tamil Nadu,7. Dindigul,2022,Horse-gram,Rabi,2998.0,2532.0,0.84,,,,,,,,,,,,,
Tamil Nadu,7. Dindigul,2022,Jowar,Kharif,6571.0,4012.0,0.61,,,,,,,,,,,,,
Tamil Nadu,7. Dindigul,2022,Jowar,Rabi,37328.0,21066.0,0.56,,,,,,,,,,,,,
Tamil Nadu,7. Dindigul,2022,Maize,Kharif,6033.0,47041.0,7.8,,,,,,,,,,,,,
Tamil Nadu,7. Dindigul,2022,Maize,Rabi,25563.0,202649.0,7.93,,,,,,,,,,,,,
Tamil Nadu,7. Dindigul,2022,Moong(Green Gram),Kharif,35.0,28.0,0.8,,,,,,,,,,,,,
Tamil Nadu,7. Dindigul,2022,Moong(Green Gram),Rabi,527.0,303.0,0.57,,,,,,,,,,,,,
Tamil Nadu,7. Dindigul,2022,Onion,Kharif,1150.0,13498.0,11.74,,,,,,,,,,,,,
Tamil Nadu,7. Dindigul,2022,Onion,Rabi,2426.0,22469.0,9.26,,,,,,,,,,,,,
Tamil Nadu,7. Dindigul,2022,Other Kharif pulses,Kharif,217.0,133.0,0.61,,,,,,,,,,,,,
Tamil Nadu,7. Dindigul,2022,Ragi,Rabi,3.0,16.0,5.33,,,,,,,,,,,,,
Tamil Nadu,7. Dindigul,2022,Rice,Autumn,1868.0,7191.0,3.85,,,,,,,,,,,,,
Tamil Nadu,7. Dindigul,2022,Rice,Winter,6450.0,24878.0,3.86,,,,,,,,,,,,,
Tamil Nadu,7. Dindigul,2022,Sesamum,Kharif,44.0,13.0,0.3,,,,,,,,,,,,,
Tamil Nadu,7. Dindigul,2022,Sesamum,Rabi,122.0,66.0,0.54,,,,,,,,,,,,,
Tamil Nadu,7. Dindigul,2022,Small millets,Rabi,3.0,5.0,1.67,,,,,,,,,,,,,
Tamil Nadu,7. Dindigul,2022,Sunflower,Kharif,87.0,138.0,1.59,,,,,,,,,,,,,
Tamil Nadu,7. Dindigul,2022,Sunflower,Rabi,330.0,379.0,1.15,,,,,,,,,,,,,
Tamil Nadu,7. Dindigul,2022,Urad,Kharif,267.0,228.0,0.85,,,,,,,,,,,,,
Tamil Nadu,7. Dindigul,2022,Urad,Rabi,5031.0,2687.0,0.53,,,,,,,,,,,,,
Tamil Nadu,7. Dindigul,2022,Arhar/Tur,Kharif,49.0,51.0,1.04,,,,,,,,,,,,,
Tamil Nadu,7. Dindigul,2022,Arhar/Tur,Rabi,230.0,239.0,1.04,,,,,,,,,,,,,
Tamil Nadu,7. Dindigul,2022,Other Cereals,Kharif,3.0,3.0,1.0,,,,,,,,,,,,,
Tamil Nadu,7. Dindigul,2022,Other Cereals,Rabi,6.0,8.0,1.33,,,,,,,,,,,,,
Tamil Nadu,7. Dindigul,2022,Cowpea(Lobia),Kharif,1354.0,1343.0,0.99,,,,,,,,,,,,,
Tamil Nadu,7. Dindigul,2022,Cowpea(Lobia),Rabi,2524.0,1436.0,0.57,,,,,,,,,,,,,
Tamil Nadu,7. Dindigul,2022,Other Rabi pulses,Rabi,1748.0,1066.0,0.61,,,,,,,,,,,,,
Tamil Nadu,7. Dindigul,2022,Gram,Rabi,31.0,29.0,0.94,,,,,,,,,,,,,
Tamil Nadu,7. Dindigul,2022,Potato,Kharif,1858.0,36452.0,19.62,,,,,,,,,,,,,
Tamil Nadu,7. Dindigul,2022,Potato,Rabi,800.0,17090.0,21.36,,,,,,,,,,,,,
Tamil Nadu,8. Erode,2015,Bajra,Kharif,32.0,86.0,2.69,,,,,,,,,,,,,
Tamil Nadu,8. Erode,2015,Bajra,Rabi,7.0,17.0,2.43,,,,,,,,,,,,,
Tamil Nadu,8. Erode,2015,Castor seed,Kharif,416.0,124.0,0.3,,,,,,,,,,,,,
Tamil Nadu,8. Erode,2015,Cotton(lint),Kharif,361.0,673.0,1.86,,,,,,,,,,,,,
Tamil Nadu,8. Erode,2015,Cotton(lint),Rabi,435.0,1290.0,2.97,,,,,,,,,,,,,
Tamil Nadu,8. Erode,2015,Groundnut,Kharif,18654.0,30910.0,1.66,,,,,,,,,,,,,
Tamil Nadu,8. Erode,2015,Groundnut,Rabi,1863.0,4754.0,2.55,,,,,,,,,,,,,
Tamil Nadu,8. Erode,2015,Horse-gram,Kharif,951.0,560.0,0.59,,,,,,,,,,,,,
Tamil Nadu,8. Erode,2015,Horse-gram,Rabi,235.0,137.0,0.58,,,,,,,,,,,,,
Tamil Nadu,8. Erode,2015,Maize,Kharif,16077.0,117973.0,7.34,,,,,,,,,,,,,
Tamil Nadu,8. Erode,2015,Maize,Rabi,3946.0,27002.0,6.84,,,,,,,,,,,,,
Tamil Nadu,8. Erode,2015,Masoor,Kharif,1229.0,2361.0,1.92,,,,,,,,,,,,,
Tamil Nadu,8. Erode,2015,Moong(Green Gram),Kharif,546.0,433.0,0.79,,,,,,,,,,,,,
Tamil Nadu,8. Erode,2015,Moong(Green Gram),Rabi,95.0,50.0,0.53,,,,,,,,,,,,,
Tamil Nadu,8. Erode,2015,Onion,Kharif,1196.0,9928.0,8.3,,,,,,,,,,,,,
Tamil Nadu,8. Erode,2015,Onion,Rabi,277.0,1796.0,6.48,,,,,,,,,,,,,
Tamil Nadu,8. Erode,2015,Other Kharif pulses,Kharif,1532.0,896.0,0.58,,,,,,,,,,,,,
Tamil Nadu,8. Erode,2015,Ragi,Kharif,4714.0,12690.0,2.69,,,,,,,,,,,,,
Tamil Nadu,8. Erode,2015,Ragi,Rabi,612.0,2216.0,3.62,,,,,,,,,,,,,
Tamil Nadu,8. Erode,2015,Rice,Kharif,34339.0,146570.0,4.27,,,,,,,,,,,,,
Tamil Nadu,8. Erode,2015,Sesamum,Kharif,3107.0,2498.0,0.8,,,,,,,,,,,,,
Tamil Nadu,8. Erode,2015,Sesamum,Rabi,2534.0,1589.0,0.63,,,,,,,,,,,,,
Tamil Nadu,8. Erode,2015,Small millets,Kharif,19.0,26.0,1.37,,,,,,,,,,,,,
Tamil Nadu,8. Erode,2015,Sunflower,Kharif,27.0,38.0,1.41,,,,,,,,,,,,,
Tamil Nadu,8. Erode,2015,Sunflower,Rabi,49.0,47.0,0.96,,,,,,,,,,,,,
Tamil Nadu,8. Erode,2015,Urad,Kharif,861.0,596.0,0.69,,,,,,,,,,,,,
Tamil Nadu,8. Erode,2015,Urad,Rabi,328.0,230.0,0.7,,,,,,,,,,,,,
Tamil Nadu,8. Erode,2015,Rapeseed &Mustard,Rabi,3.0,1.0,0.33,,,,,,,,,,,,,
Tamil Nadu,8. Erode,2015,Potato,Kharif,571.0,8678.0,15.2,,,,,,,,,,,,,
Tamil Nadu,8. Erode,2016,Bajra,Kharif,54.0,159.0,2.94,,,,,,,,,,,,,
Tamil Nadu,8. Erode,2016,Bajra,Rabi,3.0,2.0,0.67,,,,,,,,,,,,,
Tamil Nadu,8. Erode,2016,Castor seed,Kharif,348.0,106.0,0.3,,,,,,,,,,,,,
Tamil Nadu,8. Erode,2016,Cotton(lint),Kharif,213.0,277.0,1.3,,,,,,,,,,,,,
Tamil Nadu,8. Erode,2016,Cotton(lint),Rabi,475.0,699.0,1.47,,,,,,,,,,,,,
Tamil Nadu,8. Erode,2016,Groundnut,Kharif,16941.0,12025.0,0.71,,,,,,,,,,,,,
Tamil Nadu,8. Erode,2016,Groundnut,Rabi,223.0,423.0,1.9,,,,,,,,,,,,,
Tamil Nadu,8. Erode,2016,Horse-gram,Kharif,500.0,160.0,0.32,,,,,,,,,,,,,
Tamil Nadu,8. Erode,2016,Horse-gram,Rabi,73.0,23.0,0.32,,,,,,,,,,,,,
Tamil Nadu,8. Erode,2016,Maize,Kharif,13596.0,48098.0,3.54,,,,,,,,,,,,,
Tamil Nadu,8. Erode,2016,Maize,Rabi,1087.0,1365.0,1.26,,,,,,,,,,,,,
Tamil Nadu,8. Erode,2016,Moong(Green Gram),Kharif,485.0,392.0,0.81,,,,,,,,,,,,,
Tamil Nadu,8. Erode,2016,Moong(Green Gram),Rabi,8.0,2.0,0.25,,,,,,,,,,,,,
Tamil Nadu,8. Erode,2016,Onion,Kharif,812.0,4349.0,5.36,,,,,,,,,,,,,
Tamil Nadu,8. Erode,2016,Onion,Rabi,152.0,768.0,5.05,,,,,,,,,,,,,
Tamil Nadu,8. Erode,2016,Ragi,Kharif,3123.0,662.0,0.21,,,,,,,,,,,,,
Tamil Nadu,8. Erode,2016,Ragi,Rabi,167.0,522.0,3.13,,,,,,,,,,,,,
Tamil Nadu,8. Erode,2016,Rice,Kharif,695.0,1568.0,2.26,,,,,,,,,,,,,
Tamil Nadu,8. Erode,2016,Sesamum,Kharif,136.0,9.0,0.07,,,,,,,,,,,,,
Tamil Nadu,8. Erode,2016,Sesamum,Rabi,141.0,65.0,0.46,,,,,,,,,,,,,
Tamil Nadu,8. Erode,2016,Small millets,Kharif,39.0,41.0,1.05,,,,,,,,,,,,,
Tamil Nadu,8. Erode,2016,Urad,Kharif,801.0,619.0,0.77,,,,,,,,,,,,,
Tamil Nadu,8. Erode,2016,Urad,Rabi,68.0,25.0,0.37,,,,,,,,,,,,,
Tamil Nadu,8. Erode,2016,Arhar/Tur,Kharif,1424.0,409.0,0.29,,,,,,,,,,,,,
Tamil Nadu,8. Erode,2016,Rapeseed &Mustard,Rabi,20.0,4.0,0.2,,,,,,,,,,,,,
Tamil Nadu,8. Erode,2016,Potato,Kharif,526.0,8016.0,15.24,,,,,,,,,,,,,
Tamil Nadu,8. Erode,2017,Bajra,Kharif,150.0,353.0,2.35,,,,,,,,,,,,,
Tamil Nadu,8. Erode,2017,Bajra,Rabi,119.0,246.0,2.07,,,,,,,,,,,,,
Tamil Nadu,8. Erode,2017,Castor seed,Kharif,296.0,91.0,0.31,,,,,,,,,,,,,
Tamil Nadu,8. Erode,2017,Cotton(lint),Kharif,184.0,,0.0,,,,,,,,,,,,,
Tamil Nadu,8. Erode,2017,Cotton(lint),Rabi,571.0,1.0,0.0,,,,,,,,,,,,,
Tamil Nadu,8. Erode,2017,Groundnut,Kharif,14925.0,30850.0,2.07,,,,,,,,,,,,,
Tamil Nadu,8. Erode,2017,Groundnut,Rabi,4068.0,14454.0,3.55,,,,,,,,,,,,,
Tamil Nadu,8. Erode,2017,Horse-gram,Kharif,1142.0,888.0,0.78,,,,,,,,,,,,,
Tamil Nadu,8. Erode,2017,Horse-gram,Rabi,309.0,244.0,0.79,,,,,,,,,,,,,
Tamil Nadu,8. Erode,2017,Jowar,Kharif,21.0,24.0,1.14,,,,,,,,,,,,,
Tamil Nadu,8. Erode,2017,Jowar,Rabi,103.0,111.0,1.08,,,,,,,,,,,,,
Tamil Nadu,8. Erode,2017,Maize,Kharif,11636.0,77438.0,6.66,,,,,,,,,,,,,
Tamil Nadu,8. Erode,2017,Maize,Rabi,6573.0,43987.0,6.69,,,,,,,,,,,,,
Tamil Nadu,8. Erode,2017,Moong(Green Gram),Kharif,411.0,250.0,0.61,,,,,,,,,,,,,
Tamil Nadu,8. Erode,2017,Moong(Green Gram),Rabi,72.0,29.0,0.4,,,,,,,,,,,,,
Tamil Nadu,8. Erode,2017,Onion,Kharif,309.0,3030.0,9.81,,,,,,,,,,,,,
Tamil Nadu,8. Erode,2017,Onion,Rabi,539.0,6974.0,12.94,,,,,,,,,,,,,
Tamil Nadu,8. Erode,2017,Other Kharif pulses,Kharif,450.0,297.0,0.66,,,,,,,,,,,,,
Tamil Nadu,8. Erode,2017,Ragi,Kharif,5458.0,15894.0,2.91,,,,,,,,,,,,,
Tamil Nadu,8. Erode,2017,Ragi,Rabi,30.0,134.0,4.47,,,,,,,,,,,,,
Tamil Nadu,8. Erode,2017,Rice,Autumn,60.0,231.0,3.85,,,,,,,,,,,,,
Tamil Nadu,8. Erode,2017,Rice,Winter,8977.0,46492.0,5.18,,,,,,,,,,,,,
Tamil Nadu,8. Erode,2017,Sesamum,Kharif,1140.0,572.0,0.5,,,,,,,,,,,,,
Tamil Nadu,8. Erode,2017,Sesamum,Rabi,4196.0,3630.0,0.87,,,,,,,,,,,,,
Tamil Nadu,8. Erode,2017,Small millets,Kharif,18.0,23.0,1.28,,,,,,,,,,,,,
Tamil Nadu,8. Erode,2017,Sunflower,Kharif,8.0,16.0,2.0,,,,,,,,,,,,,
Tamil Nadu,8. Erode,2017,Sunflower,Rabi,8.0,6.0,0.75,,,,,,,,,,,,,
Tamil Nadu,8. Erode,2017,Urad,Kharif,637.0,580.0,0.91,,,,,,,,,,,,,
Tamil Nadu,8. Erode,2017,Urad,Rabi,417.0,281.0,0.67,,,,,,,,,,,,,
Tamil Nadu,8. Erode,2017,Arhar/Tur,Kharif,1299.0,1313.0,1.01,,,,,,,,,,,,,
Tamil Nadu,8. Erode,2017,Other Cereals,Kharif,5.0,7.0,1.4,,,,,,,,,,,,,
Tamil Nadu,8. Erode,2017,Other Cereals,Rabi,1.0,1.0,1.0,,,,,,,,,,,,,
Tamil Nadu,8. Erode,2017,Cowpea(Lobia),Kharif,582.0,418.0,0.72,,,,,,,,,,,,,
Tamil Nadu,8. Erode,2017,Cowpea(Lobia),Rabi,164.0,107.0,0.65,,,,,,,,,,,,,
Tamil Nadu,8. Erode,2017,Other Rabi pulses,Rabi,148.0,98.0,0.66,,,,,,,,,,,,,
Tamil Nadu,8. Erode,2017,Rapeseed &Mustard,Rabi,1.0,,0.0,,,,,,,,,,,,,
Tamil Nadu,8. Erode,2017,Potato,Kharif,391.0,3466.0,8.86,,,,,,,,,,,,,
Tamil Nadu,8. Erode,2017,Potato,Rabi,23.0,520.0,22.61,,,,,,,,,,,,,
Tamil Nadu,8. Erode,2018,Bajra,Kharif,158.0,450.0,2.85,,,,,,,,,,,,,
Tamil Nadu,8. Erode,2018,Bajra,Rabi,17.0,33.0,1.94,,,,,,,,,,,,,
Tamil Nadu,8. Erode,2018,Castor seed,Kharif,455.0,136.0,0.3,,,,,,,,,,,,,
Tamil Nadu,8. Erode,2018,Cotton(lint),Kharif,189.0,409.0,2.16,,,,,,,,,,,,,
Tamil Nadu,8. Erode,2018,Cotton(lint),Rabi,799.0,2076.0,2.6,,,,,,,,,,,,,
Tamil Nadu,8. Erode,2018,Groundnut,Kharif,16402.0,32738.0,2.0,,,,,,,,,,,,,
Tamil Nadu,8. Erode,2018,Groundnut,Rabi,2441.0,5311.0,2.18,,,,,,,,,,,,,
Tamil Nadu,8. Erode,2018,Horse-gram,Kharif,563.0,389.0,0.69,,,,,,,,,,,,,
Tamil Nadu,8. Erode,2018,Horse-gram,Rabi,874.0,603.0,0.69,,,,,,,,,,,,,
Tamil Nadu,8. Erode,2018,Jowar,Kharif,8.0,9.0,1.13,,,,,,,,,,,,,
Tamil Nadu,8. Erode,2018,Jowar,Rabi,36.0,45.0,1.25,,,,,,,,,,,,,
Tamil Nadu,8. Erode,2018,Maize,Kharif,11001.0,92629.0,8.42,,,,,,,,,,,,,
Tamil Nadu,8. Erode,2018,Maize,Rabi,3540.0,24771.0,7.0,,,,,,,,,,,,,
Tamil Nadu,8. Erode,2018,Moong(Green Gram),Kharif,429.0,289.0,0.67,,,,,,,,,,,,,
Tamil Nadu,8. Erode,2018,Moong(Green Gram),Rabi,39.0,16.0,0.41,,,,,,,,,,,,,
Tamil Nadu,8. Erode,2018,Onion,Kharif,801.0,9484.0,11.84,,,,,,,,,,,,,
Tamil Nadu,8. Erode,2018,Onion,Rabi,515.0,2930.0,5.69,,,,,,,,,,,,,
Tamil Nadu,8. Erode,2018,Other Kharif pulses,Kharif,569.0,424.0,0.75,,,,,,,,,,,,,
Tamil Nadu,8. Erode,2018,Ragi,Kharif,3280.0,9988.0,3.05,,,,,,,,,,,,,
Tamil Nadu,8. Erode,2018,Ragi,Rabi,2346.0,8331.0,3.55,,,,,,,,,,,,,
Tamil Nadu,8. Erode,2018,Rice,Autumn,237.0,1015.0,4.28,,,,,,,,,,,,,
Tamil Nadu,8. Erode,2018,Rice,Winter,27192.0,141488.0,5.2,,,,,,,,,,,,,
Tamil Nadu,8. Erode,2018,Sesamum,Kharif,871.0,414.0,0.48,,,,,,,,,,,,,
Tamil Nadu,8. Erode,2018,Sesamum,Rabi,4443.0,2519.0,0.57,,,,,,,,,,,,,
Tamil Nadu,8. Erode,2018,Small millets,Kharif,17.0,29.0,1.71,,,,,,,,,,,,,
Tamil Nadu,8. Erode,2018,Sunflower,Kharif,13.0,23.0,1.77,,,,,,,,,,,,,
Tamil Nadu,8. Erode,2018,Sunflower,Rabi,1.0,1.0,1.0,,,,,,,,,,,,,
Tamil Nadu,8. Erode,2018,Urad,Kharif,763.0,580.0,0.76,,,,,,,,,,,,,
Tamil Nadu,8. Erode,2018,Urad,Rabi,491.0,298.0,0.61,,,,,,,,,,,,,
Tamil Nadu,8. Erode,2018,Arhar/Tur,Kharif,1474.0,1486.0,1.01,,,,,,,,,,,,,
Tamil Nadu,8. Erode,2018,Cowpea(Lobia),Kharif,459.0,363.0,0.79,,,,,,,,,,,,,
Tamil Nadu,8. Erode,2018,Cowpea(Lobia),Rabi,449.0,383.0,0.85,,,,,,,,,,,,,
Tamil Nadu,8. Erode,2018,Other Rabi pulses,Rabi,71.0,53.0,0.75,,,,,,,,,,,,,
Tamil Nadu,8. Erode,2018,Potato,Kharif,432.0,3857.0,8.93,,,,,,,,,,,,,
Tamil Nadu,8. Erode,2018,Potato,Rabi,85.0,1686.0,19.84,,,,,,,,,,,,,
Tamil Nadu,8. Erode,2019,Bajra,Kharif,86.0,235.0,2.73,,,,,,,,,,,,,
Tamil Nadu,8. Erode,2019,Bajra,Rabi,21.0,58.0,2.76,,,,,,,,,,,,,
Tamil Nadu,8. Erode,2019,Castor seed,Kharif,423.0,126.0,0.3,,,,,,,,,,,,,
Tamil Nadu,8. Erode,2019,Cotton(lint),Kharif,353.0,860.0,2.44,,,,,,,,,,,,,
Tamil Nadu,8. Erode,2019,Cotton(lint),Rabi,809.0,2031.0,2.51,,,,,,,,,,,,,
Tamil Nadu,8. Erode,2019,Groundnut,Kharif,15117.0,23548.0,1.56,,,,,,,,,,,,,
Tamil Nadu,8. Erode,2019,Groundnut,Rabi,2874.0,12051.0,4.19,,,,,,,,,,,,,
Tamil Nadu,8. Erode,2019,Horse-gram,Kharif,623.0,480.0,0.77,,,,,,,,,,,,,
Tamil Nadu,8. Erode,2019,Horse-gram,Rabi,901.0,702.0,0.78,,,,,,,,,,,,,
Tamil Nadu,8. Erode,2019,Jowar,Kharif,3.0,4.0,1.33,,,,,,,,,,,,,
Tamil Nadu,8. Erode,2019,Maize,Kharif,10459.0,83237.0,7.96,,,,,,,,,,,,,
Tamil Nadu,8. Erode,2019,Maize,Rabi,4581.0,41598.0,9.08,,,,,,,,,,,,,
Tamil Nadu,8. Erode,2019,Moong(Green Gram),Kharif,457.0,262.0,0.57,,,,,,,,,,,,,
Tamil Nadu,8. Erode,2019,Moong(Green Gram),Rabi,59.0,25.0,0.42,,,,,,,,,,,,,
Tamil Nadu,8. Erode,2019,Onion,Kharif,731.0,7855.0,10.75,,,,,,,,,,,,,
Tamil Nadu,8. Erode,2019,Onion,Rabi,1160.0,9701.0,8.36,,,,,,,,,,,,,
Tamil Nadu,8. Erode,2019,Other Kharif pulses,Kharif,449.0,258.0,0.57,,,,,,,,,,,,,
Tamil Nadu,8. Erode,2019,Ragi,Kharif,5274.0,13420.0,2.54,,,,,,,,,,,,,
Tamil Nadu,8. Erode,2019,Ragi,Rabi,3.0,11.0,3.67,,,,,,,,,,,,,
Tamil Nadu,8. Erode,2019,Rice,Autumn,306.0,1257.0,4.11,,,,,,,,,,,,,
Tamil Nadu,8. Erode,2019,Rice,Winter,26756.0,124038.0,4.64,,,,,,,,,,,,,
Tamil Nadu,8. Erode,2019,Sesamum,Kharif,893.0,538.0,0.6,,,,,,,,,,,,,
Tamil Nadu,8. Erode,2019,Sesamum,Rabi,4911.0,3840.0,0.78,,,,,,,,,,,,,
Tamil Nadu,8. Erode,2019,Small millets,Kharif,13.0,20.0,1.54,,,,,,,,,,,,,
Tamil Nadu,8. Erode,2019,Sunflower,Kharif,30.0,30.0,1.0,,,,,,,,,,,,,
Tamil Nadu,8. Erode,2019,Sunflower,Rabi,2.0,2.0,1.0,,,,,,,,,,,,,
Tamil Nadu,8. Erode,2019,Urad,Kharif,777.0,654.0,0.84,,,,,,,,,,,,,
Tamil Nadu,8. Erode,2019,Urad,Rabi,383.0,297.0,0.78,,,,,,,,,,,,,
Tamil Nadu,8. Erode,2019,Arhar/Tur,Kharif,1344.0,3343.0,2.49,,,,,,,,,,,,,
Tamil Nadu,8. Erode,2019,Arhar/Tur,Rabi,48.0,118.0,2.46,,,,,,,,,,,,,
Tamil Nadu,8. Erode,2019,Cowpea(Lobia),Kharif,773.0,606.0,0.78,,,,,,,,,,,,,
Tamil Nadu,8. Erode,2019,Cowpea(Lobia),Rabi,210.0,147.0,0.7,,,,,,,,,,,,,
Tamil Nadu,8. Erode,2019,Other Rabi pulses,Rabi,117.0,60.0,0.51,,,,,,,,,,,,,
Tamil Nadu,8. Erode,2019,Gram,Rabi,1.0,1.0,1.0,,,,,,,,,,,,,
Tamil Nadu,8. Erode,2019,Potato,Kharif,544.0,9776.0,17.97,,,,,,,,,,,,,
Tamil Nadu,8. Erode,2019,Potato,Rabi,167.0,3633.0,21.75,,,,,,,,,,,,,
Tamil Nadu,8. Erode,2020,Bajra,Kharif,130.0,342.0,2.63,,,,,,,,,,,,,
Tamil Nadu,8. Erode,2020,Bajra,Rabi,47.0,71.0,1.51,,,,,,,,,,,,,
Tamil Nadu,8. Erode,2020,Castor seed,Kharif,432.0,135.0,0.31,,,,,,,,,,,,,
Tamil Nadu,8. Erode,2020,Cotton(lint),Kharif,197.0,384.0,1.95,,,,,,,,,,,,,
Tamil Nadu,8. Erode,2020,Cotton(lint),Rabi,520.0,1255.0,2.41,,,,,,,,,,,,,
Tamil Nadu,8. Erode,2020,Groundnut,Kharif,17679.0,35664.0,2.02,,,,,,,,,,,,,
Tamil Nadu,8. Erode,2020,Groundnut,Rabi,2027.0,5523.0,2.72,,,,,,,,,,,,,
Tamil Nadu,8. Erode,2020,Horse-gram,Kharif,615.0,455.0,0.74,,,,,,,,,,,,,
Tamil Nadu,8. Erode,2020,Horse-gram,Rabi,1174.0,879.0,0.75,,,,,,,,,,,,,
Tamil Nadu,8. Erode,2020,Jowar,Kharif,41.0,47.0,1.15,,,,,,,,,,,,,
Tamil Nadu,8. Erode,2020,Jowar,Rabi,26.0,25.0,0.96,,,,,,,,,,,,,
Tamil Nadu,8. Erode,2020,Maize,Kharif,12227.0,120693.0,9.87,,,,,,,,,,,,,
Tamil Nadu,8. Erode,2020,Maize,Rabi,3795.0,37662.0,9.92,,,,,,,,,,,,,
Tamil Nadu,8. Erode,2020,Moong(Green Gram),Kharif,573.0,501.0,0.87,,,,,,,,,,,,,
Tamil Nadu,8. Erode,2020,Moong(Green Gram),Rabi,34.0,10.0,0.29,,,,,,,,,,,,,
Tamil Nadu,8. Erode,2020,Onion,Kharif,1150.0,9019.0,7.84,,,,,,,,,,,,,
Tamil Nadu,8. Erode,2020,Onion,Rabi,1107.0,7029.0,6.35,,,,,,,,,,,,,
Tamil Nadu,8. Erode,2020,Other Kharif pulses,Kharif,400.0,233.0,0.58,,,,,,,,,,,,,
Tamil Nadu,8. Erode,2020,Ragi,Kharif,3968.0,14524.0,3.66,,,,,,,,,,,,,
Tamil Nadu,8. Erode,2020,Ragi,Rabi,44.0,183.0,4.16,,,,,,,,,,,,,
Tamil Nadu,8. Erode,2020,Rice,Autumn,257.0,1120.0,4.36,,,,,,,,,,,,,
Tamil Nadu,8. Erode,2020,Rice,Winter,27117.0,134468.0,4.96,,,,,,,,,,,,,
Tamil Nadu,8. Erode,2020,Sesamum,Kharif,667.0,447.0,0.67,,,,,,,,,,,,,
Tamil Nadu,8. Erode,2020,Sesamum,Rabi,3367.0,2619.0,0.78,,,,,,,,,,,,,
Tamil Nadu,8. Erode,2020,Small millets,Kharif,14.0,18.0,1.29,,,,,,,,,,,,,
Tamil Nadu,8. Erode,2020,Small millets,Rabi,3.0,4.0,1.33,,,,,,,,,,,,,
Tamil Nadu,8. Erode,2020,Sunflower,Kharif,25.0,43.0,1.72,,,,,,,,,,,,,
Tamil Nadu,8. Erode,2020,Sunflower,Rabi,2.0,1.0,0.5,,,,,,,,,,,,,
Tamil Nadu,8. Erode,2020,Urad,Kharif,830.0,739.0,0.89,,,,,,,,,,,,,
Tamil Nadu,8. Erode,2020,Urad,Rabi,254.0,132.0,0.52,,,,,,,,,,,,,
Tamil Nadu,8. Erode,2020,Arhar/Tur,Kharif,1563.0,2899.0,1.85,,,,,,,,,,,,,
Tamil Nadu,8. Erode,2020,Arhar/Tur,Rabi,15.0,30.0,2.0,,,,,,,,,,,,,
Tamil Nadu,8. Erode,2020,Cowpea(Lobia),Kharif,878.0,738.0,0.84,,,,,,,,,,,,,
Tamil Nadu,8. Erode,2020,Cowpea(Lobia),Rabi,100.0,66.0,0.66,,,,,,,,,,,,,
Tamil Nadu,8. Erode,2020,Other Rabi pulses,Rabi,82.0,43.0,0.52,,,,,,,,,,,,,
Tamil Nadu,8. Erode,2020,Rapeseed &Mustard,Rabi,1.0,0.0,0.0,,,,,,,,,,,,,
Tamil Nadu,8. Erode,2020,Gram,Rabi,2.0,2.0,1.0,,,,,,,,,,,,,
Tamil Nadu,8. Erode,2020,Potato,Kharif,542.0,10388.0,19.17,,,,,,,,,,,,,
Tamil Nadu,8. Erode,2020,Potato,Rabi,112.0,2960.0,26.43,,,,,,,,,,,,,
Tamil Nadu,8. Erode,2021,Bajra,Kharif,132.0,331.0,2.51,,,,,,,,,,,,,
Tamil Nadu,8. Erode,2021,Bajra,Rabi,41.0,93.0,2.27,,,,,,,,,,,,,
Tamil Nadu,8. Erode,2021,Castor seed,Kharif,450.0,136.0,0.3,,,,,,,,,,,,,
Tamil Nadu,8. Erode,2021,Cotton(lint),Kharif,227.0,366.0,1.61,,,,,,,,,,,,,
Tamil Nadu,8. Erode,2021,Cotton(lint),Rabi,917.0,2188.0,2.39,,,,,,,,,,,,,
Tamil Nadu,8. Erode,2021,Groundnut,Kharif,18182.0,40032.0,2.2,,,,,,,,,,,,,
Tamil Nadu,8. Erode,2021,Groundnut,Rabi,2402.0,7396.0,3.08,,,,,,,,,,,,,
Tamil Nadu,8. Erode,2021,Horse-gram,Kharif,580.0,394.0,0.68,,,,,,,,,,,,,
Tamil Nadu,8. Erode,2021,Horse-gram,Rabi,1178.0,807.0,0.69,,,,,,,,,,,,,
Tamil Nadu,8. Erode,2021,Jowar,Kharif,41.0,44.0,1.07,,,,,,,,,,,,,
Tamil Nadu,8. Erode,2021,Jowar,Rabi,22.0,17.0,0.77,,,,,,,,,,,,,
Tamil Nadu,8. Erode,2021,Maize,Kharif,12399.0,115972.0,9.35,,,,,,,,,,,,,
Tamil Nadu,8. Erode,2021,Maize,Rabi,3513.0,31403.0,8.94,,,,,,,,,,,,,
Tamil Nadu,8. Erode,2021,Moong(Green Gram),Kharif,600.0,488.0,0.81,,,,,,,,,,,,,
Tamil Nadu,8. Erode,2021,Moong(Green Gram),Rabi,60.0,19.0,0.32,,,,,,,,,,,,,
Tamil Nadu,8. Erode,2021,Onion,Kharif,1119.0,8233.0,7.36,,,,,,,,,,,,,
Tamil Nadu,8. Erode,2021,Onion,Rabi,1484.0,13726.0,9.25,,,,,,,,,,,,,
Tamil Nadu,8. Erode,2021,Other Kharif pulses,Kharif,448.0,259.0,0.58,,,,,,,,,,,,,
Tamil Nadu,8. Erode,2021,Other Kharif pulses,Rabi,58.0,30.0,0.52,,,,,,,,,,,,,
Tamil Nadu,8. Erode,2021,Ragi,Kharif,4096.0,15784.0,3.85,,,,,,,,,,,,,
Tamil Nadu,8. Erode,2021,Ragi,Rabi,6.0,23.0,3.83,,,,,,,,,,,,,
Tamil Nadu,8. Erode,2021,Rice,Autumn,4679.0,19115.0,4.09,,,,,,,,,,,,,
Tamil Nadu,8. Erode,2021,Rice,Winter,21786.0,87522.0,4.02,,,,,,,,,,,,,
Tamil Nadu,8. Erode,2021,Sesamum,Kharif,597.0,317.0,0.53,,,,,,,,,,,,,
Tamil Nadu,8. Erode,2021,Sesamum,Rabi,3213.0,2411.0,0.75,,,,,,,,,,,,,
Tamil Nadu,8. Erode,2021,Small millets,Kharif,27.0,39.0,1.44,,,,,,,,,,,,,
Tamil Nadu,8. Erode,2021,Small millets,Rabi,3.0,4.0,1.33,,,,,,,,,,,,,
Tamil Nadu,8. Erode,2021,Sunflower,Kharif,26.0,45.0,1.73,,,,,,,,,,,,,
Tamil Nadu,8. Erode,2021,Sunflower,Rabi,1.0,1.0,1.0,,,,,,,,,,,,,
Tamil Nadu,8. Erode,2021,Urad,Kharif,981.0,864.0,0.88,,,,,,,,,,,,,
Tamil Nadu,8. Erode,2021,Urad,Rabi,496.0,315.0,0.64,,,,,,,,,,,,,
Tamil Nadu,8. Erode,2021,Arhar/Tur,Kharif,1583.0,2137.0,1.35,,,,,,,,,,,,,
Tamil Nadu,8. Erode,2021,Arhar/Tur,Rabi,38.0,51.0,1.34,,,,,,,,,,,,,
Tamil Nadu,8. Erode,2021,Cowpea(Lobia),Kharif,1025.0,807.0,0.79,,,,,,,,,,,,,
Tamil Nadu,8. Erode,2021,Cowpea(Lobia),Rabi,288.0,178.0,0.62,,,,,,,,,,,,,
Tamil Nadu,8. Erode,2021,Gram,Rabi,3.0,3.0,1.0,,,,,,,,,,,,,
Tamil Nadu,8. Erode,2021,Potato,Kharif,888.0,18123.0,20.41,,,,,,,,,,,,,
Tamil Nadu,8. Erode,2022,Bajra,Kharif,71.0,193.0,2.72,,,,,,,,,,,,,
Tamil Nadu,8. Erode,2022,Bajra,Rabi,28.0,56.0,2.0,,,,,,,,,,,,,
Tamil Nadu,8. Erode,2022,Castor seed,Kharif,363.0,113.0,0.31,,,,,,,,,,,,,
Tamil Nadu,8. Erode,2022,Cotton(lint),Kharif,323.0,614.0,1.9,,,,,,,,,,,,,
Tamil Nadu,8. Erode,2022,Cotton(lint),Rabi,1258.0,2252.0,1.79,,,,,,,,,,,,,
Tamil Nadu,8. Erode,2022,Groundnut,Kharif,17187.0,26091.0,1.52,,,,,,,,,,,,,
Tamil Nadu,8. Erode,2022,Groundnut,Rabi,2558.0,8122.0,3.18,,,,,,,,,,,,,
Tamil Nadu,8. Erode,2022,Horse-gram,Kharif,298.0,230.0,0.77,,,,,,,,,,,,,
Tamil Nadu,8. Erode,2022,Horse-gram,Rabi,1065.0,822.0,0.77,,,,,,,,,,,,,
Tamil Nadu,8. Erode,2022,Jowar,Kharif,1.0,1.0,1.0,,,,,,,,,,,,,
Tamil Nadu,8. Erode,2022,Maize,Kharif,12842.0,105958.0,8.25,,,,,,,,,,,,,
Tamil Nadu,8. Erode,2022,Maize,Rabi,3153.0,31476.0,9.98,,,,,,,,,,,,,
Tamil Nadu,8. Erode,2022,Moong(Green Gram),Kharif,622.0,494.0,0.79,,,,,,,,,,,,,
Tamil Nadu,8. Erode,2022,Moong(Green Gram),Rabi,20.0,6.0,0.3,,,,,,,,,,,,,
Tamil Nadu,8. Erode,2022,Onion,Kharif,951.0,5557.0,5.84,,,,,,,,,,,,,
Tamil Nadu,8. Erode,2022,Onion,Rabi,1301.0,12442.0,9.56,,,,,,,,,,,,,
Tamil Nadu,8. Erode,2022,Other Kharif pulses,Kharif,394.0,241.0,0.61,,,,,,,,,,,,,
Tamil Nadu,8. Erode,2022,Ragi,Kharif,3371.0,11286.0,3.35,,,,,,,,,,,,,
Tamil Nadu,8. Erode,2022,Ragi,Rabi,1.0,5.0,5.0,,,,,,,,,,,,,
Tamil Nadu,8. Erode,2022,Rice,Autumn,5094.0,19606.0,3.85,,,,,,,,,,,,,
Tamil Nadu,8. Erode,2022,Rice,Winter,22267.0,97397.0,4.37,,,,,,,,,,,,,
Tamil Nadu,8. Erode,2022,Sesamum,Kharif,115.0,52.0,0.45,,,,,,,,,,,,,
Tamil Nadu,8. Erode,2022,Sesamum,Rabi,3187.0,2529.0,0.79,,,,,,,,,,,,,
Tamil Nadu,8. Erode,2022,Small millets,Kharif,141.0,254.0,1.8,,,,,,,,,,,,,
Tamil Nadu,8. Erode,2022,Small millets,Rabi,2.0,2.0,1.0,,,,,,,,,,,,,
Tamil Nadu,8. Erode,2022,Sunflower,Kharif,101.0,162.0,1.6,,,,,,,,,,,,,
Tamil Nadu,8. Erode,2022,Sunflower,Rabi,11.0,9.0,0.82,,,,,,,,,,,,,
Tamil Nadu,8. Erode,2022,Urad,Kharif,974.0,834.0,0.86,,,,,,,,,,,,,
Tamil Nadu,8. Erode,2022,Urad,Rabi,333.0,218.0,0.65,,,,,,,,,,,,,
Tamil Nadu,8. Erode,2022,Arhar/Tur,Kharif,1320.0,1371.0,1.04,,,,,,,,,,,,,
Tamil Nadu,8. Erode,2022,Arhar/Tur,Rabi,12.0,12.0,1.0,,,,,,,,,,,,,
Tamil Nadu,8. Erode,2022,Cowpea(Lobia),Kharif,875.0,701.0,0.8,,,,,,,,,,,,,
Tamil Nadu,8. Erode,2022,Cowpea(Lobia),Rabi,155.0,73.0,0.47,,,,,,,,,,,,,
Tamil Nadu,8. Erode,2022,Other Rabi pulses,Rabi,120.0,69.0,0.58,,,,,,,,,,,,,
Tamil Nadu,8. Erode,2022,Potato,Kharif,730.0,13370.0,18.32,,,,,,,,,,,,,
Tamil Nadu,8. Erode,2022,Potato,Rabi,107.0,2595.0,24.25,,,,,,,,,,,,,
Tamil Nadu,9. Kallakurichi,2019,Castor seed,Kharif,36.0,11.0,0.31,,,,,,,,,,,,,
Tamil Nadu,9. Kallakurichi,2019,Small millets,Kharif,356.0,599.0,1.68,,,,,,,,,,,,,
Tamil Nadu,9. Kallakurichi,2019,Other Cereals,Kharif,1.0,1.0,1.0,,,,,,,,,,,,,
Tamil Nadu,9. Kallakurichi,2020,Bajra,Kharif,19259.0,42442.0,2.2,,,,,,,,,,,,,
Tamil Nadu,9. Kallakurichi,2020,Castor seed,Kharif,9.0,3.0,0.33,,,,,,,,,,,,,
Tamil Nadu,9. Kallakurichi,2020,Cotton(lint),Kharif,4937.0,8051.0,1.63,,,,,,,,,,,,,
Tamil Nadu,9. Kallakurichi,2020,Cotton(lint),Rabi,84.0,203.0,2.42,,,,,,,,,,,,,
Tamil Nadu,9. Kallakurichi,2020,Groundnut,Kharif,3658.0,7874.0,2.15,,,,,,,,,,,,,
Tamil Nadu,9. Kallakurichi,2020,Groundnut,Rabi,2436.0,5558.0,2.28,,,,,,,,,,,,,
Tamil Nadu,9. Kallakurichi,2020,Horse-gram,Kharif,6.0,4.0,0.67,,,,,,,,,,,,,
Tamil Nadu,9. Kallakurichi,2020,Horse-gram,Rabi,14.0,11.0,0.79,,,,,,,,,,,,,
Tamil Nadu,9. Kallakurichi,2020,Jowar,Kharif,1.0,1.0,1.0,,,,,,,,,,,,,
Tamil Nadu,9. Kallakurichi,2020,Jowar,Rabi,1.0,1.0,1.0,,,,,,,,,,,,,
Tamil Nadu,9. Kallakurichi,2020,Maize,Kharif,13738.0,114279.0,8.32,,,,,,,,,,,,,
Tamil Nadu,9. Kallakurichi,2020,Maize,Rabi,4033.0,30419.0,7.54,,,,,,,,,,,,,
Tamil Nadu,9. Kallakurichi,2020,Moong(Green Gram),Kharif,4.0,3.0,0.75,,,,,,,,,,,,,
Tamil Nadu,9. Kallakurichi,2020,Moong(Green Gram),Rabi,15.0,4.0,0.27,,,,,,,,,,,,,
Tamil Nadu,9. Kallakurichi,2020,Onion,Kharif,770.0,7580.0,9.84,,,,,,,,,,,,,
Tamil Nadu,9. Kallakurichi,2020,Onion,Rabi,862.0,4788.0,5.55,,,,,,,,,,,,,
Tamil Nadu,9. Kallakurichi,2020,Other Kharif pulses,Kharif,2.0,2.0,1.0,,,,,,,,,,,,,
Tamil Nadu,9. Kallakurichi,2020,Ragi,Kharif,53.0,171.0,3.23,,,,,,,,,,,,,
Tamil Nadu,9. Kallakurichi,2020,Ragi,Rabi,90.0,372.0,4.13,,,,,,,,,,,,,
Tamil Nadu,9. Kallakurichi,2020,Rice,Autumn,4679.0,22012.0,4.7,,,,,,,,,,,,,
Tamil Nadu,9. Kallakurichi,2020,Rice,Winter,36680.0,132832.0,3.62,,,,,,,,,,,,,
Tamil Nadu,9. Kallakurichi,2020,Sesamum,Kharif,128.0,77.0,0.6,,,,,,,,,,,,,
Tamil Nadu,9. Kallakurichi,2020,Sesamum,Rabi,5787.0,4556.0,0.79,,,,,,,,,,,,,
Tamil Nadu,9. Kallakurichi,2020,Small millets,Kharif,205.0,246.0,1.2,,,,,,,,,,,,,
Tamil Nadu,9. Kallakurichi,2020,Small millets,Rabi,16.0,28.0,1.75,,,,,,,,,,,,,
Tamil Nadu,9. Kallakurichi,2020,Urad,Kharif,24.0,21.0,0.88,,,,,,,,,,,,,
Tamil Nadu,9. Kallakurichi,2020,Urad,Rabi,47323.0,31265.0,0.66,,,,,,,,,,,,,
Tamil Nadu,9. Kallakurichi,2020,Arhar/Tur,Kharif,9.0,10.0,1.11,,,,,,,,,,,,,
Tamil Nadu,9. Kallakurichi,2020,Arhar/Tur,Rabi,14.0,14.0,1.0,,,,,,,,,,,,,
Tamil Nadu,9. Kallakurichi,2020,Cowpea(Lobia),Rabi,10.0,7.0,0.7,,,,,,,,,,,,,
Tamil Nadu,9. Kallakurichi,2020,Other Rabi pulses,Rabi,1.0,1.0,1.0,,,,,,,,,,,,,
Tamil Nadu,9. Kallakurichi,2021,Bajra,Kharif,19569.0,32010.0,1.64,,,,,,,,,,,,,
Tamil Nadu,9. Kallakurichi,2021,Castor seed,Kharif,6.0,2.0,0.33,,,,,,,,,,,,,
Tamil Nadu,9. Kallakurichi,2021,Cotton(lint),Kharif,5181.0,3498.0,0.68,,,,,,,,,,,,,
Tamil Nadu,9. Kallakurichi,2021,Cotton(lint),Rabi,139.0,330.0,2.37,,,,,,,,,,,,,
Tamil Nadu,9. Kallakurichi,2021,Groundnut,Kharif,4802.0,10509.0,2.19,,,,,,,,,,,,,
Tamil Nadu,9. Kallakurichi,2021,Groundnut,Rabi,3245.0,12671.0,3.9,,,,,,,,,,,,,
Tamil Nadu,9. Kallakurichi,2021,Horse-gram,Rabi,22.0,15.0,0.68,,,,,,,,,,,,,
Tamil Nadu,9. Kallakurichi,2021,Jowar,Kharif,4.0,4.0,1.0,,,,,,,,,,,,,
Tamil Nadu,9. Kallakurichi,2021,Maize,Kharif,14229.0,111949.0,7.87,,,,,,,,,,,,,
Tamil Nadu,9. Kallakurichi,2021,Maize,Rabi,4561.0,36590.0,8.02,,,,,,,,,,,,,
Tamil Nadu,9. Kallakurichi,2021,Moong(Green Gram),Rabi,13.0,4.0,0.31,,,,,,,,,,,,,
Tamil Nadu,9. Kallakurichi,2021,Onion,Kharif,836.0,7629.0,9.13,,,,,,,,,,,,,
Tamil Nadu,9. Kallakurichi,2021,Onion,Rabi,905.0,3553.0,3.93,,,,,,,,,,,,,
Tamil Nadu,9. Kallakurichi,2021,Ragi,Kharif,24.0,68.0,2.83,,,,,,,,,,,,,
Tamil Nadu,9. Kallakurichi,2021,Ragi,Rabi,116.0,472.0,4.07,,,,,,,,,,,,,
Tamil Nadu,9. Kallakurichi,2021,Rice,Autumn,10389.0,44292.0,4.26,,,,,,,,,,,,,
Tamil Nadu,9. Kallakurichi,2021,Rice,Winter,39472.0,143419.0,3.63,,,,,,,,,,,,,
Tamil Nadu,9. Kallakurichi,2021,Sesamum,Kharif,4.0,2.0,0.5,,,,,,,,,,,,,
Tamil Nadu,9. Kallakurichi,2021,Sesamum,Rabi,5292.0,3686.0,0.7,,,,,,,,,,,,,
Tamil Nadu,9. Kallakurichi,2021,Small millets,Kharif,333.0,381.0,1.14,,,,,,,,,,,,,
Tamil Nadu,9. Kallakurichi,2021,Small millets,Rabi,5.0,6.0,1.2,,,,,,,,,,,,,
Tamil Nadu,9. Kallakurichi,2021,Urad,Kharif,108.0,95.0,0.88,,,,,,,,,,,,,
Tamil Nadu,9. Kallakurichi,2021,Urad,Rabi,39978.0,25896.0,0.65,,,,,,,,,,,,,
Tamil Nadu,9. Kallakurichi,2021,Arhar/Tur,Kharif,3.0,2.0,0.67,,,,,,,,,,,,,
Tamil Nadu,9. Kallakurichi,2021,Arhar/Tur,Rabi,10.0,10.0,1.0,,,,,,,,,,,,,
Tamil Nadu,9. Kallakurichi,2021,Cowpea(Lobia),Kharif,1.0,1.0,1.0,,,,,,,,,,,,,
Tamil Nadu,9. Kallakurichi,2022,Bajra,Kharif,10376.0,17408.0,1.68,,,,,,,,,,,,,
Tamil Nadu,9. Kallakurichi,2022,Bajra,Rabi,32.0,64.0,2.0,,,,,,,,,,,,,
Tamil Nadu,9. Kallakurichi,2022,Castor seed,Kharif,2.0,1.0,0.5,,,,,,,,,,,,,
Tamil Nadu,9. Kallakurichi,2022,Cotton(lint),Kharif,4976.0,7019.0,1.41,,,,,,,,,,,,,
Tamil Nadu,9. Kallakurichi,2022,Cotton(lint),Rabi,227.0,406.0,1.79,,,,,,,,,,,,,
Tamil Nadu,9. Kallakurichi,2022,Groundnut,Kharif,4073.0,9550.0,2.34,,,,,,,,,,,,,
Tamil Nadu,9. Kallakurichi,2022,Groundnut,Rabi,2760.0,8166.0,2.96,,,,,,,,,,,,,
Tamil Nadu,9. Kallakurichi,2022,Jowar,Kharif,18.0,15.0,0.83,,,,,,,,,,,,,
Tamil Nadu,9. Kallakurichi,2022,Maize,Kharif,18577.0,141390.0,7.61,,,,,,,,,,,,,
Tamil Nadu,9. Kallakurichi,2022,Maize,Rabi,6850.0,58979.0,8.61,,,,,,,,,,,,,
Tamil Nadu,9. Kallakurichi,2022,Onion,Kharif,439.0,2925.0,6.66,,,,,,,,,,,,,
Tamil Nadu,9. Kallakurichi,2022,Onion,Rabi,486.0,3493.0,7.19,,,,,,,,,,,,,
Tamil Nadu,9. Kallakurichi,2022,Ragi,Kharif,76.0,201.0,2.64,,,,,,,,,,,,,
Tamil Nadu,9. Kallakurichi,2022,Ragi,Rabi,38.0,157.0,4.13,,,,,,,,,,,,,
Tamil Nadu,9. Kallakurichi,2022,Rice,Autumn,9855.0,37452.0,3.8,,,,,,,,,,,,,
Tamil Nadu,9. Kallakurichi,2022,Rice,Winter,39546.0,156606.0,3.96,,,,,,,,,,,,,
Tamil Nadu,9. Kallakurichi,2022,Sesamum,Kharif,50.0,23.0,0.46,,,,,,,,,,,,,
Tamil Nadu,9. Kallakurichi,2022,Sesamum,Rabi,4796.0,3562.0,0.74,,,,,,,,,,,,,
Tamil Nadu,9. Kallakurichi,2022,Small millets,Kharif,130.0,147.0,1.13,,,,,,,,,,,,,
Tamil Nadu,9. Kallakurichi,2022,Small millets,Rabi,12.0,15.0,1.25,,,,,,,,,,,,,
Tamil Nadu,9. Kallakurichi,2022,Urad,Kharif,1033.0,884.0,0.86,,,,,,,,,,,,,
Tamil Nadu,9. Kallakurichi,2022,Urad,Rabi,43355.0,33649.0,0.78,,,,,,,,,,,,,
Tamil Nadu,9. Kallakurichi,2022,Arhar/Tur,Rabi,3.0,3.0,1.0,,,,,,,,,,,,,
Tamil Nadu,10. Kanchipuram,2015,Bajra,Kharif,1.0,3.0,3.0,,,,,,,,,,,,,
Tamil Nadu,10. Kanchipuram,2015,Bajra,Rabi,3.0,7.0,2.33,,,,,,,,,,,,,
Tamil Nadu,10. Kanchipuram,2015,Cotton(lint),Kharif,2.0,4.0,2.0,,,,,,,,,,,,,
Tamil Nadu,10. Kanchipuram,2015,Cotton(lint),Rabi,1.0,3.0,3.0,,,,,,,,,,,,,
Tamil Nadu,10. Kanchipuram,2015,Groundnut,Kharif,3479.0,8541.0,2.46,,,,,,,,,,,,,
Tamil Nadu,10. Kanchipuram,2015,Groundnut,Rabi,7575.0,25604.0,3.38,,,,,,,,,,,,,
Tamil Nadu,10. Kanchipuram,2015,Jowar,Kharif,15.0,16.0,1.07,,,,,,,,,,,,,
Tamil Nadu,10. Kanchipuram,2015,Maize,Rabi,3.0,21.0,7.0,,,,,,,,,,,,,
Tamil Nadu,10. Kanchipuram,2015,Masoor,Kharif,40.0,41.0,1.03,,,,,,,,,,,,,
Tamil Nadu,10. Kanchipuram,2015,Moong(Green Gram),Kharif,263.0,209.0,0.79,,,,,,,,,,,,,
Tamil Nadu,10. Kanchipuram,2015,Moong(Green Gram),Rabi,179.0,94.0,0.53,,,,,,,,,,,,,
Tamil Nadu,10. Kanchipuram,2015,Onion,Rabi,2.0,13.0,6.5,,,,,,,,,,,,,
Tamil Nadu,10. Kanchipuram,2015,Other Kharif pulses,Kharif,16.0,9.0,0.56,,,,,,,,,,,,,
Tamil Nadu,10. Kanchipuram,2015,Ragi,Kharif,102.0,304.0,2.98,,,,,,,,,,,,,
Tamil Nadu,10. Kanchipuram,2015,Ragi,Rabi,124.0,449.0,3.62,,,,,,,,,,,,,
Tamil Nadu,10. Kanchipuram,2015,Rice,Kharif,97738.0,415302.0,4.25,,,,,,,,,,,,,
Tamil Nadu,10. Kanchipuram,2015,Sesamum,Kharif,334.0,223.0,0.67,,,,,,,,,,,,,
Tamil Nadu,10. Kanchipuram,2015,Sesamum,Rabi,658.0,394.0,0.6,,,,,,,,,,,,,
Tamil Nadu,10. Kanchipuram,2015,Sunflower,Kharif,6.0,8.0,1.33,,,,,,,,,,,,,
Tamil Nadu,10. Kanchipuram,2015,Urad,Kharif,606.0,419.0,0.69,,,,,,,,,,,,,
Tamil Nadu,10. Kanchipuram,2015,Urad,Rabi,915.0,641.0,0.7,,,,,,,,,,,,,
Tamil Nadu,10. Kanchipuram,2015,Gram,Rabi,24.0,11.0,0.46,,,,,,,,,,,,,
Tamil Nadu,10. Kanchipuram,2016,Bajra,Kharif,64.0,189.0,2.95,,,,,,,,,,,,,
Tamil Nadu,10. Kanchipuram,2016,Bajra,Rabi,33.0,17.0,0.52,,,,,,,,,,,,,
Tamil Nadu,10. Kanchipuram,2016,Cotton(lint),Kharif,2.0,2.0,1.0,,,,,,,,,,,,,
Tamil Nadu,10. Kanchipuram,2016,Groundnut,Kharif,2798.0,6179.0,2.21,,,,,,,,,,,,,
Tamil Nadu,10. Kanchipuram,2016,Groundnut,Rabi,6836.0,25954.0,3.8,,,,,,,,,,,,,
Tamil Nadu,10. Kanchipuram,2016,Horse-gram,Kharif,6.0,2.0,0.33,,,,,,,,,,,,,
Tamil Nadu,10. Kanchipuram,2016,Horse-gram,Rabi,1.0,,0.0,,,,,,,,,,,,,
Tamil Nadu,10. Kanchipuram,2016,Jowar,Rabi,3.0,1.0,0.33,,,,,,,,,,,,,
Tamil Nadu,10. Kanchipuram,2016,Maize,Kharif,16.0,73.0,4.56,,,,,,,,,,,,,
Tamil Nadu,10. Kanchipuram,2016,Maize,Rabi,1.0,1.0,1.0,,,,,,,,,,,,,
Tamil Nadu,10. Kanchipuram,2016,Moong(Green Gram),Kharif,390.0,315.0,0.81,,,,,,,,,,,,,
Tamil Nadu,10. Kanchipuram,2016,Moong(Green Gram),Rabi,148.0,35.0,0.24,,,,,,,,,,,,,
Tamil Nadu,10. Kanchipuram,2016,Onion,Kharif,5.0,54.0,10.8,,,,,,,,,,,,,
Tamil Nadu,10. Kanchipuram,2016,Ragi,Kharif,198.0,326.0,1.65,,,,,,,,,,,,,
Tamil Nadu,10. Kanchipuram,2016,Ragi,Rabi,132.0,412.0,3.12,,,,,,,,,,,,,
Tamil Nadu,10. Kanchipuram,2016,Rice,Kharif,72617.0,288044.0,3.97,,,,,,,,,,,,,
Tamil Nadu,10. Kanchipuram,2016,Sesamum,Kharif,388.0,153.0,0.39,,,,,,,,,,,,,
Tamil Nadu,10. Kanchipuram,2016,Sesamum,Rabi,524.0,271.0,0.52,,,,,,,,,,,,,
Tamil Nadu,10. Kanchipuram,2016,Sunflower,Kharif,14.0,12.0,0.86,,,,,,,,,,,,,
Tamil Nadu,10. Kanchipuram,2016,Urad,Kharif,1623.0,1255.0,0.77,,,,,,,,,,,,,
Tamil Nadu,10. Kanchipuram,2016,Urad,Rabi,2894.0,1045.0,0.36,,,,,,,,,,,,,
Tamil Nadu,10. Kanchipuram,2016,Arhar/Tur,Kharif,43.0,28.0,0.65,,,,,,,,,,,,,
Tamil Nadu,10. Kanchipuram,2016,Gram,Rabi,49.0,23.0,0.47,,,,,,,,,,,,,
Tamil Nadu,10. Kanchipuram,2017,Bajra,Kharif,19.0,45.0,2.37,,,,,,,,,,,,,
Tamil Nadu,10. Kanchipuram,2017,Bajra,Rabi,24.0,50.0,2.08,,,,,,,,,,,,,
Tamil Nadu,10. Kanchipuram,2017,Groundnut,Kharif,2046.0,5328.0,2.6,,,,,,,,,,,,,
Tamil Nadu,10. Kanchipuram,2017,Groundnut,Rabi,8342.0,33910.0,4.06,,,,,,,,,,,,,
Tamil Nadu,10. Kanchipuram,2017,Jowar,Kharif,5.0,6.0,1.2,,,,,,,,,,,,,
Tamil Nadu,10. Kanchipuram,2017,Jowar,Rabi,1.0,1.0,1.0,,,,,,,,,,,,,
Tamil Nadu,10. Kanchipuram,2017,Moong(Green Gram),Kharif,181.0,110.0,0.61,,,,,,,,,,,,,
Tamil Nadu,10. Kanchipuram,2017,Moong(Green Gram),Rabi,236.0,94.0,0.4,,,,,,,,,,,,,
Tamil Nadu,10. Kanchipuram,2017,Onion,Rabi,2.0,19.0,9.5,,,,,,,,,,,,,
Tamil Nadu,10. Kanchipuram,2017,Other Kharif pulses,Kharif,2.0,1.0,0.5,,,,,,,,,,,,,
Tamil Nadu,10. Kanchipuram,2017,Ragi,Kharif,75.0,257.0,3.43,,,,,,,,,,,,,
Tamil Nadu,10. Kanchipuram,2017,Ragi,Rabi,97.0,433.0,4.46,,,,,,,,,,,,,
Tamil Nadu,10. Kanchipuram,2017,Rice,Autumn,27105.0,107173.0,3.95,,,,,,,,,,,,,
Tamil Nadu,10. Kanchipuram,2017,Rice,Winter,41282.0,180691.0,4.38,,,,,,,,,,,,,
Tamil Nadu,10. Kanchipuram,2017,Sesamum,Kharif,309.0,132.0,0.43,,,,,,,,,,,,,
Tamil Nadu,10. Kanchipuram,2017,Sesamum,Rabi,477.0,314.0,0.66,,,,,,,,,,,,,
Tamil Nadu,10. Kanchipuram,2017,Small millets,Rabi,4.0,,0.0,,,,,,,,,,,,,
Tamil Nadu,10. Kanchipuram,2017,Sunflower,Kharif,8.0,16.0,2.0,,,,,,,,,,,,,
Tamil Nadu,10. Kanchipuram,2017,Urad,Kharif,583.0,531.0,0.91,,,,,,,,,,,,,
Tamil Nadu,10. Kanchipuram,2017,Urad,Rabi,1773.0,1197.0,0.68,,,,,,,,,,,,,
Tamil Nadu,10. Kanchipuram,2017,Arhar/Tur,Kharif,17.0,18.0,1.06,,,,,,,,,,,,,
Tamil Nadu,10. Kanchipuram,2017,Cowpea(Lobia),Kharif,1.0,1.0,1.0,,,,,,,,,,,,,
Tamil Nadu,10. Kanchipuram,2017,Cowpea(Lobia),Rabi,9.0,6.0,0.67,,,,,,,,,,,,,
Tamil Nadu,10. Kanchipuram,2018,Bajra,Kharif,4.0,12.0,3.0,,,,,,,,,,,,,
Tamil Nadu,10. Kanchipuram,2018,Bajra,Rabi,5.0,11.0,2.2,,,,,,,,,,,,,
Tamil Nadu,10. Kanchipuram,2018,Groundnut,Kharif,2291.0,7836.0,3.42,,,,,,,,,,,,,
Tamil Nadu,10. Kanchipuram,2018,Groundnut,Rabi,11685.0,51523.0,4.41,,,,,,,,,,,,,
Tamil Nadu,10. Kanchipuram,2018,Jowar,Kharif,23.0,27.0,1.17,,,,,,,,,,,,,
Tamil Nadu,10. Kanchipuram,2018,Jowar,Rabi,4.0,5.0,1.25,,,,,,,,,,,,,
Tamil Nadu,10. Kanchipuram,2018,Maize,Kharif,2.0,17.0,8.5,,,,,,,,,,,,,
Tamil Nadu,10. Kanchipuram,2018,Maize,Rabi,1.0,12.0,12.0,,,,,,,,,,,,,
Tamil Nadu,10. Kanchipuram,2018,Moong(Green Gram),Kharif,70.0,47.0,0.67,,,,,,,,,,,,,
Tamil Nadu,10. Kanchipuram,2018,Moong(Green Gram),Rabi,529.0,217.0,0.41,,,,,,,,,,,,,
Tamil Nadu,10. Kanchipuram,2018,Onion,Kharif,2.0,17.0,8.5,,,,,,,,,,,,,
Tamil Nadu,10. Kanchipuram,2018,Onion,Rabi,10.0,56.0,5.6,,,,,,,,,,,,,
Tamil Nadu,10. Kanchipuram,2018,Other Kharif pulses,Kharif,1.0,1.0,1.0,,,,,,,,,,,,,
Tamil Nadu,10. Kanchipuram,2018,Ragi,Kharif,46.0,146.0,3.17,,,,,,,,,,,,,
Tamil Nadu,10. Kanchipuram,2018,Ragi,Rabi,168.0,593.0,3.53,,,,,,,,,,,,,
Tamil Nadu,10. Kanchipuram,2018,Rice,Autumn,16860.0,93241.0,5.53,,,,,,,,,,,,,
Tamil Nadu,10. Kanchipuram,2018,Rice,Winter,37819.0,167572.0,4.43,,,,,,,,,,,,,
Tamil Nadu,10. Kanchipuram,2018,Sesamum,Kharif,264.0,171.0,0.65,,,,,,,,,,,,,
Tamil Nadu,10. Kanchipuram,2018,Sesamum,Rabi,1409.0,968.0,0.69,,,,,,,,,,,,,
Tamil Nadu,10. Kanchipuram,2018,Sunflower,Kharif,1.0,2.0,2.0,,,,,,,,,,,,,
Tamil Nadu,10. Kanchipuram,2018,Urad,Kharif,712.0,541.0,0.76,,,,,,,,,,,,,
Tamil Nadu,10. Kanchipuram,2018,Urad,Rabi,3239.0,1965.0,0.61,,,,,,,,,,,,,
Tamil Nadu,10. Kanchipuram,2018,Arhar/Tur,Kharif,11.0,15.0,1.36,,,,,,,,,,,,,
Tamil Nadu,10. Kanchipuram,2018,Other Cereals,Kharif,2.0,3.0,1.5,,,,,,,,,,,,,
Tamil Nadu,10. Kanchipuram,2018,Cowpea(Lobia),Kharif,8.0,6.0,0.75,,,,,,,,,,,,,
Tamil Nadu,10. Kanchipuram,2018,Cowpea(Lobia),Rabi,2.0,2.0,1.0,,,,,,,,,,,,,
Tamil Nadu,10. Kanchipuram,2018,Other Rabi pulses,Rabi,1.0,1.0,1.0,,,,,,,,,,,,,
Tamil Nadu,10. Kanchipuram,2019,Bajra,Kharif,1.0,3.0,3.0,,,,,,,,,,,,,
Tamil Nadu,10. Kanchipuram,2019,Bajra,Rabi,1.0,3.0,3.0,,,,,,,,,,,,,
Tamil Nadu,10. Kanchipuram,2019,Groundnut,Kharif,1518.0,5290.0,3.48,,,,,,,,,,,,,
Tamil Nadu,10. Kanchipuram,2019,Groundnut,Rabi,8674.0,44873.0,5.17,,,,,,,,,,,,,
Tamil Nadu,10. Kanchipuram,2019,Horse-gram,Kharif,2.0,1.0,0.5,,,,,,,,,,,,,
Tamil Nadu,10. Kanchipuram,2019,Horse-gram,Rabi,2.0,2.0,1.0,,,,,,,,,,,,,
Tamil Nadu,10. Kanchipuram,2019,Jowar,Kharif,1.0,1.0,1.0,,,,,,,,,,,,,
Tamil Nadu,10. Kanchipuram,2019,Jowar,Rabi,3.0,4.0,1.33,,,,,,,,,,,,,
Tamil Nadu,10. Kanchipuram,2019,Maize,Kharif,1.0,8.0,8.0,,,,,,,,,,,,,
Tamil Nadu,10. Kanchipuram,2019,Maize,Rabi,3.0,22.0,7.33,,,,,,,,,,,,,
Tamil Nadu,10. Kanchipuram,2019,Moong(Green Gram),Kharif,177.0,102.0,0.58,,,,,,,,,,,,,
Tamil Nadu,10. Kanchipuram,2019,Moong(Green Gram),Rabi,361.0,153.0,0.42,,,,,,,,,,,,,
Tamil Nadu,10. Kanchipuram,2019,Onion,Kharif,1.0,6.0,6.0,,,,,,,,,,,,,
Tamil Nadu,10. Kanchipuram,2019,Onion,Rabi,1.0,6.0,6.0,,,,,,,,,,,,,
Tamil Nadu,10. Kanchipuram,2019,Other Kharif pulses,Kharif,5.0,3.0,0.6,,,,,,,,,,,,,
Tamil Nadu,10. Kanchipuram,2019,Ragi,Kharif,41.0,125.0,3.05,,,,,,,,,,,,,
Tamil Nadu,10. Kanchipuram,2019,Ragi,Rabi,90.0,364.0,4.04,,,,,,,,,,,,,
Tamil Nadu,10. Kanchipuram,2019,Rice,Autumn,9561.0,48735.0,5.1,,,,,,,,,,,,,
Tamil Nadu,10. Kanchipuram,2019,Rice,Winter,31130.0,153376.0,4.93,,,,,,,,,,,,,
Tamil Nadu,10. Kanchipuram,2019,Sesamum,Kharif,300.0,128.0,0.43,,,,,,,,,,,,,
Tamil Nadu,10. Kanchipuram,2019,Sesamum,Rabi,1311.0,954.0,0.73,,,,,,,,,,,,,
Tamil Nadu,10. Kanchipuram,2019,Urad,Kharif,492.0,413.0,0.84,,,,,,,,,,,,,
Tamil Nadu,10. Kanchipuram,2019,Urad,Rabi,1664.0,1293.0,0.78,,,,,,,,,,,,,
Tamil Nadu,10. Kanchipuram,2019,Arhar/Tur,Kharif,2.0,3.0,1.5,,,,,,,,,,,,,
Tamil Nadu,10. Kanchipuram,2019,Arhar/Tur,Rabi,6.0,7.0,1.17,,,,,,,,,,,,,
Tamil Nadu,10. Kanchipuram,2019,Cowpea(Lobia),Rabi,76.0,53.0,0.7,,,,,,,,,,,,,
Tamil Nadu,10. Kanchipuram,2019,Other Rabi pulses,Rabi,1.0,1.0,1.0,,,,,,,,,,,,,
Tamil Nadu,10. Kanchipuram,2020,Bajra,Rabi,2.0,2.0,1.0,,,,,,,,,,,,,
Tamil Nadu,10. Kanchipuram,2020,Groundnut,Kharif,1048.0,2671.0,2.55,,,,,,,,,,,,,
Tamil Nadu,10. Kanchipuram,2020,Groundnut,Rabi,1373.0,5458.0,3.98,,,,,,,,,,,,,
Tamil Nadu,10. Kanchipuram,2020,Horse-gram,Kharif,1.0,1.0,1.0,,,,,,,,,,,,,
Tamil Nadu,10. Kanchipuram,2020,Moong(Green Gram),Kharif,8.0,7.0,0.88,,,,,,,,,,,,,
Tamil Nadu,10. Kanchipuram,2020,Moong(Green Gram),Rabi,470.0,132.0,0.28,,,,,,,,,,,,,
Tamil Nadu,10. Kanchipuram,2020,Ragi,Kharif,36.0,117.0,3.25,,,,,,,,,,,,,
Tamil Nadu,10. Kanchipuram,2020,Ragi,Rabi,18.0,74.0,4.11,,,,,,,,,,,,,
Tamil Nadu,10. Kanchipuram,2020,Rice,Autumn,6674.0,31393.0,4.7,,,,,,,,,,,,,
Tamil Nadu,10. Kanchipuram,2020,Rice,Winter,15316.0,50787.0,3.32,,,,,,,,,,,,,
Tamil Nadu,10. Kanchipuram,2020,Sesamum,Kharif,100.0,71.0,0.71,,,,,,,,,,,,,
Tamil Nadu,10. Kanchipuram,2020,Sesamum,Rabi,276.0,187.0,0.68,,,,,,,,,,,,,
Tamil Nadu,10. Kanchipuram,2020,Urad,Kharif,191.0,170.0,0.89,,,,,,,,,,,,,
Tamil Nadu,10. Kanchipuram,2020,Urad,Rabi,551.0,286.0,0.52,,,,,,,,,,,,,
Tamil Nadu,10. Kanchipuram,2020,Arhar/Tur,Kharif,5.0,6.0,1.2,,,,,,,,,,,,,
Tamil Nadu,10. Kanchipuram,2020,Arhar/Tur,Rabi,2.0,2.0,1.0,,,,,,,,,,,,,
Tamil Nadu,10. Kanchipuram,2021,Groundnut,Kharif,792.0,2123.0,2.68,,,,,,,,,,,,,
Tamil Nadu,10. Kanchipuram,2021,Groundnut,Rabi,1327.0,4122.0,3.11,,,,,,,,,,,,,
Tamil Nadu,10. Kanchipuram,2021,Horse-gram,Kharif,1.0,1.0,1.0,,,,,,,,,,,,,
Tamil Nadu,10. Kanchipuram,2021,Maize,Kharif,6.0,51.0,8.5,,,,,,,,,,,,,
Tamil Nadu,10. Kanchipuram,2021,Moong(Green Gram),Kharif,2.0,3.0,1.5,,,,,,,,,,,,,
Tamil Nadu,10. Kanchipuram,2021,Moong(Green Gram),Rabi,450.0,146.0,0.32,,,,,,,,,,,,,
Tamil Nadu,10. Kanchipuram,2021,Ragi,Kharif,19.0,53.0,2.79,,,,,,,,,,,,,
Tamil Nadu,10. Kanchipuram,2021,Ragi,Rabi,8.0,33.0,4.13,,,,,,,,,,,,,
Tamil Nadu,10. Kanchipuram,2021,Rice,Autumn,8713.0,36682.0,4.21,,,,,,,,,,,,,
Tamil Nadu,10. Kanchipuram,2021,Rice,Winter,15398.0,36621.0,2.38,,,,,,,,,,,,,
Tamil Nadu,10. Kanchipuram,2021,Sesamum,Kharif,70.0,27.0,0.39,,,,,,,,,,,,,
Tamil Nadu,10. Kanchipuram,2021,Sesamum,Rabi,221.0,124.0,0.56,,,,,,,,,,,,,
Tamil Nadu,10. Kanchipuram,2021,Small millets,Kharif,1.0,1.0,1.0,,,,,,,,,,,,,
Tamil Nadu,10. Kanchipuram,2021,Urad,Kharif,180.0,158.0,0.88,,,,,,,,,,,,,
Tamil Nadu,10. Kanchipuram,2021,Urad,Rabi,297.0,189.0,0.64,,,,,,,,,,,,,
Tamil Nadu,10. Kanchipuram,2021,Arhar/Tur,Kharif,2.0,2.0,1.0,,,,,,,,,,,,,
Tamil Nadu,10. Kanchipuram,2022,Groundnut,Kharif,696.0,1285.0,1.85,,,,,,,,,,,,,
Tamil Nadu,10. Kanchipuram,2022,Groundnut,Rabi,1074.0,4033.0,3.76,,,,,,,,,,,,,
Tamil Nadu,10. Kanchipuram,2022,Horse-gram,Kharif,1.0,1.0,1.0,,,,,,,,,,,,,
Tamil Nadu,10. Kanchipuram,2022,Maize,Kharif,2.0,14.0,7.0,,,,,,,,,,,,,
Tamil Nadu,10. Kanchipuram,2022,Moong(Green Gram),Kharif,5.0,4.0,0.8,,,,,,,,,,,,,
Tamil Nadu,10. Kanchipuram,2022,Moong(Green Gram),Rabi,384.0,118.0,0.31,,,,,,,,,,,,,
Tamil Nadu,10. Kanchipuram,2022,Ragi,Kharif,24.0,63.0,2.63,,,,,,,,,,,,,
Tamil Nadu,10. Kanchipuram,2022,Ragi,Rabi,10.0,41.0,4.1,,,,,,,,,,,,,
Tamil Nadu,10. Kanchipuram,2022,Rice,Autumn,10104.0,41816.0,4.14,,,,,,,,,,,,,
Tamil Nadu,10. Kanchipuram,2022,Rice,Winter,13752.0,36078.0,2.62,,,,,,,,,,,,,
Tamil Nadu,10. Kanchipuram,2022,Sesamum,Kharif,42.0,19.0,0.45,,,,,,,,,,,,,
Tamil Nadu,10. Kanchipuram,2022,Sesamum,Rabi,209.0,112.0,0.54,,,,,,,,,,,,,
Tamil Nadu,10. Kanchipuram,2022,Small millets,Kharif,1.0,1.0,1.0,,,,,,,,,,,,,
Tamil Nadu,10. Kanchipuram,2022,Urad,Kharif,185.0,158.0,0.85,,,,,,,,,,,,,
Tamil Nadu,10. Kanchipuram,2022,Urad,Rabi,308.0,202.0,0.66,,,,,,,,,,,,,
Tamil Nadu,10. Kanchipuram,2022,Arhar/Tur,Kharif,2.0,2.0,1.0,,,,,,,,,,,,,
Tamil Nadu,10. Kanchipuram,2022,Cowpea(Lobia),Kharif,3.0,2.0,0.67,,,,,,,,,,,,,
Tamil Nadu,10. Kanchipuram,2022,Cowpea(Lobia),Rabi,65.0,31.0,0.48,,,,,,,,,,,,,
Tamil Nadu,1Kanniyakumari,2015,Groundnut,Kharif,9.0,20.0,2.22,,,,,,,,,,,,,
Tamil Nadu,1Kanniyakumari,2015,Groundnut,Rabi,5.0,16.0,3.2,,,,,,,,,,,,,
Tamil Nadu,1Kanniyakumari,2015,Maize,Kharif,22.0,162.0,7.36,,,,,,,,,,,,,
Tamil Nadu,1Kanniyakumari,2015,Maize,Rabi,31.0,212.0,6.84,,,,,,,,,,,,,
Tamil Nadu,1Kanniyakumari,2015,Moong(Green Gram),Kharif,1.0,1.0,1.0,,,,,,,,,,,,,
Tamil Nadu,1Kanniyakumari,2015,Moong(Green Gram),Rabi,1.0,1.0,1.0,,,,,,,,,,,,,
Tamil Nadu,1Kanniyakumari,2015,Other Kharif pulses,Kharif,11.0,6.0,0.55,,,,,,,,,,,,,
Tamil Nadu,1Kanniyakumari,2015,Rice,Kharif,12957.0,55789.0,4.31,,,,,,,,,,,,,
Tamil Nadu,1Kanniyakumari,2015,Urad,Kharif,30.0,21.0,0.7,,,,,,,,,,,,,
Tamil Nadu,1Kanniyakumari,2015,Urad,Rabi,887.0,622.0,0.7,,,,,,,,,,,,,
Tamil Nadu,1Kanniyakumari,2016,Groundnut,Kharif,22.0,33.0,1.5,,,,,,,,,,,,,
Tamil Nadu,1Kanniyakumari,2016,Groundnut,Rabi,8.0,25.0,3.13,,,,,,,,,,,,,
Tamil Nadu,1Kanniyakumari,2016,Maize,Kharif,23.0,105.0,4.57,,,,,,,,,,,,,
Tamil Nadu,1Kanniyakumari,2016,Maize,Rabi,24.0,30.0,1.25,,,,,,,,,,,,,
Tamil Nadu,1Kanniyakumari,2016,Rice,Kharif,12156.0,48670.0,4.0,,,,,,,,,,,,,
Tamil Nadu,1Kanniyakumari,2016,Urad,Kharif,126.0,97.0,0.77,,,,,,,,,,,,,
Tamil Nadu,1Kanniyakumari,2016,Urad,Rabi,440.0,159.0,0.36,,,,,,,,,,,,,
Tamil Nadu,1Kanniyakumari,2016,Arhar/Tur,Kharif,2.0,1.0,0.5,,,,,,,,,,,,,
Tamil Nadu,1Kanniyakumari,2017,Groundnut,Kharif,4.0,10.0,2.5,,,,,,,,,,,,,
Tamil Nadu,1Kanniyakumari,2017,Groundnut,Rabi,6.0,24.0,4.0,,,,,,,,,,,,,
Tamil Nadu,1Kanniyakumari,2017,Jowar,Kharif,1.0,1.0,1.0,,,,,,,,,,,,,
Tamil Nadu,1Kanniyakumari,2017,Maize,Kharif,1.0,9.0,9.0,,,,,,,,,,,,,
Tamil Nadu,1Kanniyakumari,2017,Maize,Rabi,4.0,27.0,6.75,,,,,,,,,,,,,
Tamil Nadu,1Kanniyakumari,2017,Rice,Autumn,3204.0,11368.0,3.55,,,,,,,,,,,,,
Tamil Nadu,1Kanniyakumari,2017,Rice,Winter,6310.0,21157.0,3.35,,,,,,,,,,,,,
Tamil Nadu,1Kanniyakumari,2017,Urad,Kharif,104.0,95.0,0.91,,,,,,,,,,,,,
Tamil Nadu,1Kanniyakumari,2017,Urad,Rabi,225.0,152.0,0.68,,,,,,,,,,,,,
Tamil Nadu,1Kanniyakumari,2017,Cowpea(Lobia),Kharif,4.0,2.0,0.5,,,,,,,,,,,,,
Tamil Nadu,1Kanniyakumari,2017,Cowpea(Lobia),Rabi,2.0,1.0,0.5,,,,,,,,,,,,,
Tamil Nadu,1Kanniyakumari,2018,Groundnut,Kharif,28.0,61.0,2.18,,,,,,,,,,,,,
Tamil Nadu,1Kanniyakumari,2018,Groundnut,Rabi,1.0,3.0,3.0,,,,,,,,,,,,,
Tamil Nadu,1Kanniyakumari,2018,Maize,Kharif,3.0,25.0,8.33,,,,,,,,,,,,,
Tamil Nadu,1Kanniyakumari,2018,Maize,Rabi,3.0,21.0,7.0,,,,,,,,,,,,,
Tamil Nadu,1Kanniyakumari,2018,Moong(Green Gram),Kharif,3.0,2.0,0.67,,,,,,,,,,,,,
Tamil Nadu,1Kanniyakumari,2018,Rice,Autumn,5925.0,21707.0,3.66,,,,,,,,,,,,,
Tamil Nadu,1Kanniyakumari,2018,Rice,Winter,5953.0,25540.0,4.29,,,,,,,,,,,,,
Tamil Nadu,1Kanniyakumari,2018,Urad,Kharif,54.0,40.0,0.74,,,,,,,,,,,,,
Tamil Nadu,1Kanniyakumari,2018,Urad,Rabi,157.0,95.0,0.61,,,,,,,,,,,,,
Tamil Nadu,1Kanniyakumari,2018,Arhar/Tur,Kharif,1.0,1.0,1.0,,,,,,,,,,,,,
Tamil Nadu,1Kanniyakumari,2018,Cowpea(Lobia),Kharif,1.0,1.0,1.0,,,,,,,,,,,,,
Tamil Nadu,1Kanniyakumari,2018,Cowpea(Lobia),Rabi,1.0,1.0,1.0,,,,,,,,,,,,,
Tamil Nadu,1Kanniyakumari,2019,Castor seed,Kharif,1.0,,0.0,,,,,,,,,,,,,
Tamil Nadu,1Kanniyakumari,2019,Groundnut,Kharif,4.0,10.0,2.5,,,,,,,,,,,,,
Tamil Nadu,1Kanniyakumari,2019,Maize,Kharif,6.0,49.0,8.17,,,,,,,,,,,,,
Tamil Nadu,1Kanniyakumari,2019,Rice,Autumn,5044.0,19580.0,3.88,,,,,,,,,,,,,
Tamil Nadu,1Kanniyakumari,2019,Rice,Winter,5877.0,24012.0,4.09,,,,,,,,,,,,,
Tamil Nadu,1Kanniyakumari,2019,Urad,Kharif,59.0,50.0,0.85,,,,,,,,,,,,,
Tamil Nadu,1Kanniyakumari,2019,Urad,Rabi,275.0,214.0,0.78,,,,,,,,,,,,,
Tamil Nadu,1Kanniyakumari,2019,Cowpea(Lobia),Kharif,2.0,2.0,1.0,,,,,,,,,,,,,
Tamil Nadu,1Kanniyakumari,2020,Castor seed,Kharif,1.0,0.0,0.0,,,,,,,,,,,,,
Tamil Nadu,1Kanniyakumari,2020,Groundnut,Kharif,17.0,36.0,2.12,,,,,,,,,,,,,
Tamil Nadu,1Kanniyakumari,2020,Moong(Green Gram),Kharif,2.0,2.0,1.0,,,,,,,,,,,,,
Tamil Nadu,1Kanniyakumari,2020,Rice,Autumn,5779.0,26533.0,4.59,,,,,,,,,,,,,
Tamil Nadu,1Kanniyakumari,2020,Rice,Winter,5795.0,22207.0,3.83,,,,,,,,,,,,,
Tamil Nadu,1Kanniyakumari,2020,Urad,Kharif,134.0,119.0,0.89,,,,,,,,,,,,,
Tamil Nadu,1Kanniyakumari,2020,Urad,Rabi,153.0,79.0,0.52,,,,,,,,,,,,,
Tamil Nadu,1Kanniyakumari,2020,Cowpea(Lobia),Rabi,2.0,1.0,0.5,,,,,,,,,,,,,
Tamil Nadu,1Kanniyakumari,2021,Groundnut,Kharif,10.0,22.0,2.2,,,,,,,,,,,,,
Tamil Nadu,1Kanniyakumari,2021,Rice,Autumn,5742.0,22654.0,3.95,,,,,,,,,,,,,
Tamil Nadu,1Kanniyakumari,2021,Rice,Winter,5700.0,20107.0,3.53,,,,,,,,,,,,,
Tamil Nadu,1Kanniyakumari,2021,Sesamum,Kharif,1.0,0.0,0.0,,,,,,,,,,,,,
Tamil Nadu,1Kanniyakumari,2021,Urad,Kharif,116.0,102.0,0.88,,,,,,,,,,,,,
Tamil Nadu,1Kanniyakumari,2021,Urad,Rabi,228.0,145.0,0.64,,,,,,,,,,,,,
Tamil Nadu,1Kanniyakumari,2021,Cowpea(Lobia),Kharif,1.0,1.0,1.0,,,,,,,,,,,,,
Tamil Nadu,1Kanniyakumari,2021,Cowpea(Lobia),Rabi,2.0,1.0,0.5,,,,,,,,,,,,,
Tamil Nadu,1Kanniyakumari,2022,Groundnut,Kharif,15.0,33.0,2.2,,,,,,,,,,,,,
Tamil Nadu,1Kanniyakumari,2022,Rice,Autumn,5639.0,20178.0,3.58,,,,,,,,,,,,,
Tamil Nadu,1Kanniyakumari,2022,Rice,Winter,5531.0,21325.0,3.86,,,,,,,,,,,,,
Tamil Nadu,1Kanniyakumari,2022,Urad,Kharif,101.0,86.0,0.85,,,,,,,,,,,,,
Tamil Nadu,1Kanniyakumari,2022,Urad,Rabi,380.0,249.0,0.66,,,,,,,,,,,,,
Tamil Nadu,12. Karur,2015,Bajra,Kharif,703.0,1092.0,1.55,,,,,,,,,,,,,
Tamil Nadu,12. Karur,2015,Bajra,Rabi,125.0,306.0,2.45,,,,,,,,,,,,,
Tamil Nadu,12. Karur,2015,Castor seed,Kharif,10.0,4.0,0.4,,,,,,,,,,,,,
Tamil Nadu,12. Karur,2015,Cotton(lint),Kharif,123.0,229.0,1.86,,,,,,,,,,,,,
Tamil Nadu,12. Karur,2015,Cotton(lint),Rabi,2.0,6.0,3.0,,,,,,,,,,,,,
Tamil Nadu,12. Karur,2015,Groundnut,Kharif,2374.0,6650.0,2.8,,,,,,,,,,,,,
Tamil Nadu,12. Karur,2015,Groundnut,Rabi,2011.0,5595.0,2.78,,,,,,,,,,,,,
Tamil Nadu,12. Karur,2015,Horse-gram,Kharif,4292.0,2527.0,0.59,,,,,,,,,,,,,
Tamil Nadu,12. Karur,2015,Horse-gram,Rabi,1215.0,711.0,0.59,,,,,,,,,,,,,
Tamil Nadu,12. Karur,2015,Jowar,Kharif,13617.0,6427.0,0.47,,,,,,,,,,,,,
Tamil Nadu,12. Karur,2015,Jowar,Rabi,3942.0,2298.0,0.58,,,,,,,,,,,,,
Tamil Nadu,12. Karur,2015,Maize,Kharif,1561.0,11476.0,7.35,,,,,,,,,,,,,
Tamil Nadu,12. Karur,2015,Maize,Rabi,828.0,5666.0,6.84,,,,,,,,,,,,,
Tamil Nadu,12. Karur,2015,Masoor,Kharif,3605.0,3288.0,0.91,,,,,,,,,,,,,
Tamil Nadu,12. Karur,2015,Moong(Green Gram),Kharif,277.0,220.0,0.79,,,,,,,,,,,,,
Tamil Nadu,12. Karur,2015,Moong(Green Gram),Rabi,420.0,220.0,0.52,,,,,,,,,,,,,
Tamil Nadu,12. Karur,2015,Onion,Kharif,403.0,3885.0,9.64,,,,,,,,,,,,,
Tamil Nadu,12. Karur,2015,Onion,Rabi,171.0,1109.0,6.49,,,,,,,,,,,,,
Tamil Nadu,12. Karur,2015,Other Kharif pulses,Kharif,2204.0,1289.0,0.58,,,,,,,,,,,,,
Tamil Nadu,12. Karur,2015,Ragi,Kharif,6.0,18.0,3.0,,,,,,,,,,,,,
Tamil Nadu,12. Karur,2015,Ragi,Rabi,51.0,185.0,3.63,,,,,,,,,,,,,
Tamil Nadu,12. Karur,2015,Rice,Kharif,13276.0,52886.0,3.98,,,,,,,,,,,,,
Tamil Nadu,12. Karur,2015,Sesamum,Kharif,3164.0,1728.0,0.55,,,,,,,,,,,,,
Tamil Nadu,12. Karur,2015,Sesamum,Rabi,784.0,485.0,0.62,,,,,,,,,,,,,
Tamil Nadu,12. Karur,2015,Small millets,Kharif,10.0,10.0,1.0,,,,,,,,,,,,,
Tamil Nadu,12. Karur,2015,Small millets,Rabi,6.0,9.0,1.5,,,,,,,,,,,,,
Tamil Nadu,12. Karur,2015,Sunflower,Kharif,1082.0,1495.0,1.38,,,,,,,,,,,,,
Tamil Nadu,12. Karur,2015,Sunflower,Rabi,811.0,813.0,1.0,,,,,,,,,,,,,
Tamil Nadu,12. Karur,2015,Urad,Kharif,1157.0,801.0,0.69,,,,,,,,,,,,,
Tamil Nadu,12. Karur,2015,Urad,Rabi,2968.0,2081.0,0.7,,,,,,,,,,,,,
Tamil Nadu,12. Karur,2016,Bajra,Kharif,208.0,614.0,2.95,,,,,,,,,,,,,
Tamil Nadu,12. Karur,2016,Bajra,Rabi,25.0,13.0,0.52,,,,,,,,,,,,,
Tamil Nadu,12. Karur,2016,Castor seed,Kharif,9.0,4.0,0.44,,,,,,,,,,,,,
Tamil Nadu,12. Karur,2016,Cotton(lint),Kharif,112.0,145.0,1.29,,,,,,,,,,,,,
Tamil Nadu,12. Karur,2016,Cotton(lint),Rabi,21.0,31.0,1.48,,,,,,,,,,,,,
Tamil Nadu,12. Karur,2016,Groundnut,Kharif,1082.0,2477.0,2.29,,,,,,,,,,,,,
Tamil Nadu,12. Karur,2016,Groundnut,Rabi,492.0,1157.0,2.35,,,,,,,,,,,,,
Tamil Nadu,12. Karur,2016,Horse-gram,Kharif,974.0,311.0,0.32,,,,,,,,,,,,,
Tamil Nadu,12. Karur,2016,Horse-gram,Rabi,725.0,233.0,0.32,,,,,,,,,,,,,
Tamil Nadu,12. Karur,2016,Jowar,Kharif,5089.0,2092.0,0.41,,,,,,,,,,,,,
Tamil Nadu,12. Karur,2016,Jowar,Rabi,2105.0,1420.0,0.67,,,,,,,,,,,,,
Tamil Nadu,12. Karur,2016,Maize,Kharif,372.0,1694.0,4.55,,,,,,,,,,,,,
Tamil Nadu,12. Karur,2016,Maize,Rabi,38.0,48.0,1.26,,,,,,,,,,,,,
Tamil Nadu,12. Karur,2016,Moong(Green Gram),Kharif,87.0,70.0,0.8,,,,,,,,,,,,,
Tamil Nadu,12. Karur,2016,Moong(Green Gram),Rabi,68.0,16.0,0.24,,,,,,,,,,,,,
Tamil Nadu,12. Karur,2016,Onion,Kharif,278.0,2881.0,10.36,,,,,,,,,,,,,
Tamil Nadu,12. Karur,2016,Onion,Rabi,31.0,157.0,5.06,,,,,,,,,,,,,
Tamil Nadu,12. Karur,2016,Rice,Kharif,3672.0,10792.0,2.94,,,,,,,,,,,,,
Tamil Nadu,12. Karur,2016,Sesamum,Kharif,1740.0,188.0,0.11,,,,,,,,,,,,,
Tamil Nadu,12. Karur,2016,Sesamum,Rabi,30.0,11.0,0.37,,,,,,,,,,,,,
Tamil Nadu,12. Karur,2016,Small millets,Rabi,2.0,1.0,0.5,,,,,,,,,,,,,
Tamil Nadu,12. Karur,2016,Sunflower,Kharif,435.0,377.0,0.87,,,,,,,,,,,,,
Tamil Nadu,12. Karur,2016,Urad,Kharif,397.0,307.0,0.77,,,,,,,,,,,,,
Tamil Nadu,12. Karur,2016,Urad,Rabi,429.0,155.0,0.36,,,,,,,,,,,,,
Tamil Nadu,12. Karur,2016,Arhar/Tur,Kharif,3242.0,411.0,0.13,,,,,,,,,,,,,
Tamil Nadu,12. Karur,2016,Other Cereals,Kharif,2.0,1.0,0.5,,,,,,,,,,,,,
Tamil Nadu,12. Karur,2016,Other Cereals,Rabi,1.0,,0.0,,,,,,,,,,,,,
Tamil Nadu,12. Karur,2017,Bajra,Kharif,232.0,547.0,2.36,,,,,,,,,,,,,
Tamil Nadu,12. Karur,2017,Bajra,Rabi,218.0,450.0,2.06,,,,,,,,,,,,,
Tamil Nadu,12. Karur,2017,Castor seed,Kharif,29.0,13.0,0.45,,,,,,,,,,,,,
Tamil Nadu,12. Karur,2017,Cotton(lint),Kharif,98.0,,0.0,,,,,,,,,,,,,
Tamil Nadu,12. Karur,2017,Cotton(lint),Rabi,188.0,,0.0,,,,,,,,,,,,,
Tamil Nadu,12. Karur,2017,Groundnut,Kharif,1044.0,2568.0,2.46,,,,,,,,,,,,,
Tamil Nadu,12. Karur,2017,Groundnut,Rabi,2034.0,5390.0,2.65,,,,,,,,,,,,,
Tamil Nadu,12. Karur,2017,Horse-gram,Kharif,990.0,753.0,0.76,,,,,,,,,,,,,
Tamil Nadu,12. Karur,2017,Horse-gram,Rabi,1901.0,1502.0,0.79,,,,,,,,,,,,,
Tamil Nadu,12. Karur,2017,Jowar,Kharif,10495.0,1753.0,0.17,,,,,,,,,,,,,
Tamil Nadu,12. Karur,2017,Jowar,Rabi,8558.0,2798.0,0.33,,,,,,,,,,,,,
Tamil Nadu,12. Karur,2017,Maize,Kharif,354.0,3264.0,9.22,,,,,,,,,,,,,
Tamil Nadu,12. Karur,2017,Maize,Rabi,1671.0,11182.0,6.69,,,,,,,,,,,,,
Tamil Nadu,12. Karur,2017,Moong(Green Gram),Kharif,53.0,32.0,0.6,,,,,,,,,,,,,
Tamil Nadu,12. Karur,2017,Moong(Green Gram),Rabi,431.0,172.0,0.4,,,,,,,,,,,,,
Tamil Nadu,12. Karur,2017,Onion,Kharif,96.0,932.0,9.71,,,,,,,,,,,,,
Tamil Nadu,12. Karur,2017,Onion,Rabi,145.0,2056.0,14.18,,,,,,,,,,,,,
Tamil Nadu,12. Karur,2017,Other Kharif pulses,Kharif,240.0,158.0,0.66,,,,,,,,,,,,,
Tamil Nadu,12. Karur,2017,Ragi,Kharif,2.0,7.0,3.5,,,,,,,,,,,,,
Tamil Nadu,12. Karur,2017,Ragi,Rabi,11.0,49.0,4.45,,,,,,,,,,,,,
Tamil Nadu,12. Karur,2017,Rice,Winter,11011.0,41545.0,3.77,,,,,,,,,,,,,
Tamil Nadu,12. Karur,2017,Sesamum,Kharif,4465.0,1969.0,0.44,,,,,,,,,,,,,
Tamil Nadu,12. Karur,2017,Sesamum,Rabi,397.0,244.0,0.61,,,,,,,,,,,,,
Tamil Nadu,12. Karur,2017,Small millets,Kharif,4.0,5.0,1.25,,,,,,,,,,,,,
Tamil Nadu,12. Karur,2017,Small millets,Rabi,1.0,2.0,2.0,,,,,,,,,,,,,
Tamil Nadu,12. Karur,2017,Sunflower,Kharif,133.0,259.0,1.95,,,,,,,,,,,,,
Tamil Nadu,12. Karur,2017,Sunflower,Rabi,304.0,485.0,1.6,,,,,,,,,,,,,
Tamil Nadu,12. Karur,2017,Urad,Kharif,480.0,437.0,0.91,,,,,,,,,,,,,
Tamil Nadu,12. Karur,2017,Urad,Rabi,1401.0,946.0,0.68,,,,,,,,,,,,,
Tamil Nadu,12. Karur,2017,Arhar/Tur,Kharif,5446.0,1465.0,0.27,,,,,,,,,,,,,
Tamil Nadu,12. Karur,2017,Other Cereals,Kharif,1.0,,0.0,,,,,,,,,,,,,
Tamil Nadu,12. Karur,2017,Cowpea(Lobia),Kharif,50.0,36.0,0.72,,,,,,,,,,,,,
Tamil Nadu,12. Karur,2017,Cowpea(Lobia),Rabi,372.0,242.0,0.65,,,,,,,,,,,,,
Tamil Nadu,12. Karur,2017,Other Rabi pulses,Rabi,923.0,609.0,0.66,,,,,,,,,,,,,
Tamil Nadu,12. Karur,2018,Bajra,Kharif,193.0,551.0,2.85,,,,,,,,,,,,,
Tamil Nadu,12. Karur,2018,Bajra,Rabi,146.0,272.0,1.86,,,,,,,,,,,,,
Tamil Nadu,12. Karur,2018,Castor seed,Kharif,24.0,10.0,0.42,,,,,,,,,,,,,
Tamil Nadu,12. Karur,2018,Cotton(lint),Kharif,36.0,78.0,2.17,,,,,,,,,,,,,
Tamil Nadu,12. Karur,2018,Cotton(lint),Rabi,210.0,545.0,2.6,,,,,,,,,,,,,
Tamil Nadu,12. Karur,2018,Groundnut,Kharif,394.0,852.0,2.16,,,,,,,,,,,,,
Tamil Nadu,12. Karur,2018,Groundnut,Rabi,1033.0,3564.0,3.45,,,,,,,,,,,,,
Tamil Nadu,12. Karur,2018,Horse-gram,Kharif,503.0,351.0,0.7,,,,,,,,,,,,,
Tamil Nadu,12. Karur,2018,Horse-gram,Rabi,3173.0,2189.0,0.69,,,,,,,,,,,,,
Tamil Nadu,12. Karur,2018,Jowar,Kharif,5856.0,3802.0,0.65,,,,,,,,,,,,,
Tamil Nadu,12. Karur,2018,Jowar,Rabi,13882.0,8474.0,0.61,,,,,,,,,,,,,
Tamil Nadu,12. Karur,2018,Maize,Kharif,119.0,907.0,7.62,,,,,,,,,,,,,
Tamil Nadu,12. Karur,2018,Maize,Rabi,1005.0,7029.0,6.99,,,,,,,,,,,,,
Tamil Nadu,12. Karur,2018,Moong(Green Gram),Kharif,3.0,2.0,0.67,,,,,,,,,,,,,
Tamil Nadu,12. Karur,2018,Moong(Green Gram),Rabi,294.0,120.0,0.41,,,,,,,,,,,,,
Tamil Nadu,12. Karur,2018,Onion,Kharif,142.0,1247.0,8.78,,,,,,,,,,,,,
Tamil Nadu,12. Karur,2018,Onion,Rabi,344.0,1955.0,5.68,,,,,,,,,,,,,
Tamil Nadu,12. Karur,2018,Other Kharif pulses,Kharif,191.0,144.0,0.75,,,,,,,,,,,,,
Tamil Nadu,12. Karur,2018,Ragi,Kharif,1.0,4.0,4.0,,,,,,,,,,,,,
Tamil Nadu,12. Karur,2018,Ragi,Rabi,1.0,4.0,4.0,,,,,,,,,,,,,
Tamil Nadu,12. Karur,2018,Rice,Winter,11070.0,38210.0,3.45,,,,,,,,,,,,,
Tamil Nadu,12. Karur,2018,Sesamum,Kharif,700.0,300.0,0.43,,,,,,,,,,,,,
Tamil Nadu,12. Karur,2018,Sesamum,Rabi,2387.0,1354.0,0.57,,,,,,,,,,,,,
Tamil Nadu,12. Karur,2018,Sunflower,Kharif,193.0,297.0,1.54,,,,,,,,,,,,,
Tamil Nadu,12. Karur,2018,Sunflower,Rabi,197.0,113.0,0.57,,,,,,,,,,,,,
Tamil Nadu,12. Karur,2018,Urad,Kharif,163.0,124.0,0.76,,,,,,,,,,,,,
Tamil Nadu,12. Karur,2018,Urad,Rabi,2127.0,1290.0,0.61,,,,,,,,,,,,,
Tamil Nadu,12. Karur,2018,Arhar/Tur,Kharif,934.0,446.0,0.48,,,,,,,,,,,,,
Tamil Nadu,12. Karur,2018,Other Cereals,Rabi,10.0,24.0,2.4,,,,,,,,,,,,,
Tamil Nadu,12. Karur,2018,Cowpea(Lobia),Kharif,1.0,1.0,1.0,,,,,,,,,,,,,
Tamil Nadu,12. Karur,2018,Cowpea(Lobia),Rabi,337.0,287.0,0.85,,,,,,,,,,,,,
Tamil Nadu,12. Karur,2018,Other Rabi pulses,Rabi,1100.0,827.0,0.75,,,,,,,,,,,,,
Tamil Nadu,12. Karur,2019,Bajra,Kharif,370.0,1026.0,2.77,,,,,,,,,,,,,
Tamil Nadu,12. Karur,2019,Bajra,Rabi,149.0,391.0,2.62,,,,,,,,,,,,,
Tamil Nadu,12. Karur,2019,Castor seed,Kharif,15.0,6.0,0.4,,,,,,,,,,,,,
Tamil Nadu,12. Karur,2019,Cotton(lint),Kharif,114.0,276.0,2.42,,,,,,,,,,,,,
Tamil Nadu,12. Karur,2019,Cotton(lint),Rabi,237.0,595.0,2.51,,,,,,,,,,,,,
Tamil Nadu,12. Karur,2019,Groundnut,Kharif,216.0,535.0,2.48,,,,,,,,,,,,,
Tamil Nadu,12. Karur,2019,Groundnut,Rabi,809.0,2405.0,2.97,,,,,,,,,,,,,
Tamil Nadu,12. Karur,2019,Horse-gram,Kharif,275.0,96.0,0.35,,,,,,,,,,,,,
Tamil Nadu,12. Karur,2019,Horse-gram,Rabi,3190.0,1114.0,0.35,,,,,,,,,,,,,
Tamil Nadu,12. Karur,2019,Jowar,Kharif,7768.0,4502.0,0.58,,,,,,,,,,,,,
Tamil Nadu,12. Karur,2019,Jowar,Rabi,18423.0,7502.0,0.41,,,,,,,,,,,,,
Tamil Nadu,12. Karur,2019,Maize,Kharif,162.0,1441.0,8.9,,,,,,,,,,,,,
Tamil Nadu,12. Karur,2019,Maize,Rabi,751.0,5046.0,6.72,,,,,,,,,,,,,
Tamil Nadu,12. Karur,2019,Moong(Green Gram),Kharif,35.0,20.0,0.57,,,,,,,,,,,,,
Tamil Nadu,12. Karur,2019,Moong(Green Gram),Rabi,243.0,103.0,0.42,,,,,,,,,,,,,
Tamil Nadu,12. Karur,2019,Onion,Kharif,133.0,1214.0,9.13,,,,,,,,,,,,,
Tamil Nadu,12. Karur,2019,Onion,Rabi,292.0,2059.0,7.05,,,,,,,,,,,,,
Tamil Nadu,12. Karur,2019,Other Kharif pulses,Kharif,111.0,56.0,0.5,,,,,,,,,,,,,
Tamil Nadu,12. Karur,2019,Ragi,Rabi,2.0,6.0,3.0,,,,,,,,,,,,,
Tamil Nadu,12. Karur,2019,Rice,Winter,10862.0,37843.0,3.48,,,,,,,,,,,,,
Tamil Nadu,12. Karur,2019,Sesamum,Kharif,1772.0,895.0,0.51,,,,,,,,,,,,,
Tamil Nadu,12. Karur,2019,Sesamum,Rabi,1973.0,1436.0,0.73,,,,,,,,,,,,,
Tamil Nadu,12. Karur,2019,Sunflower,Kharif,28.0,28.0,1.0,,,,,,,,,,,,,
Tamil Nadu,12. Karur,2019,Sunflower,Rabi,37.0,80.0,2.16,,,,,,,,,,,,,
Tamil Nadu,12. Karur,2019,Urad,Kharif,332.0,280.0,0.84,,,,,,,,,,,,,
Tamil Nadu,12. Karur,2019,Urad,Rabi,2100.0,1630.0,0.78,,,,,,,,,,,,,
Tamil Nadu,12. Karur,2019,Arhar/Tur,Kharif,551.0,187.0,0.34,,,,,,,,,,,,,
Tamil Nadu,12. Karur,2019,Arhar/Tur,Rabi,255.0,86.0,0.34,,,,,,,,,,,,,
Tamil Nadu,12. Karur,2019,Cowpea(Lobia),Kharif,54.0,43.0,0.8,,,,,,,,,,,,,
Tamil Nadu,12. Karur,2019,Cowpea(Lobia),Rabi,317.0,223.0,0.7,,,,,,,,,,,,,
Tamil Nadu,12. Karur,2019,Other Rabi pulses,Rabi,1074.0,537.0,0.5,,,,,,,,,,,,,
Tamil Nadu,12. Karur,2020,Bajra,Kharif,103.0,274.0,2.66,,,,,,,,,,,,,
Tamil Nadu,12. Karur,2020,Bajra,Rabi,182.0,274.0,1.51,,,,,,,,,,,,,
Tamil Nadu,12. Karur,2020,Castor seed,Kharif,49.0,15.0,0.31,,,,,,,,,,,,,
Tamil Nadu,12. Karur,2020,Cotton(lint),Kharif,115.0,225.0,1.96,,,,,,,,,,,,,
Tamil Nadu,12. Karur,2020,Cotton(lint),Rabi,156.0,375.0,2.4,,,,,,,,,,,,,
Tamil Nadu,12. Karur,2020,Groundnut,Kharif,1211.0,2582.0,2.13,,,,,,,,,,,,,
Tamil Nadu,12. Karur,2020,Groundnut,Rabi,1230.0,3249.0,2.64,,,,,,,,,,,,,
Tamil Nadu,12. Karur,2020,Horse-gram,Kharif,298.0,120.0,0.4,,,,,,,,,,,,,
Tamil Nadu,12. Karur,2020,Horse-gram,Rabi,3510.0,1419.0,0.4,,,,,,,,,,,,,
Tamil Nadu,12. Karur,2020,Jowar,Kharif,8508.0,7376.0,0.87,,,,,,,,,,,,,
Tamil Nadu,12. Karur,2020,Jowar,Rabi,13917.0,9586.0,0.69,,,,,,,,,,,,,
Tamil Nadu,12. Karur,2020,Maize,Kharif,312.0,2275.0,7.29,,,,,,,,,,,,,
Tamil Nadu,12. Karur,2020,Maize,Rabi,714.0,3777.0,5.29,,,,,,,,,,,,,
Tamil Nadu,12. Karur,2020,Moong(Green Gram),Kharif,6.0,6.0,1.0,,,,,,,,,,,,,
Tamil Nadu,12. Karur,2020,Moong(Green Gram),Rabi,253.0,71.0,0.28,,,,,,,,,,,,,
Tamil Nadu,12. Karur,2020,Onion,Kharif,193.0,1902.0,9.85,,,,,,,,,,,,,
Tamil Nadu,12. Karur,2020,Onion,Rabi,614.0,3410.0,5.55,,,,,,,,,,,,,
Tamil Nadu,12. Karur,2020,Other Kharif pulses,Kharif,167.0,84.0,0.5,,,,,,,,,,,,,
Tamil Nadu,12. Karur,2020,Ragi,Rabi,3.0,14.0,4.67,,,,,,,,,,,,,
Tamil Nadu,12. Karur,2020,Rice,Autumn,1.0,5.0,5.0,,,,,,,,,,,,,
Tamil Nadu,12. Karur,2020,Rice,Winter,12789.0,35839.0,2.8,,,,,,,,,,,,,
Tamil Nadu,12. Karur,2020,Sesamum,Kharif,2245.0,1221.0,0.54,,,,,,,,,,,,,
Tamil Nadu,12. Karur,2020,Sesamum,Rabi,954.0,643.0,0.67,,,,,,,,,,,,,
Tamil Nadu,12. Karur,2020,Sunflower,Kharif,83.0,138.0,1.66,,,,,,,,,,,,,
Tamil Nadu,12. Karur,2020,Sunflower,Rabi,40.0,53.0,1.33,,,,,,,,,,,,,
Tamil Nadu,12. Karur,2020,Urad,Kharif,394.0,351.0,0.89,,,,,,,,,,,,,
Tamil Nadu,12. Karur,2020,Urad,Rabi,1593.0,824.0,0.52,,,,,,,,,,,,,
Tamil Nadu,12. Karur,2020,Arhar/Tur,Kharif,3187.0,770.0,0.24,,,,,,,,,,,,,
Tamil Nadu,12. Karur,2020,Arhar/Tur,Rabi,329.0,80.0,0.24,,,,,,,,,,,,,
Tamil Nadu,12. Karur,2020,Other Cereals,Kharif,1.0,1.0,1.0,,,,,,,,,,,,,
Tamil Nadu,12. Karur,2020,Other Cereals,Rabi,9.0,12.0,1.33,,,,,,,,,,,,,
Tamil Nadu,12. Karur,2020,Cowpea(Lobia),Kharif,24.0,20.0,0.83,,,,,,,,,,,,,
Tamil Nadu,12. Karur,2020,Cowpea(Lobia),Rabi,301.0,201.0,0.67,,,,,,,,,,,,,
Tamil Nadu,12. Karur,2020,Other Rabi pulses,Rabi,1677.0,840.0,0.5,,,,,,,,,,,,,
Tamil Nadu,12. Karur,2020,Rapeseed &Mustard,Rabi,1.0,0.0,0.0,,,,,,,,,,,,,
Tamil Nadu,12. Karur,2021,Bajra,Kharif,67.0,164.0,2.45,,,,,,,,,,,,,
Tamil Nadu,12. Karur,2021,Bajra,Rabi,161.0,364.0,2.26,,,,,,,,,,,,,
Tamil Nadu,12. Karur,2021,Castor seed,Kharif,47.0,19.0,0.4,,,,,,,,,,,,,
Tamil Nadu,12. Karur,2021,Cotton(lint),Kharif,168.0,271.0,1.61,,,,,,,,,,,,,
Tamil Nadu,12. Karur,2021,Cotton(lint),Rabi,225.0,535.0,2.38,,,,,,,,,,,,,
Tamil Nadu,12. Karur,2021,Groundnut,Kharif,1298.0,2951.0,2.27,,,,,,,,,,,,,
Tamil Nadu,12. Karur,2021,Groundnut,Rabi,2223.0,8215.0,3.7,,,,,,,,,,,,,
Tamil Nadu,12. Karur,2021,Horse-gram,Kharif,289.0,145.0,0.5,,,,,,,,,,,,,
Tamil Nadu,12. Karur,2021,Horse-gram,Rabi,3891.0,1960.0,0.5,,,,,,,,,,,,,
Tamil Nadu,12. Karur,2021,Jowar,Kharif,5709.0,2376.0,0.42,,,,,,,,,,,,,
Tamil Nadu,12. Karur,2021,Jowar,Rabi,18202.0,6783.0,0.37,,,,,,,,,,,,,
Tamil Nadu,12. Karur,2021,Maize,Kharif,264.0,2135.0,8.09,,,,,,,,,,,,,
Tamil Nadu,12. Karur,2021,Maize,Rabi,578.0,3502.0,6.06,,,,,,,,,,,,,
Tamil Nadu,12. Karur,2021,Moong(Green Gram),Kharif,10.0,8.0,0.8,,,,,,,,,,,,,
Tamil Nadu,12. Karur,2021,Moong(Green Gram),Rabi,265.0,86.0,0.32,,,,,,,,,,,,,
Tamil Nadu,12. Karur,2021,Onion,Kharif,370.0,3376.0,9.12,,,,,,,,,,,,,
Tamil Nadu,12. Karur,2021,Onion,Rabi,506.0,3053.0,6.03,,,,,,,,,,,,,
Tamil Nadu,12. Karur,2021,Other Kharif pulses,Kharif,106.0,55.0,0.52,,,,,,,,,,,,,
Tamil Nadu,12. Karur,2021,Other Kharif pulses,Rabi,1919.0,960.0,0.5,,,,,,,,,,,,,
Tamil Nadu,12. Karur,2021,Ragi,Kharif,1.0,4.0,4.0,,,,,,,,,,,,,
Tamil Nadu,12. Karur,2021,Ragi,Rabi,6.0,24.0,4.0,,,,,,,,,,,,,
Tamil Nadu,12. Karur,2021,Rice,Winter,14344.0,43306.0,3.02,,,,,,,,,,,,,
Tamil Nadu,12. Karur,2021,Sesamum,Kharif,1844.0,1464.0,0.79,,,,,,,,,,,,,
Tamil Nadu,12. Karur,2021,Sesamum,Rabi,1417.0,793.0,0.56,,,,,,,,,,,,,
Tamil Nadu,12. Karur,2021,Sunflower,Kharif,431.0,634.0,1.47,,,,,,,,,,,,,
Tamil Nadu,12. Karur,2021,Sunflower,Rabi,128.0,181.0,1.41,,,,,,,,,,,,,
Tamil Nadu,12. Karur,2021,Urad,Kharif,312.0,275.0,0.88,,,,,,,,,,,,,
Tamil Nadu,12. Karur,2021,Urad,Rabi,2435.0,1544.0,0.63,,,,,,,,,,,,,
Tamil Nadu,12. Karur,2021,Arhar/Tur,Kharif,1578.0,707.0,0.45,,,,,,,,,,,,,
Tamil Nadu,12. Karur,2021,Arhar/Tur,Rabi,189.0,85.0,0.45,,,,,,,,,,,,,
Tamil Nadu,12. Karur,2021,Other Cereals,Kharif,2.0,3.0,1.5,,,,,,,,,,,,,
Tamil Nadu,12. Karur,2021,Other Cereals,Rabi,1.0,1.0,1.0,,,,,,,,,,,,,
Tamil Nadu,12. Karur,2021,Cowpea(Lobia),Kharif,26.0,20.0,0.77,,,,,,,,,,,,,
Tamil Nadu,12. Karur,2021,Cowpea(Lobia),Rabi,313.0,193.0,0.62,,,,,,,,,,,,,
Tamil Nadu,12. Karur,2022,Bajra,Kharif,95.0,259.0,2.73,,,,,,,,,,,,,
Tamil Nadu,12. Karur,2022,Bajra,Rabi,171.0,342.0,2.0,,,,,,,,,,,,,
Tamil Nadu,12. Karur,2022,Castor seed,Kharif,40.0,12.0,0.3,,,,,,,,,,,,,
Tamil Nadu,12. Karur,2022,Cotton(lint),Kharif,311.0,589.0,1.89,,,,,,,,,,,,,
Tamil Nadu,12. Karur,2022,Cotton(lint),Rabi,485.0,867.0,1.79,,,,,,,,,,,,,
Tamil Nadu,12. Karur,2022,Groundnut,Kharif,1239.0,2622.0,2.12,,,,,,,,,,,,,
Tamil Nadu,12. Karur,2022,Groundnut,Rabi,2092.0,5857.0,2.8,,,,,,,,,,,,,
Tamil Nadu,12. Karur,2022,Horse-gram,Kharif,257.0,198.0,0.77,,,,,,,,,,,,,
Tamil Nadu,12. Karur,2022,Horse-gram,Rabi,4046.0,2809.0,0.69,,,,,,,,,,,,,
Tamil Nadu,12. Karur,2022,Jowar,Kharif,5685.0,3888.0,0.68,,,,,,,,,,,,,
Tamil Nadu,12. Karur,2022,Jowar,Rabi,16104.0,9486.0,0.59,,,,,,,,,,,,,
Tamil Nadu,12. Karur,2022,Maize,Kharif,117.0,910.0,7.78,,,,,,,,,,,,,
Tamil Nadu,12. Karur,2022,Maize,Rabi,883.0,5416.0,6.13,,,,,,,,,,,,,
Tamil Nadu,12. Karur,2022,Moong(Green Gram),Rabi,411.0,125.0,0.3,,,,,,,,,,,,,
Tamil Nadu,12. Karur,2022,Onion,Kharif,221.0,2107.0,9.53,,,,,,,,,,,,,
Tamil Nadu,12. Karur,2022,Onion,Rabi,237.0,1806.0,7.62,,,,,,,,,,,,,
Tamil Nadu,12. Karur,2022,Other Kharif pulses,Kharif,78.0,40.0,0.51,,,,,,,,,,,,,
Tamil Nadu,12. Karur,2022,Rice,Winter,14145.0,54887.0,3.88,,,,,,,,,,,,,
Tamil Nadu,12. Karur,2022,Sesamum,Kharif,1887.0,551.0,0.29,,,,,,,,,,,,,
Tamil Nadu,12. Karur,2022,Sesamum,Rabi,1117.0,601.0,0.54,,,,,,,,,,,,,
Tamil Nadu,12. Karur,2022,Sunflower,Kharif,1467.0,2182.0,1.49,,,,,,,,,,,,,
Tamil Nadu,12. Karur,2022,Sunflower,Rabi,491.0,642.0,1.31,,,,,,,,,,,,,
Tamil Nadu,12. Karur,2022,Urad,Kharif,124.0,107.0,0.86,,,,,,,,,,,,,
Tamil Nadu,12. Karur,2022,Urad,Rabi,2102.0,1376.0,0.65,,,,,,,,,,,,,
Tamil Nadu,12. Karur,2022,Arhar/Tur,Kharif,780.0,810.0,1.04,,,,,,,,,,,,,
Tamil Nadu,12. Karur,2022,Arhar/Tur,Rabi,194.0,201.0,1.04,,,,,,,,,,,,,
Tamil Nadu,12. Karur,2022,Cowpea(Lobia),Kharif,29.0,24.0,0.83,,,,,,,,,,,,,
Tamil Nadu,12. Karur,2022,Cowpea(Lobia),Rabi,339.0,159.0,0.47,,,,,,,,,,,,,
Tamil Nadu,12. Karur,2022,Other Rabi pulses,Rabi,2005.0,1003.0,0.5,,,,,,,,,,,,,
Tamil Nadu,13. Krishnagiri,2015,Bajra,Kharif,512.0,1379.0,2.69,,,,,,,,,,,,,
Tamil Nadu,13. Krishnagiri,2015,Bajra,Rabi,5.0,12.0,2.4,,,,,,,,,,,,,
Tamil Nadu,13. Krishnagiri,2015,Castor seed,Kharif,1219.0,403.0,0.33,,,,,,,,,,,,,
Tamil Nadu,13. Krishnagiri,2015,Cotton(lint),Kharif,2286.0,5903.0,2.58,,,,,,,,,,,,,
Tamil Nadu,13. Krishnagiri,2015,Cotton(lint),Rabi,128.0,379.0,2.96,,,,,,,,,,,,,
Tamil Nadu,13. Krishnagiri,2015,Groundnut,Kharif,11466.0,25351.0,2.21,,,,,,,,,,,,,
Tamil Nadu,13. Krishnagiri,2015,Groundnut,Rabi,1122.0,3245.0,2.89,,,,,,,,,,,,,
Tamil Nadu,13. Krishnagiri,2015,Horse-gram,Kharif,181.0,96.0,0.53,,,,,,,,,,,,,
Tamil Nadu,13. Krishnagiri,2015,Horse-gram,Rabi,20718.0,10918.0,0.53,,,,,,,,,,,,,
Tamil Nadu,13. Krishnagiri,2015,Jowar,Kharif,4224.0,7447.0,1.76,,,,,,,,,,,,,
Tamil Nadu,13. Krishnagiri,2015,Jowar,Rabi,34.0,55.0,1.62,,,,,,,,,,,,,
Tamil Nadu,13. Krishnagiri,2015,Maize,Kharif,3103.0,22813.0,7.35,,,,,,,,,,,,,
Tamil Nadu,13. Krishnagiri,2015,Maize,Rabi,719.0,4920.0,6.84,,,,,,,,,,,,,
Tamil Nadu,13. Krishnagiri,2015,Masoor,Kharif,11276.0,9156.0,0.81,,,,,,,,,,,,,
Tamil Nadu,13. Krishnagiri,2015,Moong(Green Gram),Kharif,701.0,505.0,0.72,,,,,,,,,,,,,
Tamil Nadu,13. Krishnagiri,2015,Moong(Green Gram),Rabi,693.0,362.0,0.52,,,,,,,,,,,,,
Tamil Nadu,13. Krishnagiri,2015,Onion,Kharif,30.0,289.0,9.63,,,,,,,,,,,,,
Tamil Nadu,13. Krishnagiri,2015,Onion,Rabi,1.0,6.0,6.0,,,,,,,,,,,,,
Tamil Nadu,13. Krishnagiri,2015,Other Kharif pulses,Kharif,11534.0,6747.0,0.58,,,,,,,,,,,,,
Tamil Nadu,13. Krishnagiri,2015,Ragi,Kharif,38104.0,114807.0,3.01,,,,,,,,,,,,,
Tamil Nadu,13. Krishnagiri,2015,Ragi,Rabi,3336.0,12457.0,3.73,,,,,,,,,,,,,
Tamil Nadu,13. Krishnagiri,2015,Rice,Kharif,22805.0,102306.0,4.49,,,,,,,,,,,,,
Tamil Nadu,13. Krishnagiri,2015,Sesamum,Kharif,904.0,470.0,0.52,,,,,,,,,,,,,
Tamil Nadu,13. Krishnagiri,2015,Sesamum,Rabi,1.0,1.0,1.0,,,,,,,,,,,,,
Tamil Nadu,13. Krishnagiri,2015,Small millets,Kharif,672.0,808.0,1.2,,,,,,,,,,,,,
Tamil Nadu,13. Krishnagiri,2015,Small millets,Rabi,17.0,20.0,1.18,,,,,,,,,,,,,
Tamil Nadu,13. Krishnagiri,2015,Sunflower,Kharif,2.0,3.0,1.5,,,,,,,,,,,,,
Tamil Nadu,13. Krishnagiri,2015,Sunflower,Rabi,1.0,1.0,1.0,,,,,,,,,,,,,
Tamil Nadu,13. Krishnagiri,2015,Urad,Kharif,1976.0,1563.0,0.79,,,,,,,,,,,,,
Tamil Nadu,13. Krishnagiri,2015,Urad,Rabi,566.0,397.0,0.7,,,,,,,,,,,,,
Tamil Nadu,13. Krishnagiri,2015,Rapeseed &Mustard,Rabi,317.0,77.0,0.24,,,,,,,,,,,,,
Tamil Nadu,13. Krishnagiri,2015,Potato,Kharif,2.0,41.0,20.5,,,,,,,,,,,,,
Tamil Nadu,13. Krishnagiri,2015,Potato,Rabi,292.0,7292.0,24.97,,,,,,,,,,,,,
Tamil Nadu,13. Krishnagiri,2016,Bajra,Kharif,520.0,1535.0,2.95,,,,,,,,,,,,,
Tamil Nadu,13. Krishnagiri,2016,Bajra,Rabi,12.0,6.0,0.5,,,,,,,,,,,,,
Tamil Nadu,13. Krishnagiri,2016,Castor seed,Kharif,767.0,245.0,0.32,,,,,,,,,,,,,
Tamil Nadu,13. Krishnagiri,2016,Cotton(lint),Kharif,2871.0,4364.0,1.52,,,,,,,,,,,,,
Tamil Nadu,13. Krishnagiri,2016,Cotton(lint),Rabi,107.0,158.0,1.48,,,,,,,,,,,,,
Tamil Nadu,13. Krishnagiri,2016,Groundnut,Kharif,12904.0,23276.0,1.8,,,,,,,,,,,,,
Tamil Nadu,13. Krishnagiri,2016,Groundnut,Rabi,425.0,1374.0,3.23,,,,,,,,,,,,,
Tamil Nadu,13. Krishnagiri,2016,Horse-gram,Kharif,99.0,33.0,0.33,,,,,,,,,,,,,
Tamil Nadu,13. Krishnagiri,2016,Horse-gram,Rabi,8298.0,2831.0,0.34,,,,,,,,,,,,,
Tamil Nadu,13. Krishnagiri,2016,Jowar,Kharif,2477.0,3134.0,1.27,,,,,,,,,,,,,
Tamil Nadu,13. Krishnagiri,2016,Jowar,Rabi,141.0,48.0,0.34,,,,,,,,,,,,,
Tamil Nadu,13. Krishnagiri,2016,Maize,Kharif,2467.0,11234.0,4.55,,,,,,,,,,,,,
Tamil Nadu,13. Krishnagiri,2016,Maize,Rabi,378.0,475.0,1.26,,,,,,,,,,,,,
Tamil Nadu,13. Krishnagiri,2016,Moong(Green Gram),Kharif,421.0,193.0,0.46,,,,,,,,,,,,,
Tamil Nadu,13. Krishnagiri,2016,Moong(Green Gram),Rabi,561.0,134.0,0.24,,,,,,,,,,,,,
Tamil Nadu,13. Krishnagiri,2016,Onion,Kharif,4.0,38.0,9.5,,,,,,,,,,,,,
Tamil Nadu,13. Krishnagiri,2016,Onion,Rabi,1.0,3.0,3.0,,,,,,,,,,,,,
Tamil Nadu,13. Krishnagiri,2016,Ragi,Kharif,32113.0,53113.0,1.65,,,,,,,,,,,,,
Tamil Nadu,13. Krishnagiri,2016,Ragi,Rabi,2048.0,6399.0,3.12,,,,,,,,,,,,,
Tamil Nadu,13. Krishnagiri,2016,Rice,Kharif,15987.0,69583.0,4.35,,,,,,,,,,,,,
Tamil Nadu,13. Krishnagiri,2016,Sesamum,Kharif,512.0,219.0,0.43,,,,,,,,,,,,,
Tamil Nadu,13. Krishnagiri,2016,Small millets,Kharif,702.0,743.0,1.06,,,,,,,,,,,,,
Tamil Nadu,13. Krishnagiri,2016,Small millets,Rabi,2.0,2.0,1.0,,,,,,,,,,,,,
Tamil Nadu,13. Krishnagiri,2016,Urad,Kharif,1352.0,1045.0,0.77,,,,,,,,,,,,,
Tamil Nadu,13. Krishnagiri,2016,Urad,Rabi,570.0,206.0,0.36,,,,,,,,,,,,,
Tamil Nadu,13. Krishnagiri,2016,Arhar/Tur,Kharif,12056.0,8147.0,0.68,,,,,,,,,,,,,
Tamil Nadu,13. Krishnagiri,2016,Rapeseed &Mustard,Rabi,175.0,41.0,0.23,,,,,,,,,,,,,
Tamil Nadu,13. Krishnagiri,2016,Potato,Kharif,14.0,339.0,24.21,,,,,,,,,,,,,
Tamil Nadu,13. Krishnagiri,2016,Potato,Rabi,163.0,4765.0,29.23,,,,,,,,,,,,,
Tamil Nadu,13. Krishnagiri,2017,Bajra,Kharif,612.0,1442.0,2.36,,,,,,,,,,,,,
Tamil Nadu,13. Krishnagiri,2017,Bajra,Rabi,10.0,21.0,2.1,,,,,,,,,,,,,
Tamil Nadu,13. Krishnagiri,2017,Castor seed,Kharif,868.0,285.57,0.33,,,,,,,,,,,,,
Tamil Nadu,13. Krishnagiri,2017,Cotton(lint),Kharif,2925.0,8.0,0.0,,,,,,,,,,,,,
Tamil Nadu,13. Krishnagiri,2017,Cotton(lint),Rabi,348.0,1.0,0.0,,,,,,,,,,,,,
Tamil Nadu,13. Krishnagiri,2017,Groundnut,Kharif,9177.0,27742.0,3.02,,,,,,,,,,,,,
Tamil Nadu,13. Krishnagiri,2017,Groundnut,Rabi,1313.0,4879.0,3.72,,,,,,,,,,,,,
Tamil Nadu,13. Krishnagiri,2017,Horse-gram,Kharif,1209.0,913.0,0.76,,,,,,,,,,,,,
Tamil Nadu,13. Krishnagiri,2017,Horse-gram,Rabi,16062.0,12127.0,0.76,,,,,,,,,,,,,
Tamil Nadu,13. Krishnagiri,2017,Jowar,Kharif,3729.0,6858.0,1.84,,,,,,,,,,,,,
Tamil Nadu,13. Krishnagiri,2017,Jowar,Rabi,232.0,250.0,1.08,,,,,,,,,,,,,
Tamil Nadu,13. Krishnagiri,2017,Maize,Kharif,2357.0,21729.0,9.22,,,,,,,,,,,,,
Tamil Nadu,13. Krishnagiri,2017,Maize,Rabi,755.0,5052.0,6.69,,,,,,,,,,,,,
Tamil Nadu,13. Krishnagiri,2017,Moong(Green Gram),Kharif,576.0,389.0,0.68,,,,,,,,,,,,,
Tamil Nadu,13. Krishnagiri,2017,Moong(Green Gram),Rabi,485.0,194.0,0.4,,,,,,,,,,,,,
Tamil Nadu,13. Krishnagiri,2017,Onion,Kharif,1.0,10.0,10.0,,,,,,,,,,,,,
Tamil Nadu,13. Krishnagiri,2017,Onion,Rabi,5.0,46.0,9.2,,,,,,,,,,,,,
Tamil Nadu,13. Krishnagiri,2017,Other Kharif pulses,Kharif,6984.0,4611.0,0.66,,,,,,,,,,,,,
Tamil Nadu,13. Krishnagiri,2017,Ragi,Kharif,36166.0,133742.0,3.7,,,,,,,,,,,,,
Tamil Nadu,13. Krishnagiri,2017,Ragi,Rabi,5106.0,26704.0,5.23,,,,,,,,,,,,,
Tamil Nadu,13. Krishnagiri,2017,Rice,Autumn,2078.0,10392.0,5.0,,,,,,,,,,,,,
Tamil Nadu,13. Krishnagiri,2017,Rice,Winter,13922.0,63665.0,4.57,,,,,,,,,,,,,
Tamil Nadu,13. Krishnagiri,2017,Sesamum,Kharif,475.0,159.0,0.33,,,,,,,,,,,,,
Tamil Nadu,13. Krishnagiri,2017,Small millets,Kharif,1076.0,1151.0,1.07,,,,,,,,,,,,,
Tamil Nadu,13. Krishnagiri,2017,Small millets,Rabi,13.0,14.0,1.08,,,,,,,,,,,,,
Tamil Nadu,13. Krishnagiri,2017,Sunflower,Kharif,1.0,2.0,2.0,,,,,,,,,,,,,
Tamil Nadu,13. Krishnagiri,2017,Urad,Kharif,1031.0,939.0,0.91,,,,,,,,,,,,,
Tamil Nadu,13. Krishnagiri,2017,Urad,Rabi,1105.0,746.0,0.68,,,,,,,,,,,,,
Tamil Nadu,13. Krishnagiri,2017,Arhar/Tur,Kharif,8155.0,8505.0,1.04,,,,,,,,,,,,,
Tamil Nadu,13. Krishnagiri,2017,Other Cereals,Kharif,2.0,,0.0,,,,,,,,,,,,,
Tamil Nadu,13. Krishnagiri,2017,Other Cereals,Rabi,5.0,,0.0,,,,,,,,,,,,,
Tamil Nadu,13. Krishnagiri,2017,Cowpea(Lobia),Kharif,5019.0,3165.0,0.63,,,,,,,,,,,,,
Tamil Nadu,13. Krishnagiri,2017,Cowpea(Lobia),Rabi,187.0,121.0,0.65,,,,,,,,,,,,,
Tamil Nadu,13. Krishnagiri,2017,Other Rabi pulses,Rabi,84.0,55.0,0.65,,,,,,,,,,,,,
Tamil Nadu,13. Krishnagiri,2017,Rapeseed &Mustard,Rabi,261.0,63.0,0.24,,,,,,,,,,,,,
Tamil Nadu,13. Krishnagiri,2017,Potato,Kharif,2.0,35.0,17.5,,,,,,,,,,,,,
Tamil Nadu,13. Krishnagiri,2017,Potato,Rabi,78.0,2035.0,26.09,,,,,,,,,,,,,
Tamil Nadu,13. Krishnagiri,2018,Bajra,Kharif,738.0,2099.0,2.84,,,,,,,,,,,,,
Tamil Nadu,13. Krishnagiri,2018,Bajra,Rabi,18.0,35.0,1.94,,,,,,,,,,,,,
Tamil Nadu,13. Krishnagiri,2018,Castor seed,Kharif,1124.0,361.0,0.32,,,,,,,,,,,,,
Tamil Nadu,13. Krishnagiri,2018,Cotton(lint),Kharif,1595.0,3910.0,2.45,,,,,,,,,,,,,
Tamil Nadu,13. Krishnagiri,2018,Cotton(lint),Rabi,86.0,224.0,2.6,,,,,,,,,,,,,
Tamil Nadu,13. Krishnagiri,2018,Groundnut,Kharif,10259.0,35023.0,3.41,,,,,,,,,,,,,
Tamil Nadu,13. Krishnagiri,2018,Groundnut,Rabi,1026.0,3580.0,3.49,,,,,,,,,,,,,
Tamil Nadu,13. Krishnagiri,2018,Horse-gram,Kharif,96.0,71.0,0.74,,,,,,,,,,,,,
Tamil Nadu,13. Krishnagiri,2018,Horse-gram,Rabi,23156.0,16870.0,0.73,,,,,,,,,,,,,
Tamil Nadu,13. Krishnagiri,2018,Jowar,Kharif,4687.0,7967.0,1.7,,,,,,,,,,,,,
Tamil Nadu,13. Krishnagiri,2018,Jowar,Rabi,142.0,178.0,1.25,,,,,,,,,,,,,
Tamil Nadu,13. Krishnagiri,2018,Maize,Kharif,2570.0,19525.0,7.6,,,,,,,,,,,,,
Tamil Nadu,13. Krishnagiri,2018,Maize,Rabi,668.0,4674.0,7.0,,,,,,,,,,,,,
Tamil Nadu,13. Krishnagiri,2018,Moong(Green Gram),Kharif,1209.0,749.0,0.62,,,,,,,,,,,,,
Tamil Nadu,13. Krishnagiri,2018,Moong(Green Gram),Rabi,382.0,156.0,0.41,,,,,,,,,,,,,
Tamil Nadu,13. Krishnagiri,2018,Onion,Kharif,9.0,79.0,8.78,,,,,,,,,,,,,
Tamil Nadu,13. Krishnagiri,2018,Onion,Rabi,7.0,40.0,5.71,,,,,,,,,,,,,
Tamil Nadu,13. Krishnagiri,2018,Other Kharif pulses,Kharif,8856.0,7102.0,0.8,,,,,,,,,,,,,
Tamil Nadu,13. Krishnagiri,2018,Ragi,Kharif,36688.0,130180.0,3.55,,,,,,,,,,,,,
Tamil Nadu,13. Krishnagiri,2018,Ragi,Rabi,6112.0,20299.0,3.32,,,,,,,,,,,,,
Tamil Nadu,13. Krishnagiri,2018,Rice,Autumn,3746.0,18238.0,4.87,,,,,,,,,,,,,
Tamil Nadu,13. Krishnagiri,2018,Rice,Winter,11805.0,58290.0,4.94,,,,,,,,,,,,,
Tamil Nadu,13. Krishnagiri,2018,Sesamum,Kharif,981.0,481.0,0.49,,,,,,,,,,,,,
Tamil Nadu,13. Krishnagiri,2018,Small millets,Kharif,353.0,595.0,1.69,,,,,,,,,,,,,
Tamil Nadu,13. Krishnagiri,2018,Urad,Kharif,3131.0,2379.0,0.76,,,,,,,,,,,,,
Tamil Nadu,13. Krishnagiri,2018,Urad,Rabi,921.0,559.0,0.61,,,,,,,,,,,,,
Tamil Nadu,13. Krishnagiri,2018,Arhar/Tur,Kharif,7753.0,10370.0,1.34,,,,,,,,,,,,,
Tamil Nadu,13. Krishnagiri,2018,Cowpea(Lobia),Kharif,7224.0,4779.0,0.66,,,,,,,,,,,,,
Tamil Nadu,13. Krishnagiri,2018,Cowpea(Lobia),Rabi,172.0,146.0,0.85,,,,,,,,,,,,,
Tamil Nadu,13. Krishnagiri,2018,Other Rabi pulses,Rabi,35.0,28.0,0.8,,,,,,,,,,,,,
Tamil Nadu,13. Krishnagiri,2018,Rapeseed &Mustard,Rabi,292.0,71.0,0.24,,,,,,,,,,,,,
Tamil Nadu,13. Krishnagiri,2018,Gram,Rabi,2.0,2.0,1.0,,,,,,,,,,,,,
Tamil Nadu,13. Krishnagiri,2018,Potato,Kharif,23.0,254.0,11.04,,,,,,,,,,,,,
Tamil Nadu,13. Krishnagiri,2018,Potato,Rabi,132.0,4071.0,30.84,,,,,,,,,,,,,
Tamil Nadu,13. Krishnagiri,2019,Bajra,Kharif,425.0,1182.0,2.78,,,,,,,,,,,,,
Tamil Nadu,13. Krishnagiri,2019,Bajra,Rabi,5.0,12.0,2.4,,,,,,,,,,,,,
Tamil Nadu,13. Krishnagiri,2019,Castor seed,Kharif,604.0,198.0,0.33,,,,,,,,,,,,,
Tamil Nadu,13. Krishnagiri,2019,Cotton(lint),Kharif,1452.0,4564.0,3.14,,,,,,,,,,,,,
Tamil Nadu,13. Krishnagiri,2019,Cotton(lint),Rabi,75.0,186.0,2.48,,,,,,,,,,,,,
Tamil Nadu,13. Krishnagiri,2019,Groundnut,Kharif,7449.0,24822.0,3.33,,,,,,,,,,,,,
Tamil Nadu,13. Krishnagiri,2019,Groundnut,Rabi,786.0,2601.0,3.31,,,,,,,,,,,,,
Tamil Nadu,13. Krishnagiri,2019,Horse-gram,Rabi,23294.0,20830.0,0.89,,,,,,,,,,,,,
Tamil Nadu,13. Krishnagiri,2019,Jowar,Kharif,4437.0,6520.0,1.47,,,,,,,,,,,,,
Tamil Nadu,13. Krishnagiri,2019,Jowar,Rabi,457.0,509.0,1.11,,,,,,,,,,,,,
Tamil Nadu,13. Krishnagiri,2019,Maize,Kharif,893.0,7429.0,8.32,,,,,,,,,,,,,
Tamil Nadu,13. Krishnagiri,2019,Maize,Rabi,99.0,663.0,6.7,,,,,,,,,,,,,
Tamil Nadu,13. Krishnagiri,2019,Moong(Green Gram),Kharif,1320.0,757.0,0.57,,,,,,,,,,,,,
Tamil Nadu,13. Krishnagiri,2019,Moong(Green Gram),Rabi,395.0,168.0,0.43,,,,,,,,,,,,,
Tamil Nadu,13. Krishnagiri,2019,Onion,Kharif,20.0,180.0,9.0,,,,,,,,,,,,,
Tamil Nadu,13. Krishnagiri,2019,Onion,Rabi,8.0,53.0,6.63,,,,,,,,,,,,,
Tamil Nadu,13. Krishnagiri,2019,Other Kharif pulses,Kharif,8594.0,7699.0,0.9,,,,,,,,,,,,,
Tamil Nadu,13. Krishnagiri,2019,Ragi,Kharif,37268.0,107893.0,2.9,,,,,,,,,,,,,
Tamil Nadu,13. Krishnagiri,2019,Ragi,Rabi,4328.0,18810.0,4.35,,,,,,,,,,,,,
Tamil Nadu,13. Krishnagiri,2019,Rice,Autumn,2922.0,14195.0,4.86,,,,,,,,,,,,,
Tamil Nadu,13. Krishnagiri,2019,Rice,Winter,14019.0,63317.0,4.52,,,,,,,,,,,,,
Tamil Nadu,13. Krishnagiri,2019,Sesamum,Kharif,493.0,148.0,0.3,,,,,,,,,,,,,
Tamil Nadu,13. Krishnagiri,2019,Small millets,Kharif,382.0,460.0,1.2,,,,,,,,,,,,,
Tamil Nadu,13. Krishnagiri,2019,Urad,Kharif,2511.0,2113.0,0.84,,,,,,,,,,,,,
Tamil Nadu,13. Krishnagiri,2019,Urad,Rabi,1033.0,802.0,0.78,,,,,,,,,,,,,
Tamil Nadu,13. Krishnagiri,2019,Arhar/Tur,Kharif,8118.0,10606.0,1.31,,,,,,,,,,,,,
Tamil Nadu,13. Krishnagiri,2019,Arhar/Tur,Rabi,34.0,45.0,1.32,,,,,,,,,,,,,
Tamil Nadu,13. Krishnagiri,2019,Other Cereals,Kharif,23.0,31.0,1.35,,,,,,,,,,,,,
Tamil Nadu,13. Krishnagiri,2019,Cowpea(Lobia),Kharif,7409.0,7475.0,1.01,,,,,,,,,,,,,
Tamil Nadu,13. Krishnagiri,2019,Cowpea(Lobia),Rabi,734.0,515.0,0.7,,,,,,,,,,,,,
Tamil Nadu,13. Krishnagiri,2019,Other Rabi pulses,Rabi,159.0,142.0,0.89,,,,,,,,,,,,,
Tamil Nadu,13. Krishnagiri,2019,Rapeseed &Mustard,Rabi,133.0,32.0,0.24,,,,,,,,,,,,,
Tamil Nadu,13. Krishnagiri,2019,Potato,Kharif,1.0,25.0,25.0,,,,,,,,,,,,,
Tamil Nadu,13. Krishnagiri,2019,Potato,Rabi,185.0,5502.0,29.74,,,,,,,,,,,,,
Tamil Nadu,13. Krishnagiri,2020,Bajra,Kharif,706.0,1861.0,2.64,,,,,,,,,,,,,
Tamil Nadu,13. Krishnagiri,2020,Castor seed,Kharif,957.0,299.0,0.31,,,,,,,,,,,,,
Tamil Nadu,13. Krishnagiri,2020,Cotton(lint),Kharif,1247.0,4153.0,3.33,,,,,,,,,,,,,
Tamil Nadu,13. Krishnagiri,2020,Cotton(lint),Rabi,125.0,303.0,2.42,,,,,,,,,,,,,
Tamil Nadu,13. Krishnagiri,2020,Groundnut,Kharif,14170.0,49970.0,3.53,,,,,,,,,,,,,
Tamil Nadu,13. Krishnagiri,2020,Groundnut,Rabi,643.0,2268.0,3.53,,,,,,,,,,,,,
Tamil Nadu,13. Krishnagiri,2020,Horse-gram,Kharif,312.0,310.0,0.99,,,,,,,,,,,,,
Tamil Nadu,13. Krishnagiri,2020,Horse-gram,Rabi,19915.0,19803.0,0.99,,,,,,,,,,,,,
Tamil Nadu,13. Krishnagiri,2020,Jowar,Kharif,4373.0,7751.0,1.77,,,,,,,,,,,,,
Tamil Nadu,13. Krishnagiri,2020,Jowar,Rabi,106.0,102.0,0.96,,,,,,,,,,,,,
Tamil Nadu,13. Krishnagiri,2020,Maize,Kharif,900.0,5627.0,6.25,,,,,,,,,,,,,
Tamil Nadu,13. Krishnagiri,2020,Maize,Rabi,33.0,174.0,5.27,,,,,,,,,,,,,
Tamil Nadu,13. Krishnagiri,2020,Moong(Green Gram),Kharif,986.0,863.0,0.88,,,,,,,,,,,,,
Tamil Nadu,13. Krishnagiri,2020,Moong(Green Gram),Rabi,131.0,37.0,0.28,,,,,,,,,,,,,
Tamil Nadu,13. Krishnagiri,2020,Onion,Kharif,26.0,257.0,9.88,,,,,,,,,,,,,
Tamil Nadu,13. Krishnagiri,2020,Onion,Rabi,22.0,122.0,5.55,,,,,,,,,,,,,
Tamil Nadu,13. Krishnagiri,2020,Other Kharif pulses,Kharif,9243.0,5406.0,0.58,,,,,,,,,,,,,
Tamil Nadu,13. Krishnagiri,2020,Ragi,Kharif,36033.0,115844.0,3.21,,,,,,,,,,,,,
Tamil Nadu,13. Krishnagiri,2020,Ragi,Rabi,4381.0,21861.0,4.99,,,,,,,,,,,,,
Tamil Nadu,13. Krishnagiri,2020,Rice,Autumn,3492.0,16642.0,4.77,,,,,,,,,,,,,
Tamil Nadu,13. Krishnagiri,2020,Rice,Winter,14304.0,71309.0,4.99,,,,,,,,,,,,,
Tamil Nadu,13. Krishnagiri,2020,Sesamum,Kharif,824.0,654.0,0.79,,,,,,,,,,,,,
Tamil Nadu,13. Krishnagiri,2020,Small millets,Kharif,473.0,473.0,1.0,,,,,,,,,,,,,
Tamil Nadu,13. Krishnagiri,2020,Urad,Kharif,2312.0,2058.0,0.89,,,,,,,,,,,,,
Tamil Nadu,13. Krishnagiri,2020,Urad,Rabi,530.0,274.0,0.52,,,,,,,,,,,,,
Tamil Nadu,13. Krishnagiri,2020,Arhar/Tur,Kharif,10345.0,16052.0,1.55,,,,,,,,,,,,,
Tamil Nadu,13. Krishnagiri,2020,Arhar/Tur,Rabi,14.0,22.0,1.57,,,,,,,,,,,,,
Tamil Nadu,13. Krishnagiri,2020,Other Cereals,Kharif,32.0,43.0,1.34,,,,,,,,,,,,,
Tamil Nadu,13. Krishnagiri,2020,Cowpea(Lobia),Kharif,9068.0,7635.0,0.84,,,,,,,,,,,,,
Tamil Nadu,13. Krishnagiri,2020,Cowpea(Lobia),Rabi,3.0,2.0,0.67,,,,,,,,,,,,,
Tamil Nadu,13. Krishnagiri,2020,Other Rabi pulses,Rabi,2.0,1.0,0.5,,,,,,,,,,,,,
Tamil Nadu,13. Krishnagiri,2020,Rapeseed &Mustard,Rabi,287.0,67.0,0.23,,,,,,,,,,,,,
Tamil Nadu,13. Krishnagiri,2020,Gram,Rabi,35.0,32.0,0.91,,,,,,,,,,,,,
Tamil Nadu,13. Krishnagiri,2020,Potato,Kharif,7.0,120.0,17.14,,,,,,,,,,,,,
Tamil Nadu,13. Krishnagiri,2020,Potato,Rabi,183.0,5719.0,31.25,,,,,,,,,,,,,
Tamil Nadu,13. Krishnagiri,2021,Bajra,Kharif,894.0,2234.0,2.5,,,,,,,,,,,,,
Tamil Nadu,13. Krishnagiri,2021,Bajra,Rabi,3.0,7.0,2.33,,,,,,,,,,,,,
Tamil Nadu,13. Krishnagiri,2021,Castor seed,Kharif,1002.0,323.0,0.32,,,,,,,,,,,,,
Tamil Nadu,13. Krishnagiri,2021,Cotton(lint),Kharif,1384.0,951.0,0.69,,,,,,,,,,,,,
Tamil Nadu,13. Krishnagiri,2021,Cotton(lint),Rabi,40.0,95.0,2.38,,,,,,,,,,,,,
Tamil Nadu,13. Krishnagiri,2021,Groundnut,Kharif,14376.0,38731.0,2.69,,,,,,,,,,,,,
Tamil Nadu,13. Krishnagiri,2021,Groundnut,Rabi,307.0,1085.0,3.53,,,,,,,,,,,,,
Tamil Nadu,13. Krishnagiri,2021,Horse-gram,Kharif,181.0,154.0,0.85,,,,,,,,,,,,,
Tamil Nadu,13. Krishnagiri,2021,Horse-gram,Rabi,16573.0,14084.0,0.85,,,,,,,,,,,,,
Tamil Nadu,13. Krishnagiri,2021,Jowar,Kharif,4229.0,7279.0,1.72,,,,,,,,,,,,,
Tamil Nadu,13. Krishnagiri,2021,Jowar,Rabi,103.0,80.0,0.78,,,,,,,,,,,,,
Tamil Nadu,13. Krishnagiri,2021,Maize,Kharif,1218.0,7941.0,6.52,,,,,,,,,,,,,
Tamil Nadu,13. Krishnagiri,2021,Maize,Rabi,41.0,249.0,6.07,,,,,,,,,,,,,
Tamil Nadu,13. Krishnagiri,2021,Moong(Green Gram),Kharif,850.0,691.0,0.81,,,,,,,,,,,,,
Tamil Nadu,13. Krishnagiri,2021,Moong(Green Gram),Rabi,345.0,112.0,0.32,,,,,,,,,,,,,
Tamil Nadu,13. Krishnagiri,2021,Onion,Kharif,45.0,408.0,9.07,,,,,,,,,,,,,
Tamil Nadu,13. Krishnagiri,2021,Onion,Rabi,13.0,78.0,6.0,,,,,,,,,,,,,
Tamil Nadu,13. Krishnagiri,2021,Other Kharif pulses,Kharif,9276.0,5417.0,0.58,,,,,,,,,,,,,
Tamil Nadu,13. Krishnagiri,2021,Other Kharif pulses,Rabi,100.0,59.0,0.59,,,,,,,,,,,,,
Tamil Nadu,13. Krishnagiri,2021,Ragi,Kharif,35588.0,98109.0,2.76,,,,,,,,,,,,,
Tamil Nadu,13. Krishnagiri,2021,Ragi,Rabi,2731.0,11551.0,4.23,,,,,,,,,,,,,
Tamil Nadu,13. Krishnagiri,2021,Rice,Autumn,5883.0,30172.0,5.13,,,,,,,,,,,,,
Tamil Nadu,13. Krishnagiri,2021,Rice,Winter,12351.0,52374.0,4.24,,,,,,,,,,,,,
Tamil Nadu,13. Krishnagiri,2021,Sesamum,Kharif,625.0,616.0,0.99,,,,,,,,,,,,,
Tamil Nadu,13. Krishnagiri,2021,Small millets,Kharif,326.0,301.0,0.92,,,,,,,,,,,,,
Tamil Nadu,13. Krishnagiri,2021,Small millets,Rabi,28.0,26.0,0.93,,,,,,,,,,,,,
Tamil Nadu,13. Krishnagiri,2021,Urad,Kharif,1855.0,1634.0,0.88,,,,,,,,,,,,,
Tamil Nadu,13. Krishnagiri,2021,Urad,Rabi,624.0,396.0,0.63,,,,,,,,,,,,,
Tamil Nadu,13. Krishnagiri,2021,Arhar/Tur,Kharif,11805.0,12189.0,1.03,,,,,,,,,,,,,
Tamil Nadu,13. Krishnagiri,2021,Other Cereals,Kharif,9.0,12.0,1.33,,,,,,,,,,,,,
Tamil Nadu,13. Krishnagiri,2021,Other Cereals,Rabi,9.0,12.0,1.33,,,,,,,,,,,,,
Tamil Nadu,13. Krishnagiri,2021,Cowpea(Lobia),Kharif,8038.0,5466.0,0.68,,,,,,,,,,,,,
Tamil Nadu,13. Krishnagiri,2021,Cowpea(Lobia),Rabi,377.0,233.0,0.62,,,,,,,,,,,,,
Tamil Nadu,13. Krishnagiri,2021,Rapeseed &Mustard,Rabi,408.0,97.0,0.24,,,,,,,,,,,,,
Tamil Nadu,13. Krishnagiri,2021,Potato,Kharif,22.0,455.0,20.68,,,,,,,,,,,,,
Tamil Nadu,13. Krishnagiri,2021,Potato,Rabi,255.0,8499.0,33.33,,,,,,,,,,,,,
Tamil Nadu,13. Krishnagiri,2022,Bajra,Kharif,709.0,1925.0,2.72,,,,,,,,,,,,,
Tamil Nadu,13. Krishnagiri,2022,Castor seed,Kharif,1086.0,339.0,0.31,,,,,,,,,,,,,
Tamil Nadu,13. Krishnagiri,2022,Cotton(lint),Kharif,1648.0,2252.0,1.37,,,,,,,,,,,,,
Tamil Nadu,13. Krishnagiri,2022,Cotton(lint),Rabi,60.0,107.0,1.78,,,,,,,,,,,,,
Tamil Nadu,13. Krishnagiri,2022,Groundnut,Kharif,12815.0,35419.0,2.76,,,,,,,,,,,,,
Tamil Nadu,13. Krishnagiri,2022,Groundnut,Rabi,605.0,2044.0,3.38,,,,,,,,,,,,,
Tamil Nadu,13. Krishnagiri,2022,Horse-gram,Kharif,8.0,6.0,0.75,,,,,,,,,,,,,
Tamil Nadu,13. Krishnagiri,2022,Horse-gram,Rabi,17866.0,17570.0,0.98,,,,,,,,,,,,,
Tamil Nadu,13. Krishnagiri,2022,Jowar,Kharif,4219.0,5610.0,1.33,,,,,,,,,,,,,
Tamil Nadu,13. Krishnagiri,2022,Jowar,Rabi,8.0,6.0,0.75,,,,,,,,,,,,,
Tamil Nadu,13. Krishnagiri,2022,Maize,Kharif,1191.0,9809.0,8.24,,,,,,,,,,,,,
Tamil Nadu,13. Krishnagiri,2022,Maize,Rabi,2.0,12.0,6.0,,,,,,,,,,,,,
Tamil Nadu,13. Krishnagiri,2022,Moong(Green Gram),Kharif,638.0,506.0,0.79,,,,,,,,,,,,,
Tamil Nadu,13. Krishnagiri,2022,Moong(Green Gram),Rabi,199.0,61.0,0.31,,,,,,,,,,,,,
Tamil Nadu,13. Krishnagiri,2022,Onion,Kharif,25.0,238.0,9.52,,,,,,,,,,,,,
Tamil Nadu,13. Krishnagiri,2022,Onion,Rabi,11.0,84.0,7.64,,,,,,,,,,,,,
Tamil Nadu,13. Krishnagiri,2022,Other Kharif pulses,Kharif,8345.0,5199.0,0.62,,,,,,,,,,,,,
Tamil Nadu,13. Krishnagiri,2022,Ragi,Kharif,33134.0,84516.0,2.55,,,,,,,,,,,,,
Tamil Nadu,13. Krishnagiri,2022,Ragi,Rabi,3844.0,15041.0,3.91,,,,,,,,,,,,,
Tamil Nadu,13. Krishnagiri,2022,Rice,Autumn,6692.0,29189.0,4.36,,,,,,,,,,,,,
Tamil Nadu,13. Krishnagiri,2022,Rice,Winter,13376.0,61090.0,4.57,,,,,,,,,,,,,
Tamil Nadu,13. Krishnagiri,2022,Sesamum,Kharif,436.0,334.0,0.77,,,,,,,,,,,,,
Tamil Nadu,13. Krishnagiri,2022,Small millets,Kharif,282.0,293.0,1.04,,,,,,,,,,,,,
Tamil Nadu,13. Krishnagiri,2022,Small millets,Rabi,25.0,31.0,1.24,,,,,,,,,,,,,
Tamil Nadu,13. Krishnagiri,2022,Urad,Kharif,2173.0,1861.0,0.86,,,,,,,,,,,,,
Tamil Nadu,13. Krishnagiri,2022,Urad,Rabi,661.0,433.0,0.66,,,,,,,,,,,,,
Tamil Nadu,13. Krishnagiri,2022,Arhar/Tur,Kharif,10283.0,10679.0,1.04,,,,,,,,,,,,,
Tamil Nadu,13. Krishnagiri,2022,Arhar/Tur,Rabi,3.0,3.0,1.0,,,,,,,,,,,,,
Tamil Nadu,13. Krishnagiri,2022,Cowpea(Lobia),Kharif,8070.0,6331.0,0.78,,,,,,,,,,,,,
Tamil Nadu,13. Krishnagiri,2022,Cowpea(Lobia),Rabi,400.0,188.0,0.47,,,,,,,,,,,,,
Tamil Nadu,13. Krishnagiri,2022,Other Rabi pulses,Rabi,210.0,111.0,0.53,,,,,,,,,,,,,
Tamil Nadu,13. Krishnagiri,2022,Rapeseed &Mustard,Rabi,355.0,85.0,0.24,,,,,,,,,,,,,
Tamil Nadu,13. Krishnagiri,2022,Potato,Kharif,84.0,1674.0,19.93,,,,,,,,,,,,,
Tamil Nadu,13. Krishnagiri,2022,Potato,Rabi,274.0,8400.0,30.66,,,,,,,,,,,,,
Tamil Nadu,14. Madurai,2015,Bajra,Kharif,1049.0,2368.0,2.26,,,,,,,,,,,,,
Tamil Nadu,14. Madurai,2015,Bajra,Rabi,738.0,2456.0,3.33,,,,,,,,,,,,,
Tamil Nadu,14. Madurai,2015,Castor seed,Kharif,34.0,12.0,0.35,,,,,,,,,,,,,
Tamil Nadu,14. Madurai,2015,Cotton(lint),Kharif,4820.0,9782.0,2.03,,,,,,,,,,,,,
Tamil Nadu,14. Madurai,2015,Cotton(lint),Rabi,3161.0,5783.0,1.83,,,,,,,,,,,,,
Tamil Nadu,14. Madurai,2015,Groundnut,Kharif,1403.0,2074.0,1.48,,,,,,,,,,,,,
Tamil Nadu,14. Madurai,2015,Groundnut,Rabi,1159.0,2324.0,2.01,,,,,,,,,,,,,
Tamil Nadu,14. Madurai,2015,Horse-gram,Kharif,22.0,13.0,0.59,,,,,,,,,,,,,
Tamil Nadu,14. Madurai,2015,Jowar,Kharif,8342.0,13648.0,1.64,,,,,,,,,,,,,
Tamil Nadu,14. Madurai,2015,Jowar,Rabi,3020.0,7360.0,2.44,,,,,,,,,,,,,
Tamil Nadu,14. Madurai,2015,Maize,Kharif,3909.0,26683.0,6.83,,,,,,,,,,,,,
Tamil Nadu,14. Madurai,2015,Maize,Rabi,5986.0,33989.0,5.68,,,,,,,,,,,,,
Tamil Nadu,14. Madurai,2015,Masoor,Kharif,2520.0,3520.0,1.4,,,,,,,,,,,,,
Tamil Nadu,14. Madurai,2015,Moong(Green Gram),Kharif,2806.0,2048.0,0.73,,,,,,,,,,,,,
Tamil Nadu,14. Madurai,2015,Moong(Green Gram),Rabi,927.0,485.0,0.52,,,,,,,,,,,,,
Tamil Nadu,14. Madurai,2015,Onion,Kharif,125.0,1205.0,9.64,,,,,,,,,,,,,
Tamil Nadu,14. Madurai,2015,Onion,Rabi,342.0,1367.0,4.0,,,,,,,,,,,,,
Tamil Nadu,14. Madurai,2015,Other Kharif pulses,Kharif,3259.0,1907.0,0.59,,,,,,,,,,,,,
Tamil Nadu,14. Madurai,2015,Ragi,Kharif,22.0,66.0,3.0,,,,,,,,,,,,,
Tamil Nadu,14. Madurai,2015,Ragi,Rabi,7.0,25.0,3.57,,,,,,,,,,,,,
Tamil Nadu,14. Madurai,2015,Rice,Kharif,55983.0,203670.0,3.64,,,,,,,,,,,,,
Tamil Nadu,14. Madurai,2015,Sesamum,Kharif,100.0,67.0,0.67,,,,,,,,,,,,,
Tamil Nadu,14. Madurai,2015,Sesamum,Rabi,616.0,381.0,0.62,,,,,,,,,,,,,
Tamil Nadu,14. Madurai,2015,Small millets,Kharif,175.0,285.0,1.63,,,,,,,,,,,,,
Tamil Nadu,14. Madurai,2015,Small millets,Rabi,1.0,1.0,1.0,,,,,,,,,,,,,
Tamil Nadu,14. Madurai,2015,Sunflower,Kharif,1.0,1.0,1.0,,,,,,,,,,,,,
Tamil Nadu,14. Madurai,2015,Sunflower,Rabi,73.0,69.0,0.95,,,,,,,,,,,,,
Tamil Nadu,14. Madurai,2015,Urad,Kharif,1134.0,785.0,0.69,,,,,,,,,,,,,
Tamil Nadu,14. Madurai,2015,Urad,Rabi,386.0,271.0,0.7,,,,,,,,,,,,,
Tamil Nadu,14. Madurai,2015,Gram,Rabi,29.0,18.0,0.62,,,,,,,,,,,,,
Tamil Nadu,14. Madurai,2016,Bajra,Kharif,273.0,727.0,2.66,,,,,,,,,,,,,
Tamil Nadu,14. Madurai,2016,Bajra,Rabi,794.0,1718.0,2.16,,,,,,,,,,,,,
Tamil Nadu,14. Madurai,2016,Castor seed,Kharif,16.0,6.0,0.38,,,,,,,,,,,,,
Tamil Nadu,14. Madurai,2016,Cotton(lint),Kharif,4063.0,5172.0,1.27,,,,,,,,,,,,,
Tamil Nadu,14. Madurai,2016,Cotton(lint),Rabi,4899.0,5590.0,1.14,,,,,,,,,,,,,
Tamil Nadu,14. Madurai,2016,Groundnut,Kharif,1117.0,1918.0,1.72,,,,,,,,,,,,,
Tamil Nadu,14. Madurai,2016,Groundnut,Rabi,783.0,2530.0,3.23,,,,,,,,,,,,,
Tamil Nadu,14. Madurai,2016,Horse-gram,Kharif,8.0,3.0,0.38,,,,,,,,,,,,,
Tamil Nadu,14. Madurai,2016,Horse-gram,Rabi,3.0,1.0,0.33,,,,,,,,,,,,,
Tamil Nadu,14. Madurai,2016,Jowar,Kharif,4257.0,7802.0,1.83,,,,,,,,,,,,,
Tamil Nadu,14. Madurai,2016,Jowar,Rabi,4598.0,3839.0,0.83,,,,,,,,,,,,,
Tamil Nadu,14. Madurai,2016,Maize,Kharif,2316.0,5295.0,2.29,,,,,,,,,,,,,
Tamil Nadu,14. Madurai,2016,Maize,Rabi,9548.0,11987.0,1.26,,,,,,,,,,,,,
Tamil Nadu,14. Madurai,2016,Moong(Green Gram),Kharif,2165.0,1334.0,0.62,,,,,,,,,,,,,
Tamil Nadu,14. Madurai,2016,Moong(Green Gram),Rabi,1181.0,283.0,0.24,,,,,,,,,,,,,
Tamil Nadu,14. Madurai,2016,Onion,Kharif,125.0,1294.0,10.35,,,,,,,,,,,,,
Tamil Nadu,14. Madurai,2016,Onion,Rabi,333.0,2712.0,8.14,,,,,,,,,,,,,
Tamil Nadu,14. Madurai,2016,Ragi,Kharif,1.0,2.0,2.0,,,,,,,,,,,,,
Tamil Nadu,14. Madurai,2016,Ragi,Rabi,45.0,141.0,3.13,,,,,,,,,,,,,
Tamil Nadu,14. Madurai,2016,Rice,Kharif,10407.0,34120.0,3.28,,,,,,,,,,,,,
Tamil Nadu,14. Madurai,2016,Sesamum,Kharif,97.0,38.0,0.39,,,,,,,,,,,,,
Tamil Nadu,14. Madurai,2016,Sesamum,Rabi,257.0,97.0,0.38,,,,,,,,,,,,,
Tamil Nadu,14. Madurai,2016,Small millets,Kharif,201.0,110.0,0.55,,,,,,,,,,,,,
Tamil Nadu,14. Madurai,2016,Small millets,Rabi,29.0,7.0,0.24,,,,,,,,,,,,,
Tamil Nadu,14. Madurai,2016,Sunflower,Rabi,118.0,27.0,0.23,,,,,,,,,,,,,
Tamil Nadu,14. Madurai,2016,Urad,Kharif,850.0,657.0,0.77,,,,,,,,,,,,,
Tamil Nadu,14. Madurai,2016,Urad,Rabi,422.0,152.0,0.36,,,,,,,,,,,,,
Tamil Nadu,14. Madurai,2016,Arhar/Tur,Kharif,2344.0,1728.0,0.74,,,,,,,,,,,,,
Tamil Nadu,14. Madurai,2016,Other Cereals,Kharif,877.0,1.0,0.0,,,,,,,,,,,,,
Tamil Nadu,14. Madurai,2016,Other Cereals,Rabi,1176.0,1.0,0.0,,,,,,,,,,,,,
Tamil Nadu,14. Madurai,2016,Gram,Rabi,32.0,20.0,0.63,,,,,,,,,,,,,
Tamil Nadu,14. Madurai,2017,Bajra,Kharif,909.0,2827.0,3.11,,,,,,,,,,,,,
Tamil Nadu,14. Madurai,2017,Bajra,Rabi,705.0,2128.0,3.02,,,,,,,,,,,,,
Tamil Nadu,14. Madurai,2017,Castor seed,Kharif,36.0,12.89,0.36,,,,,,,,,,,,,
Tamil Nadu,14. Madurai,2017,Cotton(lint),Kharif,9372.0,21.0,0.0,,,,,,,,,,,,,
Tamil Nadu,14. Madurai,2017,Cotton(lint),Rabi,2759.0,4.0,0.0,,,,,,,,,,,,,
Tamil Nadu,14. Madurai,2017,Groundnut,Kharif,1112.0,2736.0,2.46,,,,,,,,,,,,,
Tamil Nadu,14. Madurai,2017,Groundnut,Rabi,662.0,2593.0,3.92,,,,,,,,,,,,,
Tamil Nadu,14. Madurai,2017,Horse-gram,Kharif,22.0,17.0,0.77,,,,,,,,,,,,,
Tamil Nadu,14. Madurai,2017,Jowar,Kharif,10267.0,27711.0,2.7,,,,,,,,,,,,,
Tamil Nadu,14. Madurai,2017,Jowar,Rabi,1567.0,3560.0,2.27,,,,,,,,,,,,,
Tamil Nadu,14. Madurai,2017,Maize,Kharif,6099.0,41382.0,6.79,,,,,,,,,,,,,
Tamil Nadu,14. Madurai,2017,Maize,Rabi,2689.0,17995.0,6.69,,,,,,,,,,,,,
Tamil Nadu,14. Madurai,2017,Moong(Green Gram),Kharif,3129.0,2375.0,0.76,,,,,,,,,,,,,
Tamil Nadu,14. Madurai,2017,Moong(Green Gram),Rabi,477.0,190.0,0.4,,,,,,,,,,,,,
Tamil Nadu,14. Madurai,2017,Onion,Kharif,60.0,582.0,9.7,,,,,,,,,,,,,
Tamil Nadu,14. Madurai,2017,Onion,Rabi,191.0,1592.0,8.34,,,,,,,,,,,,,
Tamil Nadu,14. Madurai,2017,Other Kharif pulses,Kharif,1145.0,756.0,0.66,,,,,,,,,,,,,
Tamil Nadu,14. Madurai,2017,Ragi,Kharif,8.0,27.0,3.38,,,,,,,,,,,,,
Tamil Nadu,14. Madurai,2017,Ragi,Rabi,2.0,9.0,4.5,,,,,,,,,,,,,
Tamil Nadu,14. Madurai,2017,Rice,Autumn,723.0,2972.0,4.11,,,,,,,,,,,,,
Tamil Nadu,14. Madurai,2017,Rice,Winter,17409.0,72073.0,4.14,,,,,,,,,,,,,
Tamil Nadu,14. Madurai,2017,Sesamum,Kharif,61.0,26.0,0.43,,,,,,,,,,,,,
Tamil Nadu,14. Madurai,2017,Sesamum,Rabi,117.0,79.0,0.68,,,,,,,,,,,,,
Tamil Nadu,14. Madurai,2017,Small millets,Kharif,183.0,167.0,0.91,,,,,,,,,,,,,
Tamil Nadu,14. Madurai,2017,Small millets,Rabi,11.0,9.0,0.82,,,,,,,,,,,,,
Tamil Nadu,14. Madurai,2017,Sunflower,Rabi,3.0,2.0,0.67,,,,,,,,,,,,,
Tamil Nadu,14. Madurai,2017,Urad,Kharif,1090.0,993.0,0.91,,,,,,,,,,,,,
Tamil Nadu,14. Madurai,2017,Urad,Rabi,224.0,151.0,0.67,,,,,,,,,,,,,
Tamil Nadu,14. Madurai,2017,Arhar/Tur,Kharif,2793.0,3466.0,1.24,,,,,,,,,,,,,
Tamil Nadu,14. Madurai,2017,Other Cereals,Kharif,1970.0,2621.0,1.33,,,,,,,,,,,,,
Tamil Nadu,14. Madurai,2017,Other Cereals,Rabi,614.0,817.0,1.33,,,,,,,,,,,,,
Tamil Nadu,14. Madurai,2017,Cowpea(Lobia),Kharif,2404.0,1725.0,0.72,,,,,,,,,,,,,
Tamil Nadu,14. Madurai,2017,Cowpea(Lobia),Rabi,552.0,358.0,0.65,,,,,,,,,,,,,
Tamil Nadu,14. Madurai,2017,Other Rabi pulses,Rabi,135.0,89.0,0.66,,,,,,,,,,,,,
Tamil Nadu,14. Madurai,2017,Gram,Rabi,52.0,48.0,0.92,,,,,,,,,,,,,
Tamil Nadu,14. Madurai,2018,Bajra,Kharif,325.0,1113.0,3.42,,,,,,,,,,,,,
Tamil Nadu,14. Madurai,2018,Bajra,Rabi,438.0,1037.0,2.37,,,,,,,,,,,,,
Tamil Nadu,14. Madurai,2018,Castor seed,Kharif,14.0,5.0,0.36,,,,,,,,,,,,,
Tamil Nadu,14. Madurai,2018,Cotton(lint),Kharif,5903.0,9639.0,1.63,,,,,,,,,,,,,
Tamil Nadu,14. Madurai,2018,Cotton(lint),Rabi,3370.0,7491.0,2.22,,,,,,,,,,,,,
Tamil Nadu,14. Madurai,2018,Groundnut,Kharif,1001.0,2170.0,2.17,,,,,,,,,,,,,
Tamil Nadu,14. Madurai,2018,Groundnut,Rabi,764.0,2053.0,2.69,,,,,,,,,,,,,
Tamil Nadu,14. Madurai,2018,Horse-gram,Kharif,9.0,7.0,0.78,,,,,,,,,,,,,
Tamil Nadu,14. Madurai,2018,Horse-gram,Rabi,22.0,15.0,0.68,,,,,,,,,,,,,
Tamil Nadu,14. Madurai,2018,Jowar,Kharif,7523.0,9902.0,1.32,,,,,,,,,,,,,
Tamil Nadu,14. Madurai,2018,Jowar,Rabi,3500.0,8081.0,2.31,,,,,,,,,,,,,
Tamil Nadu,14. Madurai,2018,Maize,Kharif,4699.0,29776.0,6.34,,,,,,,,,,,,,
Tamil Nadu,14. Madurai,2018,Maize,Rabi,9301.0,47117.0,5.07,,,,,,,,,,,,,
Tamil Nadu,14. Madurai,2018,Moong(Green Gram),Kharif,3064.0,1432.0,0.47,,,,,,,,,,,,,
Tamil Nadu,14. Madurai,2018,Moong(Green Gram),Rabi,446.0,183.0,0.41,,,,,,,,,,,,,
Tamil Nadu,14. Madurai,2018,Onion,Kharif,195.0,1710.0,8.77,,,,,,,,,,,,,
Tamil Nadu,14. Madurai,2018,Onion,Rabi,140.0,800.0,5.71,,,,,,,,,,,,,
Tamil Nadu,14. Madurai,2018,Other Kharif pulses,Kharif,913.0,662.0,0.73,,,,,,,,,,,,,
Tamil Nadu,14. Madurai,2018,Ragi,Kharif,13.0,39.0,3.0,,,,,,,,,,,,,
Tamil Nadu,14. Madurai,2018,Ragi,Rabi,5.0,19.0,3.8,,,,,,,,,,,,,
Tamil Nadu,14. Madurai,2018,Rice,Autumn,2743.0,13372.0,4.87,,,,,,,,,,,,,
Tamil Nadu,14. Madurai,2018,Rice,Winter,36559.0,151563.0,4.15,,,,,,,,,,,,,
Tamil Nadu,14. Madurai,2018,Sesamum,Kharif,69.0,33.0,0.48,,,,,,,,,,,,,
Tamil Nadu,14. Madurai,2018,Sesamum,Rabi,46.0,26.0,0.57,,,,,,,,,,,,,
Tamil Nadu,14. Madurai,2018,Small millets,Kharif,78.0,105.0,1.35,,,,,,,,,,,,,
Tamil Nadu,14. Madurai,2018,Small millets,Rabi,4.0,6.0,1.5,,,,,,,,,,,,,
Tamil Nadu,14. Madurai,2018,Sunflower,Kharif,6.0,11.0,1.83,,,,,,,,,,,,,
Tamil Nadu,14. Madurai,2018,Sunflower,Rabi,10.0,9.0,0.9,,,,,,,,,,,,,
Tamil Nadu,14. Madurai,2018,Urad,Kharif,1014.0,770.0,0.76,,,,,,,,,,,,,
Tamil Nadu,14. Madurai,2018,Urad,Rabi,248.0,150.0,0.6,,,,,,,,,,,,,
Tamil Nadu,14. Madurai,2018,Arhar/Tur,Kharif,2287.0,1972.0,0.86,,,,,,,,,,,,,
Tamil Nadu,14. Madurai,2018,Other Cereals,Kharif,1125.0,1527.0,1.36,,,,,,,,,,,,,
Tamil Nadu,14. Madurai,2018,Other Cereals,Rabi,1062.0,2504.0,2.36,,,,,,,,,,,,,
Tamil Nadu,14. Madurai,2018,Cowpea(Lobia),Kharif,1332.0,1051.0,0.79,,,,,,,,,,,,,
Tamil Nadu,14. Madurai,2018,Cowpea(Lobia),Rabi,888.0,743.0,0.84,,,,,,,,,,,,,
Tamil Nadu,14. Madurai,2018,Other Rabi pulses,Rabi,217.0,157.0,0.72,,,,,,,,,,,,,
Tamil Nadu,14. Madurai,2018,Gram,Rabi,12.0,11.0,0.92,,,,,,,,,,,,,
Tamil Nadu,14. Madurai,2019,Bajra,Kharif,403.0,1486.0,3.69,,,,,,,,,,,,,
Tamil Nadu,14. Madurai,2019,Bajra,Rabi,643.0,2062.0,3.21,,,,,,,,,,,,,
Tamil Nadu,14. Madurai,2019,Castor seed,Kharif,10.0,4.0,0.4,,,,,,,,,,,,,
Tamil Nadu,14. Madurai,2019,Cotton(lint),Kharif,6076.0,14577.0,2.4,,,,,,,,,,,,,
Tamil Nadu,14. Madurai,2019,Cotton(lint),Rabi,4829.0,9557.0,1.98,,,,,,,,,,,,,
Tamil Nadu,14. Madurai,2019,Groundnut,Kharif,963.0,2287.0,2.37,,,,,,,,,,,,,
Tamil Nadu,14. Madurai,2019,Groundnut,Rabi,844.0,3159.0,3.74,,,,,,,,,,,,,
Tamil Nadu,14. Madurai,2019,Horse-gram,Kharif,10.0,8.0,0.8,,,,,,,,,,,,,
Tamil Nadu,14. Madurai,2019,Horse-gram,Rabi,34.0,27.0,0.79,,,,,,,,,,,,,
Tamil Nadu,14. Madurai,2019,Jowar,Kharif,7619.0,15811.0,2.08,,,,,,,,,,,,,
Tamil Nadu,14. Madurai,2019,Jowar,Rabi,3206.0,6594.0,2.06,,,,,,,,,,,,,
Tamil Nadu,14. Madurai,2019,Maize,Kharif,4622.0,27812.0,6.02,,,,,,,,,,,,,
Tamil Nadu,14. Madurai,2019,Maize,Rabi,10409.0,69923.0,6.72,,,,,,,,,,,,,
Tamil Nadu,14. Madurai,2019,Moong(Green Gram),Kharif,2242.0,1014.0,0.45,,,,,,,,,,,,,
Tamil Nadu,14. Madurai,2019,Moong(Green Gram),Rabi,476.0,202.0,0.42,,,,,,,,,,,,,
Tamil Nadu,14. Madurai,2019,Onion,Kharif,121.0,1110.0,9.17,,,,,,,,,,,,,
Tamil Nadu,14. Madurai,2019,Onion,Rabi,292.0,2062.0,7.06,,,,,,,,,,,,,
Tamil Nadu,14. Madurai,2019,Other Kharif pulses,Kharif,883.0,812.0,0.92,,,,,,,,,,,,,
Tamil Nadu,14. Madurai,2019,Ragi,Kharif,9.0,28.0,3.11,,,,,,,,,,,,,
Tamil Nadu,14. Madurai,2019,Ragi,Rabi,11.0,41.0,3.73,,,,,,,,,,,,,
Tamil Nadu,14. Madurai,2019,Rice,Autumn,658.0,2699.0,4.1,,,,,,,,,,,,,
Tamil Nadu,14. Madurai,2019,Rice,Winter,32096.0,134887.0,4.2,,,,,,,,,,,,,
Tamil Nadu,14. Madurai,2019,Sesamum,Kharif,39.0,22.0,0.56,,,,,,,,,,,,,
Tamil Nadu,14. Madurai,2019,Sesamum,Rabi,183.0,134.0,0.73,,,,,,,,,,,,,
Tamil Nadu,14. Madurai,2019,Small millets,Kharif,62.0,130.0,2.1,,,,,,,,,,,,,
Tamil Nadu,14. Madurai,2019,Sunflower,Kharif,3.0,3.0,1.0,,,,,,,,,,,,,
Tamil Nadu,14. Madurai,2019,Sunflower,Rabi,24.0,22.0,0.92,,,,,,,,,,,,,
Tamil Nadu,14. Madurai,2019,Urad,Kharif,729.0,613.0,0.84,,,,,,,,,,,,,
Tamil Nadu,14. Madurai,2019,Urad,Rabi,511.0,396.0,0.77,,,,,,,,,,,,,
Tamil Nadu,14. Madurai,2019,Arhar/Tur,Kharif,1658.0,1375.0,0.83,,,,,,,,,,,,,
Tamil Nadu,14. Madurai,2019,Arhar/Tur,Rabi,463.0,384.0,0.83,,,,,,,,,,,,,
Tamil Nadu,14. Madurai,2019,Other Cereals,Kharif,1032.0,1376.0,1.33,,,,,,,,,,,,,
Tamil Nadu,14. Madurai,2019,Other Cereals,Rabi,1067.0,1423.0,1.33,,,,,,,,,,,,,
Tamil Nadu,14. Madurai,2019,Cowpea(Lobia),Kharif,1154.0,439.0,0.38,,,,,,,,,,,,,
Tamil Nadu,14. Madurai,2019,Cowpea(Lobia),Rabi,732.0,452.0,0.62,,,,,,,,,,,,,
Tamil Nadu,14. Madurai,2019,Other Rabi pulses,Rabi,383.0,339.0,0.89,,,,,,,,,,,,,
Tamil Nadu,14. Madurai,2019,Gram,Rabi,18.0,17.0,0.94,,,,,,,,,,,,,
Tamil Nadu,14. Madurai,2020,Bajra,Kharif,331.0,1194.0,3.61,,,,,,,,,,,,,
Tamil Nadu,14. Madurai,2020,Bajra,Rabi,341.0,963.0,2.82,,,,,,,,,,,,,
Tamil Nadu,14. Madurai,2020,Castor seed,Kharif,6.0,2.0,0.33,,,,,,,,,,,,,
Tamil Nadu,14. Madurai,2020,Cotton(lint),Kharif,4173.0,8788.0,2.11,,,,,,,,,,,,,
Tamil Nadu,14. Madurai,2020,Cotton(lint),Rabi,2323.0,5315.0,2.29,,,,,,,,,,,,,
Tamil Nadu,14. Madurai,2020,Groundnut,Kharif,1566.0,4624.0,2.95,,,,,,,,,,,,,
Tamil Nadu,14. Madurai,2020,Groundnut,Rabi,982.0,3169.0,3.23,,,,,,,,,,,,,
Tamil Nadu,14. Madurai,2020,Horse-gram,Kharif,5.0,3.0,0.6,,,,,,,,,,,,,
Tamil Nadu,14. Madurai,2020,Horse-gram,Rabi,6.0,5.0,0.83,,,,,,,,,,,,,
Tamil Nadu,14. Madurai,2020,Jowar,Kharif,8041.0,13115.0,1.63,,,,,,,,,,,,,
Tamil Nadu,14. Madurai,2020,Jowar,Rabi,1399.0,3547.0,2.54,,,,,,,,,,,,,
Tamil Nadu,14. Madurai,2020,Maize,Kharif,10984.0,47299.0,4.31,,,,,,,,,,,,,
Tamil Nadu,14. Madurai,2020,Maize,Rabi,11315.0,59826.0,5.29,,,,,,,,,,,,,
Tamil Nadu,14. Madurai,2020,Moong(Green Gram),Kharif,2273.0,1354.0,0.6,,,,,,,,,,,,,
Tamil Nadu,14. Madurai,2020,Moong(Green Gram),Rabi,185.0,52.0,0.28,,,,,,,,,,,,,
Tamil Nadu,14. Madurai,2020,Onion,Kharif,283.0,3612.0,12.76,,,,,,,,,,,,,
Tamil Nadu,14. Madurai,2020,Onion,Rabi,341.0,1893.0,5.55,,,,,,,,,,,,,
Tamil Nadu,14. Madurai,2020,Other Kharif pulses,Kharif,966.0,565.0,0.58,,,,,,,,,,,,,
Tamil Nadu,14. Madurai,2020,Ragi,Kharif,27.0,86.0,3.19,,,,,,,,,,,,,
Tamil Nadu,14. Madurai,2020,Ragi,Rabi,7.0,29.0,4.14,,,,,,,,,,,,,
Tamil Nadu,14. Madurai,2020,Rice,Autumn,1263.0,5504.0,4.36,,,,,,,,,,,,,
Tamil Nadu,14. Madurai,2020,Rice,Winter,34598.0,140628.0,4.06,,,,,,,,,,,,,
Tamil Nadu,14. Madurai,2020,Sesamum,Kharif,140.0,84.0,0.6,,,,,,,,,,,,,
Tamil Nadu,14. Madurai,2020,Sesamum,Rabi,152.0,102.0,0.67,,,,,,,,,,,,,
Tamil Nadu,14. Madurai,2020,Small millets,Kharif,640.0,750.0,1.17,,,,,,,,,,,,,
Tamil Nadu,14. Madurai,2020,Small millets,Rabi,53.0,63.0,1.19,,,,,,,,,,,,,
Tamil Nadu,14. Madurai,2020,Sunflower,Kharif,8.0,14.0,1.75,,,,,,,,,,,,,
Tamil Nadu,14. Madurai,2020,Urad,Kharif,845.0,752.0,0.89,,,,,,,,,,,,,
Tamil Nadu,14. Madurai,2020,Urad,Rabi,281.0,146.0,0.52,,,,,,,,,,,,,
Tamil Nadu,14. Madurai,2020,Arhar/Tur,Kharif,1536.0,1432.0,0.93,,,,,,,,,,,,,
Tamil Nadu,14. Madurai,2020,Arhar/Tur,Rabi,203.0,188.0,0.93,,,,,,,,,,,,,
Tamil Nadu,14. Madurai,2020,Other Cereals,Kharif,1108.0,1469.0,1.33,,,,,,,,,,,,,
Tamil Nadu,14. Madurai,2020,Other Cereals,Rabi,422.0,567.0,1.34,,,,,,,,,,,,,
Tamil Nadu,14. Madurai,2020,Cowpea(Lobia),Kharif,1150.0,594.0,0.52,,,,,,,,,,,,,
Tamil Nadu,14. Madurai,2020,Cowpea(Lobia),Rabi,396.0,343.0,0.87,,,,,,,,,,,,,
Tamil Nadu,14. Madurai,2020,Other Rabi pulses,Rabi,119.0,69.0,0.58,,,,,,,,,,,,,
Tamil Nadu,14. Madurai,2020,Gram,Rabi,14.0,13.0,0.93,,,,,,,,,,,,,
Tamil Nadu,14. Madurai,2021,Bajra,Kharif,147.0,505.0,3.44,,,,,,,,,,,,,
Tamil Nadu,14. Madurai,2021,Bajra,Rabi,266.0,689.0,2.59,,,,,,,,,,,,,
Tamil Nadu,14. Madurai,2021,Castor seed,Kharif,24.0,8.0,0.33,,,,,,,,,,,,,
Tamil Nadu,14. Madurai,2021,Cotton(lint),Kharif,3447.0,3514.0,1.02,,,,,,,,,,,,,
Tamil Nadu,14. Madurai,2021,Cotton(lint),Rabi,5290.0,9486.0,1.79,,,,,,,,,,,,,
Tamil Nadu,14. Madurai,2021,Groundnut,Kharif,1461.0,3595.0,2.46,,,,,,,,,,,,,
Tamil Nadu,14. Madurai,2021,Groundnut,Rabi,1019.0,3976.0,3.9,,,,,,,,,,,,,
Tamil Nadu,14. Madurai,2021,Horse-gram,Kharif,1.0,1.0,1.0,,,,,,,,,,,,,
Tamil Nadu,14. Madurai,2021,Horse-gram,Rabi,17.0,11.0,0.65,,,,,,,,,,,,,
Tamil Nadu,14. Madurai,2021,Jowar,Kharif,6276.0,7394.0,1.18,,,,,,,,,,,,,
Tamil Nadu,14. Madurai,2021,Jowar,Rabi,3160.0,3355.0,1.06,,,,,,,,,,,,,
Tamil Nadu,14. Madurai,2021,Maize,Kharif,6158.0,33994.0,5.52,,,,,,,,,,,,,
Tamil Nadu,14. Madurai,2021,Maize,Rabi,15251.0,92535.0,6.07,,,,,,,,,,,,,
Tamil Nadu,14. Madurai,2021,Moong(Green Gram),Kharif,1834.0,1221.0,0.67,,,,,,,,,,,,,
Tamil Nadu,14. Madurai,2021,Moong(Green Gram),Rabi,666.0,216.0,0.32,,,,,,,,,,,,,
Tamil Nadu,14. Madurai,2021,Onion,Kharif,254.0,2315.0,9.11,,,,,,,,,,,,,
Tamil Nadu,14. Madurai,2021,Onion,Rabi,297.0,1793.0,6.04,,,,,,,,,,,,,
Tamil Nadu,14. Madurai,2021,Other Kharif pulses,Kharif,739.0,432.0,0.58,,,,,,,,,,,,,
Tamil Nadu,14. Madurai,2021,Other Kharif pulses,Rabi,302.0,177.0,0.59,,,,,,,,,,,,,
Tamil Nadu,14. Madurai,2021,Ragi,Kharif,6.0,18.0,3.0,,,,,,,,,,,,,
Tamil Nadu,14. Madurai,2021,Ragi,Rabi,4.0,15.0,3.75,,,,,,,,,,,,,
Tamil Nadu,14. Madurai,2021,Rice,Autumn,8935.0,36499.0,4.08,,,,,,,,,,,,,
Tamil Nadu,14. Madurai,2021,Rice,Winter,41767.0,151735.0,3.63,,,,,,,,,,,,,
Tamil Nadu,14. Madurai,2021,Sesamum,Kharif,52.0,35.0,0.67,,,,,,,,,,,,,
Tamil Nadu,14. Madurai,2021,Sesamum,Rabi,128.0,71.0,0.55,,,,,,,,,,,,,
Tamil Nadu,14. Madurai,2021,Small millets,Kharif,249.0,365.0,1.47,,,,,,,,,,,,,
Tamil Nadu,14. Madurai,2021,Small millets,Rabi,226.0,347.0,1.54,,,,,,,,,,,,,
Tamil Nadu,14. Madurai,2021,Sunflower,Kharif,2.0,3.0,1.5,,,,,,,,,,,,,
Tamil Nadu,14. Madurai,2021,Sunflower,Rabi,11.0,9.0,0.82,,,,,,,,,,,,,
Tamil Nadu,14. Madurai,2021,Urad,Kharif,769.0,677.0,0.88,,,,,,,,,,,,,
Tamil Nadu,14. Madurai,2021,Urad,Rabi,642.0,407.0,0.63,,,,,,,,,,,,,
Tamil Nadu,14. Madurai,2021,Arhar/Tur,Kharif,1336.0,936.0,0.7,,,,,,,,,,,,,
Tamil Nadu,14. Madurai,2021,Arhar/Tur,Rabi,435.0,306.0,0.7,,,,,,,,,,,,,
Tamil Nadu,14. Madurai,2021,Other Cereals,Kharif,775.0,1034.0,1.33,,,,,,,,,,,,,
Tamil Nadu,14. Madurai,2021,Other Cereals,Rabi,448.0,597.0,1.33,,,,,,,,,,,,,
Tamil Nadu,14. Madurai,2021,Cowpea(Lobia),Kharif,871.0,249.0,0.29,,,,,,,,,,,,,
Tamil Nadu,14. Madurai,2021,Cowpea(Lobia),Rabi,817.0,510.0,0.62,,,,,,,,,,,,,
Tamil Nadu,14. Madurai,2021,Gram,Rabi,13.0,12.0,0.92,,,,,,,,,,,,,
Tamil Nadu,14. Madurai,2022,Bajra,Kharif,141.0,426.0,3.02,,,,,,,,,,,,,
Tamil Nadu,14. Madurai,2022,Bajra,Rabi,216.0,591.0,2.74,,,,,,,,,,,,,
Tamil Nadu,14. Madurai,2022,Castor seed,Kharif,43.0,13.0,0.3,,,,,,,,,,,,,
Tamil Nadu,14. Madurai,2022,Cotton(lint),Kharif,5464.0,10861.0,1.99,,,,,,,,,,,,,
Tamil Nadu,14. Madurai,2022,Cotton(lint),Rabi,3868.0,9473.0,2.45,,,,,,,,,,,,,
Tamil Nadu,14. Madurai,2022,Groundnut,Kharif,1427.0,3780.0,2.65,,,,,,,,,,,,,
Tamil Nadu,14. Madurai,2022,Groundnut,Rabi,928.0,3242.0,3.49,,,,,,,,,,,,,
Tamil Nadu,14. Madurai,2022,Horse-gram,Kharif,10.0,8.0,0.8,,,,,,,,,,,,,
Tamil Nadu,14. Madurai,2022,Horse-gram,Rabi,22.0,17.0,0.77,,,,,,,,,,,,,
Tamil Nadu,14. Madurai,2022,Jowar,Kharif,6772.0,13180.0,1.95,,,,,,,,,,,,,
Tamil Nadu,14. Madurai,2022,Jowar,Rabi,2540.0,3087.0,1.22,,,,,,,,,,,,,
Tamil Nadu,14. Madurai,2022,Maize,Kharif,11809.0,53142.0,4.5,,,,,,,,,,,,,
Tamil Nadu,14. Madurai,2022,Maize,Rabi,8798.0,54024.0,6.14,,,,,,,,,,,,,
Tamil Nadu,14. Madurai,2022,Moong(Green Gram),Kharif,1968.0,906.0,0.46,,,,,,,,,,,,,
Tamil Nadu,14. Madurai,2022,Moong(Green Gram),Rabi,382.0,117.0,0.31,,,,,,,,,,,,,
Tamil Nadu,14. Madurai,2022,Onion,Kharif,141.0,1344.0,9.53,,,,,,,,,,,,,
Tamil Nadu,14. Madurai,2022,Onion,Rabi,160.0,1219.0,7.62,,,,,,,,,,,,,
Tamil Nadu,14. Madurai,2022,Other Kharif pulses,Kharif,746.0,465.0,0.62,,,,,,,,,,,,,
Tamil Nadu,14. Madurai,2022,Ragi,Kharif,3.0,7.0,2.33,,,,,,,,,,,,,
Tamil Nadu,14. Madurai,2022,Ragi,Rabi,6.0,25.0,4.17,,,,,,,,,,,,,
Tamil Nadu,14. Madurai,2022,Rice,Autumn,9808.0,37744.0,3.85,,,,,,,,,,,,,
Tamil Nadu,14. Madurai,2022,Rice,Winter,39602.0,158025.0,3.99,,,,,,,,,,,,,
Tamil Nadu,14. Madurai,2022,Sesamum,Kharif,118.0,55.0,0.47,,,,,,,,,,,,,
Tamil Nadu,14. Madurai,2022,Sesamum,Rabi,276.0,149.0,0.54,,,,,,,,,,,,,
Tamil Nadu,14. Madurai,2022,Small millets,Kharif,164.0,265.0,1.62,,,,,,,,,,,,,
Tamil Nadu,14. Madurai,2022,Small millets,Rabi,80.0,144.0,1.8,,,,,,,,,,,,,
Tamil Nadu,14. Madurai,2022,Sunflower,Kharif,4.0,5.0,1.25,,,,,,,,,,,,,
Tamil Nadu,14. Madurai,2022,Sunflower,Rabi,7.0,5.0,0.71,,,,,,,,,,,,,
Tamil Nadu,14. Madurai,2022,Urad,Kharif,769.0,658.0,0.86,,,,,,,,,,,,,
Tamil Nadu,14. Madurai,2022,Urad,Rabi,462.0,303.0,0.66,,,,,,,,,,,,,
Tamil Nadu,14. Madurai,2022,Arhar/Tur,Kharif,1496.0,1554.0,1.04,,,,,,,,,,,,,
Tamil Nadu,14. Madurai,2022,Arhar/Tur,Rabi,337.0,350.0,1.04,,,,,,,,,,,,,
Tamil Nadu,14. Madurai,2022,Other Cereals,Kharif,1050.0,1400.0,1.33,,,,,,,,,,,,,
Tamil Nadu,14. Madurai,2022,Other Cereals,Rabi,632.0,843.0,1.33,,,,,,,,,,,,,
Tamil Nadu,14. Madurai,2022,Cowpea(Lobia),Kharif,977.0,455.0,0.47,,,,,,,,,,,,,
Tamil Nadu,14. Madurai,2022,Cowpea(Lobia),Rabi,596.0,360.0,0.6,,,,,,,,,,,,,
Tamil Nadu,14. Madurai,2022,Other Rabi pulses,Rabi,202.0,126.0,0.62,,,,,,,,,,,,,
Tamil Nadu,14. Madurai,2022,Gram,Rabi,10.0,9.0,0.9,,,,,,,,,,,,,
Tamil Nadu,14. Madurai,2022,Potato,Kharif,2.0,40.0,20.0,,,,,,,,,,,,,
Tamil Nadu,14. Madurai,2022,Potato,Rabi,32.0,776.0,24.25,,,,,,,,,,,,,
Tamil Nadu,15. Mayiladuthurai,2020,Cotton(lint),Kharif,76.0,148.0,1.95,,,,,,,,,,,,,
Tamil Nadu,15. Mayiladuthurai,2020,Cotton(lint),Rabi,3379.0,11177.0,3.31,,,,,,,,,,,,,
Tamil Nadu,15. Mayiladuthurai,2020,Groundnut,Rabi,1188.0,4846.0,4.08,,,,,,,,,,,,,
Tamil Nadu,15. Mayiladuthurai,2020,Jowar,Kharif,10.0,11.0,1.1,,,,,,,,,,,,,
Tamil Nadu,15. Mayiladuthurai,2020,Jowar,Rabi,3.0,3.0,1.0,,,,,,,,,,,,,
Tamil Nadu,15. Mayiladuthurai,2020,Maize,Kharif,33.0,237.0,7.18,,,,,,,,,,,,,
Tamil Nadu,15. Mayiladuthurai,2020,Moong(Green Gram),Kharif,7.0,6.0,0.86,,,,,,,,,,,,,
Tamil Nadu,15. Mayiladuthurai,2020,Moong(Green Gram),Rabi,21627.0,8502.0,0.39,,,,,,,,,,,,,
Tamil Nadu,15. Mayiladuthurai,2020,Other Kharif pulses,Kharif,2.0,1.0,0.5,,,,,,,,,,,,,
Tamil Nadu,15. Mayiladuthurai,2020,Ragi,Kharif,10.0,32.0,3.2,,,,,,,,,,,,,
Tamil Nadu,15. Mayiladuthurai,2020,Ragi,Rabi,2.0,8.0,4.0,,,,,,,,,,,,,
Tamil Nadu,15. Mayiladuthurai,2020,Rice,Autumn,37571.0,179276.0,4.77,,,,,,,,,,,,,
Tamil Nadu,15. Mayiladuthurai,2020,Rice,Winter,68343.0,161247.0,2.36,,,,,,,,,,,,,
Tamil Nadu,15. Mayiladuthurai,2020,Sesamum,Kharif,8.0,5.0,0.63,,,,,,,,,,,,,
Tamil Nadu,15. Mayiladuthurai,2020,Sesamum,Rabi,306.0,206.0,0.67,,,,,,,,,,,,,
Tamil Nadu,15. Mayiladuthurai,2020,Urad,Kharif,15.0,14.0,0.93,,,,,,,,,,,,,
Tamil Nadu,15. Mayiladuthurai,2020,Urad,Rabi,23641.0,7432.0,0.31,,,,,,,,,,,,,
Tamil Nadu,15. Mayiladuthurai,2020,Other Cereals,Kharif,1.0,1.0,1.0,,,,,,,,,,,,,
Tamil Nadu,15. Mayiladuthurai,2021,Cotton(lint),Kharif,30.0,49.0,1.63,,,,,,,,,,,,,
Tamil Nadu,15. Mayiladuthurai,2021,Cotton(lint),Rabi,5026.0,17318.0,3.45,,,,,,,,,,,,,
Tamil Nadu,15. Mayiladuthurai,2021,Groundnut,Kharif,10.0,23.0,2.3,,,,,,,,,,,,,
Tamil Nadu,15. Mayiladuthurai,2021,Groundnut,Rabi,1065.0,3908.0,3.67,,,,,,,,,,,,,
Tamil Nadu,15. Mayiladuthurai,2021,Jowar,Kharif,2.0,2.0,1.0,,,,,,,,,,,,,
Tamil Nadu,15. Mayiladuthurai,2021,Jowar,Rabi,2.0,1.0,0.5,,,,,,,,,,,,,
Tamil Nadu,15. Mayiladuthurai,2021,Maize,Kharif,25.0,200.0,8.0,,,,,,,,,,,,,
Tamil Nadu,15. Mayiladuthurai,2021,Maize,Rabi,12.0,71.0,5.92,,,,,,,,,,,,,
Tamil Nadu,15. Mayiladuthurai,2021,Moong(Green Gram),Rabi,20856.0,5423.0,0.26,,,,,,,,,,,,,
Tamil Nadu,15. Mayiladuthurai,2021,Ragi,Rabi,8.0,31.0,3.88,,,,,,,,,,,,,
Tamil Nadu,15. Mayiladuthurai,2021,Rice,Autumn,39068.0,149467.0,3.83,,,,,,,,,,,,,
Tamil Nadu,15. Mayiladuthurai,2021,Rice,Winter,68705.0,225967.0,3.29,,,,,,,,,,,,,
Tamil Nadu,15. Mayiladuthurai,2021,Sesamum,Kharif,14.0,9.0,0.64,,,,,,,,,,,,,
Tamil Nadu,15. Mayiladuthurai,2021,Sesamum,Rabi,378.0,212.0,0.56,,,,,,,,,,,,,
Tamil Nadu,15. Mayiladuthurai,2021,Urad,Kharif,2.0,2.0,1.0,,,,,,,,,,,,,
Tamil Nadu,15. Mayiladuthurai,2021,Urad,Rabi,23513.0,8604.0,0.37,,,,,,,,,,,,,
Tamil Nadu,15. Mayiladuthurai,2022,Cotton(lint),Rabi,6871.0,16843.0,2.45,,,,,,,,,,,,,
Tamil Nadu,15. Mayiladuthurai,2022,Groundnut,Kharif,96.0,204.0,2.13,,,,,,,,,,,,,
Tamil Nadu,15. Mayiladuthurai,2022,Groundnut,Rabi,921.0,4138.0,4.49,,,,,,,,,,,,,
Tamil Nadu,15. Mayiladuthurai,2022,Jowar,Kharif,3.0,2.0,0.67,,,,,,,,,,,,,
Tamil Nadu,15. Mayiladuthurai,2022,Jowar,Rabi,8.0,6.0,0.75,,,,,,,,,,,,,
Tamil Nadu,15. Mayiladuthurai,2022,Maize,Kharif,8.0,66.0,8.25,,,,,,,,,,,,,
Tamil Nadu,15. Mayiladuthurai,2022,Maize,Rabi,12.0,75.0,6.25,,,,,,,,,,,,,
Tamil Nadu,15. Mayiladuthurai,2022,Moong(Green Gram),Rabi,24740.0,5280.0,0.21,,,,,,,,,,,,,
Tamil Nadu,15. Mayiladuthurai,2022,Rice,Autumn,37901.0,135731.0,3.58,,,,,,,,,,,,,
Tamil Nadu,15. Mayiladuthurai,2022,Rice,Winter,68510.0,206818.0,3.02,,,,,,,,,,,,,
Tamil Nadu,15. Mayiladuthurai,2022,Sesamum,Kharif,11.0,5.0,0.45,,,,,,,,,,,,,
Tamil Nadu,15. Mayiladuthurai,2022,Sesamum,Rabi,311.0,167.0,0.54,,,,,,,,,,,,,
Tamil Nadu,15. Mayiladuthurai,2022,Urad,Kharif,12.0,10.0,0.83,,,,,,,,,,,,,
Tamil Nadu,15. Mayiladuthurai,2022,Urad,Rabi,24304.0,5309.0,0.22,,,,,,,,,,,,,
Tamil Nadu,16. Nagapattinam,2015,Cotton(lint),Rabi,2438.0,4690.0,1.92,,,,,,,,,,,,,
Tamil Nadu,16. Nagapattinam,2015,Groundnut,Rabi,1740.0,6471.0,3.72,,,,,,,,,,,,,
Tamil Nadu,16. Nagapattinam,2015,Jowar,Rabi,10.0,16.0,1.6,,,,,,,,,,,,,
Tamil Nadu,16. Nagapattinam,2015,Maize,Rabi,7.0,48.0,6.86,,,,,,,,,,,,,
Tamil Nadu,16. Nagapattinam,2015,Moong(Green Gram),Kharif,5.0,4.0,0.8,,,,,,,,,,,,,
Tamil Nadu,16. Nagapattinam,2015,Moong(Green Gram),Rabi,41931.0,18701.0,0.45,,,,,,,,,,,,,
Tamil Nadu,16. Nagapattinam,2015,Onion,Rabi,5.0,32.0,6.4,,,,,,,,,,,,,
Tamil Nadu,16. Nagapattinam,2015,Rice,Kharif,163794.0,338260.0,2.07,,,,,,,,,,,,,
Tamil Nadu,16. Nagapattinam,2015,Sesamum,Rabi,414.0,84.0,0.2,,,,,,,,,,,,,
Tamil Nadu,16. Nagapattinam,2015,Urad,Rabi,41676.0,19546.0,0.47,,,,,,,,,,,,,
Tamil Nadu,16. Nagapattinam,2016,Cotton(lint),Kharif,4.0,5.0,1.25,,,,,,,,,,,,,
Tamil Nadu,16. Nagapattinam,2016,Cotton(lint),Rabi,3055.0,9878.0,3.23,,,,,,,,,,,,,
Tamil Nadu,16. Nagapattinam,2016,Groundnut,Kharif,5.0,8.0,1.6,,,,,,,,,,,,,
Tamil Nadu,16. Nagapattinam,2016,Groundnut,Rabi,1681.0,6181.0,3.68,,,,,,,,,,,,,
Tamil Nadu,16. Nagapattinam,2016,Jowar,Rabi,2.0,1.0,0.5,,,,,,,,,,,,,
Tamil Nadu,16. Nagapattinam,2016,Maize,Rabi,5.0,6.0,1.2,,,,,,,,,,,,,
Tamil Nadu,16. Nagapattinam,2016,Moong(Green Gram),Rabi,23869.0,4969.0,0.21,,,,,,,,,,,,,
Tamil Nadu,16. Nagapattinam,2016,Onion,Rabi,5.0,23.0,4.6,,,,,,,,,,,,,
Tamil Nadu,16. Nagapattinam,2016,Ragi,Rabi,1.0,3.0,3.0,,,,,,,,,,,,,
Tamil Nadu,16. Nagapattinam,2016,Rice,Kharif,166312.0,263320.0,1.58,,,,,,,,,,,,,
Tamil Nadu,16. Nagapattinam,2016,Sesamum,Kharif,3.0,1.0,0.33,,,,,,,,,,,,,
Tamil Nadu,16. Nagapattinam,2016,Sesamum,Rabi,399.0,15.0,0.04,,,,,,,,,,,,,
Tamil Nadu,16. Nagapattinam,2016,Urad,Kharif,31.0,24.0,0.77,,,,,,,,,,,,,
Tamil Nadu,16. Nagapattinam,2016,Urad,Rabi,29808.0,9513.0,0.32,,,,,,,,,,,,,
Tamil Nadu,16. Nagapattinam,2017,Cotton(lint),Kharif,12.0,,0.0,,,,,,,,,,,,,
Tamil Nadu,16. Nagapattinam,2017,Cotton(lint),Rabi,2245.0,10.0,0.0,,,,,,,,,,,,,
Tamil Nadu,16. Nagapattinam,2017,Groundnut,Kharif,30.0,74.0,2.47,,,,,,,,,,,,,
Tamil Nadu,16. Nagapattinam,2017,Groundnut,Rabi,1707.0,6625.0,3.88,,,,,,,,,,,,,
Tamil Nadu,16. Nagapattinam,2017,Maize,Kharif,1.0,9.0,9.0,,,,,,,,,,,,,
Tamil Nadu,16. Nagapattinam,2017,Maize,Rabi,12.0,80.0,6.67,,,,,,,,,,,,,
Tamil Nadu,16. Nagapattinam,2017,Moong(Green Gram),Rabi,32434.0,14271.0,0.44,,,,,,,,,,,,,
Tamil Nadu,16. Nagapattinam,2017,Onion,Rabi,5.0,46.0,9.2,,,,,,,,,,,,,
Tamil Nadu,16. Nagapattinam,2017,Ragi,Rabi,1.0,4.0,4.0,,,,,,,,,,,,,
Tamil Nadu,16. Nagapattinam,2017,Rice,Autumn,34881.0,97562.0,2.8,,,,,,,,,,,,,
Tamil Nadu,16. Nagapattinam,2017,Rice,Winter,128703.0,348528.0,2.71,,,,,,,,,,,,,
Tamil Nadu,16. Nagapattinam,2017,Sesamum,Kharif,1.0,,0.0,,,,,,,,,,,,,
Tamil Nadu,16. Nagapattinam,2017,Sesamum,Rabi,283.0,174.0,0.61,,,,,,,,,,,,,
Tamil Nadu,16. Nagapattinam,2017,Urad,Kharif,16.0,15.0,0.94,,,,,,,,,,,,,
Tamil Nadu,16. Nagapattinam,2017,Urad,Rabi,38652.0,18360.0,0.48,,,,,,,,,,,,,
Tamil Nadu,16. Nagapattinam,2018,Cotton(lint),Kharif,15.0,31.0,2.07,,,,,,,,,,,,,
Tamil Nadu,16. Nagapattinam,2018,Cotton(lint),Rabi,3105.0,12345.0,3.98,,,,,,,,,,,,,
Tamil Nadu,16. Nagapattinam,2018,Groundnut,Rabi,1942.0,4088.0,2.11,,,,,,,,,,,,,
Tamil Nadu,16. Nagapattinam,2018,Maize,Rabi,14.0,97.0,6.93,,,,,,,,,,,,,
Tamil Nadu,16. Nagapattinam,2018,Moong(Green Gram),Rabi,34236.0,11575.0,0.34,,,,,,,,,,,,,
Tamil Nadu,16. Nagapattinam,2018,Rice,Autumn,36966.0,151967.0,4.11,,,,,,,,,,,,,
Tamil Nadu,16. Nagapattinam,2018,Rice,Winter,130729.0,413886.0,3.17,,,,,,,,,,,,,
Tamil Nadu,16. Nagapattinam,2018,Sesamum,Kharif,3.0,2.0,0.67,,,,,,,,,,,,,
Tamil Nadu,16. Nagapattinam,2018,Sesamum,Rabi,734.0,106.0,0.14,,,,,,,,,,,,,
Tamil Nadu,16. Nagapattinam,2018,Urad,Kharif,22.0,16.0,0.73,,,,,,,,,,,,,
Tamil Nadu,16. Nagapattinam,2018,Urad,Rabi,40200.0,11178.0,0.28,,,,,,,,,,,,,
Tamil Nadu,16. Nagapattinam,2019,Cotton(lint),Kharif,18.0,44.0,2.44,,,,,,,,,,,,,
Tamil Nadu,16. Nagapattinam,2019,Cotton(lint),Rabi,5318.0,22980.0,4.32,,,,,,,,,,,,,
Tamil Nadu,16. Nagapattinam,2019,Groundnut,Kharif,30.0,74.0,2.47,,,,,,,,,,,,,
Tamil Nadu,16. Nagapattinam,2019,Groundnut,Rabi,2593.0,11358.0,4.38,,,,,,,,,,,,,
Tamil Nadu,16. Nagapattinam,2019,Jowar,Rabi,1.0,1.0,1.0,,,,,,,,,,,,,
Tamil Nadu,16. Nagapattinam,2019,Maize,Kharif,24.0,218.0,9.08,,,,,,,,,,,,,
Tamil Nadu,16. Nagapattinam,2019,Maize,Rabi,13.0,89.0,6.85,,,,,,,,,,,,,
Tamil Nadu,16. Nagapattinam,2019,Moong(Green Gram),Kharif,3.0,2.0,0.67,,,,,,,,,,,,,
Tamil Nadu,16. Nagapattinam,2019,Moong(Green Gram),Rabi,37990.0,16158.0,0.43,,,,,,,,,,,,,
Tamil Nadu,16. Nagapattinam,2019,Ragi,Rabi,2.0,6.0,3.0,,,,,,,,,,,,,
Tamil Nadu,16. Nagapattinam,2019,Rice,Autumn,36665.0,140038.0,3.82,,,,,,,,,,,,,
Tamil Nadu,16. Nagapattinam,2019,Rice,Winter,132169.0,416902.0,3.15,,,,,,,,,,,,,
Tamil Nadu,16. Nagapattinam,2019,Sesamum,Kharif,10.0,5.0,0.5,,,,,,,,,,,,,
Tamil Nadu,16. Nagapattinam,2019,Sesamum,Rabi,1386.0,1009.0,0.73,,,,,,,,,,,,,
Tamil Nadu,16. Nagapattinam,2019,Urad,Kharif,2.0,2.0,1.0,,,,,,,,,,,,,
Tamil Nadu,16. Nagapattinam,2019,Urad,Rabi,31942.0,15627.0,0.49,,,,,,,,,,,,,
Tamil Nadu,16. Nagapattinam,2020,Cotton(lint),Kharif,2.0,5.0,2.5,,,,,,,,,,,,,
Tamil Nadu,16. Nagapattinam,2020,Cotton(lint),Rabi,1128.0,4698.0,4.16,,,,,,,,,,,,,
Tamil Nadu,16. Nagapattinam,2020,Groundnut,Rabi,1479.0,4774.0,3.23,,,,,,,,,,,,,
Tamil Nadu,16. Nagapattinam,2020,Moong(Green Gram),Rabi,23138.0,5559.0,0.24,,,,,,,,,,,,,
Tamil Nadu,16. Nagapattinam,2020,Rice,Autumn,8190.0,33432.0,4.08,,,,,,,,,,,,,
Tamil Nadu,16. Nagapattinam,2020,Rice,Winter,65309.0,105509.0,1.62,,,,,,,,,,,,,
Tamil Nadu,16. Nagapattinam,2020,Sesamum,Kharif,5.0,3.0,0.6,,,,,,,,,,,,,
Tamil Nadu,16. Nagapattinam,2020,Sesamum,Rabi,1905.0,1284.0,0.67,,,,,,,,,,,,,
Tamil Nadu,16. Nagapattinam,2020,Urad,Kharif,12.0,11.0,0.92,,,,,,,,,,,,,
Tamil Nadu,16. Nagapattinam,2020,Urad,Rabi,3061.0,971.0,0.32,,,,,,,,,,,,,
Tamil Nadu,16. Nagapattinam,2021,Cotton(lint),Kharif,119.0,193.0,1.62,,,,,,,,,,,,,
Tamil Nadu,16. Nagapattinam,2021,Cotton(lint),Rabi,1440.0,2171.0,1.51,,,,,,,,,,,,,
Tamil Nadu,16. Nagapattinam,2021,Groundnut,Rabi,1467.0,5725.0,3.9,,,,,,,,,,,,,
Tamil Nadu,16. Nagapattinam,2021,Moong(Green Gram),Rabi,24145.0,2344.0,0.1,,,,,,,,,,,,,
Tamil Nadu,16. Nagapattinam,2021,Ragi,Rabi,1.0,3.0,3.0,,,,,,,,,,,,,
Tamil Nadu,16. Nagapattinam,2021,Rice,Autumn,13215.0,53013.0,4.01,,,,,,,,,,,,,
Tamil Nadu,16. Nagapattinam,2021,Rice,Winter,64683.0,180059.0,2.78,,,,,,,,,,,,,
Tamil Nadu,16. Nagapattinam,2021,Sesamum,Kharif,17.0,12.0,0.71,,,,,,,,,,,,,
Tamil Nadu,16. Nagapattinam,2021,Sesamum,Rabi,2187.0,1224.0,0.56,,,,,,,,,,,,,
Tamil Nadu,16. Nagapattinam,2021,Urad,Kharif,62.0,55.0,0.89,,,,,,,,,,,,,
Tamil Nadu,16. Nagapattinam,2021,Urad,Rabi,3152.0,300.0,0.1,,,,,,,,,,,,,
Tamil Nadu,16. Nagapattinam,2022,Bajra,Kharif,4.0,11.0,2.75,,,,,,,,,,,,,
Tamil Nadu,16. Nagapattinam,2022,Cotton(lint),Kharif,1.0,2.0,2.0,,,,,,,,,,,,,
Tamil Nadu,16. Nagapattinam,2022,Cotton(lint),Rabi,2027.0,2304.0,1.14,,,,,,,,,,,,,
Tamil Nadu,16. Nagapattinam,2022,Groundnut,Rabi,1481.0,5171.0,3.49,,,,,,,,,,,,,
Tamil Nadu,16. Nagapattinam,2022,Moong(Green Gram),Kharif,2.0,1.0,0.5,,,,,,,,,,,,,
Tamil Nadu,16. Nagapattinam,2022,Moong(Green Gram),Rabi,26276.0,4489.0,0.17,,,,,,,,,,,,,
Tamil Nadu,16. Nagapattinam,2022,Ragi,Kharif,2.0,6.0,3.0,,,,,,,,,,,,,
Tamil Nadu,16. Nagapattinam,2022,Rice,Autumn,18261.0,65305.0,3.58,,,,,,,,,,,,,
Tamil Nadu,16. Nagapattinam,2022,Rice,Winter,65157.0,204099.0,3.13,,,,,,,,,,,,,
Tamil Nadu,16. Nagapattinam,2022,Sesamum,Rabi,4377.0,2353.0,0.54,,,,,,,,,,,,,
Tamil Nadu,16. Nagapattinam,2022,Urad,Rabi,2850.0,173.0,0.06,,,,,,,,,,,,,
Tamil Nadu,17. Namakkal,2015,Bajra,Kharif,36.0,97.0,2.69,,,,,,,,,,,,,
Tamil Nadu,17. Namakkal,2015,Bajra,Rabi,21.0,51.0,2.43,,,,,,,,,,,,,
Tamil Nadu,17. Namakkal,2015,Castor seed,Kharif,1433.0,423.0,0.3,,,,,,,,,,,,,
Tamil Nadu,17. Namakkal,2015,Cotton(lint),Kharif,1365.0,2907.0,2.13,,,,,,,,,,,,,
Tamil Nadu,17. Namakkal,2015,Cotton(lint),Rabi,797.0,1458.0,1.83,,,,,,,,,,,,,
Tamil Nadu,17. Namakkal,2015,Groundnut,Kharif,28063.0,47090.0,1.68,,,,,,,,,,,,,
Tamil Nadu,17. Namakkal,2015,Groundnut,Rabi,3365.0,8369.0,2.49,,,,,,,,,,,,,
Tamil Nadu,17. Namakkal,2015,Horse-gram,Kharif,893.0,526.0,0.59,,,,,,,,,,,,,
Tamil Nadu,17. Namakkal,2015,Horse-gram,Rabi,473.0,277.0,0.59,,,,,,,,,,,,,
Tamil Nadu,17. Namakkal,2015,Jowar,Kharif,42719.0,26229.0,0.61,,,,,,,,,,,,,
Tamil Nadu,17. Namakkal,2015,Jowar,Rabi,24454.0,22424.0,0.92,,,,,,,,,,,,,
Tamil Nadu,17. Namakkal,2015,Maize,Kharif,3954.0,39726.0,10.05,,,,,,,,,,,,,
Tamil Nadu,17. Namakkal,2015,Maize,Rabi,5428.0,44922.0,8.28,,,,,,,,,,,,,
Tamil Nadu,17. Namakkal,2015,Masoor,Kharif,1016.0,944.0,0.93,,,,,,,,,,,,,
Tamil Nadu,17. Namakkal,2015,Moong(Green Gram),Kharif,6960.0,5018.0,0.72,,,,,,,,,,,,,
Tamil Nadu,17. Namakkal,2015,Moong(Green Gram),Rabi,2077.0,1086.0,0.52,,,,,,,,,,,,,
Tamil Nadu,17. Namakkal,2015,Onion,Kharif,1124.0,12487.0,11.11,,,,,,,,,,,,,
Tamil Nadu,17. Namakkal,2015,Onion,Rabi,1488.0,13035.0,8.76,,,,,,,,,,,,,
Tamil Nadu,17. Namakkal,2015,Other Kharif pulses,Kharif,1730.0,1012.0,0.58,,,,,,,,,,,,,
Tamil Nadu,17. Namakkal,2015,Ragi,Kharif,378.0,1126.0,2.98,,,,,,,,,,,,,
Tamil Nadu,17. Namakkal,2015,Ragi,Rabi,97.0,351.0,3.62,,,,,,,,,,,,,
Tamil Nadu,17. Namakkal,2015,Rice,Kharif,11983.0,60391.0,5.04,,,,,,,,,,,,,
Tamil Nadu,17. Namakkal,2015,Sesamum,Kharif,237.0,158.0,0.67,,,,,,,,,,,,,
Tamil Nadu,17. Namakkal,2015,Sesamum,Rabi,935.0,578.0,0.62,,,,,,,,,,,,,
Tamil Nadu,17. Namakkal,2015,Small millets,Kharif,220.0,297.0,1.35,,,,,,,,,,,,,
Tamil Nadu,17. Namakkal,2015,Small millets,Rabi,64.0,88.0,1.38,,,,,,,,,,,,,
Tamil Nadu,17. Namakkal,2015,Sunflower,Kharif,22.0,31.0,1.41,,,,,,,,,,,,,
Tamil Nadu,17. Namakkal,2015,Sunflower,Rabi,6.0,6.0,1.0,,,,,,,,,,,,,
Tamil Nadu,17. Namakkal,2015,Urad,Kharif,1433.0,992.0,0.69,,,,,,,,,,,,,
Tamil Nadu,17. Namakkal,2015,Urad,Rabi,1378.0,966.0,0.7,,,,,,,,,,,,,
Tamil Nadu,17. Namakkal,2015,Gram,Rabi,68.0,38.0,0.56,,,,,,,,,,,,,
Tamil Nadu,17. Namakkal,2016,Bajra,Kharif,53.0,156.0,2.94,,,,,,,,,,,,,
Tamil Nadu,17. Namakkal,2016,Bajra,Rabi,1.0,1.0,1.0,,,,,,,,,,,,,
Tamil Nadu,17. Namakkal,2016,Castor seed,Kharif,1707.0,500.0,0.29,,,,,,,,,,,,,
Tamil Nadu,17. Namakkal,2016,Cotton(lint),Kharif,1853.0,2395.0,1.29,,,,,,,,,,,,,
Tamil Nadu,17. Namakkal,2016,Cotton(lint),Rabi,642.0,949.0,1.48,,,,,,,,,,,,,
Tamil Nadu,17. Namakkal,2016,Groundnut,Kharif,26091.0,16206.0,0.62,,,,,,,,,,,,,
Tamil Nadu,17. Namakkal,2016,Groundnut,Rabi,1314.0,1156.0,0.88,,,,,,,,,,,,,
Tamil Nadu,17. Namakkal,2016,Horse-gram,Kharif,142.0,45.0,0.32,,,,,,,,,,,,,
Tamil Nadu,17. Namakkal,2016,Horse-gram,Rabi,214.0,69.0,0.32,,,,,,,,,,,,,
Tamil Nadu,17. Namakkal,2016,Jowar,Kharif,32074.0,19586.0,0.61,,,,,,,,,,,,,
Tamil Nadu,17. Namakkal,2016,Jowar,Rabi,15431.0,1857.0,0.12,,,,,,,,,,,,,
Tamil Nadu,17. Namakkal,2016,Maize,Kharif,4066.0,32763.0,8.06,,,,,,,,,,,,,
Tamil Nadu,17. Namakkal,2016,Maize,Rabi,1832.0,6763.0,3.69,,,,,,,,,,,,,
Tamil Nadu,17. Namakkal,2016,Moong(Green Gram),Kharif,5960.0,4970.0,0.83,,,,,,,,,,,,,
Tamil Nadu,17. Namakkal,2016,Moong(Green Gram),Rabi,1064.0,255.0,0.24,,,,,,,,,,,,,
Tamil Nadu,17. Namakkal,2016,Onion,Kharif,1328.0,14548.0,10.95,,,,,,,,,,,,,
Tamil Nadu,17. Namakkal,2016,Onion,Rabi,1471.0,7597.0,5.16,,,,,,,,,,,,,
Tamil Nadu,17. Namakkal,2016,Ragi,Kharif,499.0,821.0,1.65,,,,,,,,,,,,,
Tamil Nadu,17. Namakkal,2016,Ragi,Rabi,14.0,44.0,3.14,,,,,,,,,,,,,
Tamil Nadu,17. Namakkal,2016,Rice,Kharif,2188.0,7133.0,3.26,,,,,,,,,,,,,
Tamil Nadu,17. Namakkal,2016,Sesamum,Kharif,207.0,82.0,0.4,,,,,,,,,,,,,
Tamil Nadu,17. Namakkal,2016,Sesamum,Rabi,87.0,33.0,0.38,,,,,,,,,,,,,
Tamil Nadu,17. Namakkal,2016,Small millets,Kharif,115.0,122.0,1.06,,,,,,,,,,,,,
Tamil Nadu,17. Namakkal,2016,Small millets,Rabi,81.0,85.0,1.05,,,,,,,,,,,,,
Tamil Nadu,17. Namakkal,2016,Sunflower,Kharif,62.0,53.0,0.85,,,,,,,,,,,,,
Tamil Nadu,17. Namakkal,2016,Urad,Kharif,914.0,374.0,0.41,,,,,,,,,,,,,
Tamil Nadu,17. Namakkal,2016,Urad,Rabi,497.0,179.0,0.36,,,,,,,,,,,,,
Tamil Nadu,17. Namakkal,2016,Arhar/Tur,Kharif,1180.0,231.0,0.2,,,,,,,,,,,,,
Tamil Nadu,17. Namakkal,2017,Bajra,Kharif,229.0,540.0,2.36,,,,,,,,,,,,,
Tamil Nadu,17. Namakkal,2017,Bajra,Rabi,1.0,2.0,2.0,,,,,,,,,,,,,
Tamil Nadu,17. Namakkal,2017,Castor seed,Kharif,1254.0,372.44,0.3,,,,,,,,,,,,,
Tamil Nadu,17. Namakkal,2017,Cotton(lint),Kharif,1745.0,5.0,0.0,,,,,,,,,,,,,
Tamil Nadu,17. Namakkal,2017,Cotton(lint),Rabi,481.0,1.0,0.0,,,,,,,,,,,,,
Tamil Nadu,17. Namakkal,2017,Groundnut,Kharif,22715.0,48474.0,2.13,,,,,,,,,,,,,
Tamil Nadu,17. Namakkal,2017,Groundnut,Rabi,4735.0,17089.0,3.61,,,,,,,,,,,,,
Tamil Nadu,17. Namakkal,2017,Horse-gram,Kharif,253.0,187.0,0.74,,,,,,,,,,,,,
Tamil Nadu,17. Namakkal,2017,Horse-gram,Rabi,1044.0,825.0,0.79,,,,,,,,,,,,,
Tamil Nadu,17. Namakkal,2017,Jowar,Kharif,55110.0,25847.0,0.47,,,,,,,,,,,,,
Tamil Nadu,17. Namakkal,2017,Jowar,Rabi,25198.0,14741.0,0.59,,,,,,,,,,,,,
Tamil Nadu,17. Namakkal,2017,Maize,Kharif,2039.0,14318.0,7.02,,,,,,,,,,,,,
Tamil Nadu,17. Namakkal,2017,Maize,Rabi,5451.0,48994.0,8.99,,,,,,,,,,,,,
Tamil Nadu,17. Namakkal,2017,Moong(Green Gram),Kharif,5932.0,890.0,0.15,,,,,,,,,,,,,
Tamil Nadu,17. Namakkal,2017,Moong(Green Gram),Rabi,649.0,259.0,0.4,,,,,,,,,,,,,
Tamil Nadu,17. Namakkal,2017,Onion,Kharif,514.0,5144.0,10.01,,,,,,,,,,,,,
Tamil Nadu,17. Namakkal,2017,Onion,Rabi,2117.0,30884.0,14.59,,,,,,,,,,,,,
Tamil Nadu,17. Namakkal,2017,Other Kharif pulses,Kharif,855.0,565.0,0.66,,,,,,,,,,,,,
Tamil Nadu,17. Namakkal,2017,Ragi,Kharif,408.0,1397.0,3.42,,,,,,,,,,,,,
Tamil Nadu,17. Namakkal,2017,Ragi,Rabi,130.0,580.0,4.46,,,,,,,,,,,,,
Tamil Nadu,17. Namakkal,2017,Rice,Autumn,622.0,2397.0,3.85,,,,,,,,,,,,,
Tamil Nadu,17. Namakkal,2017,Rice,Winter,6161.0,35685.0,5.79,,,,,,,,,,,,,
Tamil Nadu,17. Namakkal,2017,Sesamum,Kharif,203.0,87.0,0.43,,,,,,,,,,,,,
Tamil Nadu,17. Namakkal,2017,Sesamum,Rabi,944.0,1258.0,1.33,,,,,,,,,,,,,
Tamil Nadu,17. Namakkal,2017,Small millets,Kharif,304.0,353.0,1.16,,,,,,,,,,,,,
Tamil Nadu,17. Namakkal,2017,Small millets,Rabi,333.0,367.0,1.1,,,,,,,,,,,,,
Tamil Nadu,17. Namakkal,2017,Urad,Kharif,1217.0,1109.0,0.91,,,,,,,,,,,,,
Tamil Nadu,17. Namakkal,2017,Urad,Rabi,2060.0,1391.0,0.68,,,,,,,,,,,,,
Tamil Nadu,17. Namakkal,2017,Arhar/Tur,Kharif,584.0,409.0,0.7,,,,,,,,,,,,,
Tamil Nadu,17. Namakkal,2017,Other Cereals,Kharif,2.0,,0.0,,,,,,,,,,,,,
Tamil Nadu,17. Namakkal,2017,Cowpea(Lobia),Kharif,314.0,226.0,0.72,,,,,,,,,,,,,
Tamil Nadu,17. Namakkal,2017,Cowpea(Lobia),Rabi,359.0,234.0,0.65,,,,,,,,,,,,,
Tamil Nadu,17. Namakkal,2017,Other Rabi pulses,Rabi,1011.0,668.0,0.66,,,,,,,,,,,,,
Tamil Nadu,17. Namakkal,2017,Gram,Rabi,240.0,222.0,0.93,,,,,,,,,,,,,
Tamil Nadu,17. Namakkal,2018,Bajra,Kharif,166.0,468.0,2.82,,,,,,,,,,,,,
Tamil Nadu,17. Namakkal,2018,Bajra,Rabi,2.0,4.0,2.0,,,,,,,,,,,,,
Tamil Nadu,17. Namakkal,2018,Castor seed,Kharif,1327.0,386.0,0.29,,,,,,,,,,,,,
Tamil Nadu,17. Namakkal,2018,Cotton(lint),Kharif,2107.0,4807.0,2.28,,,,,,,,,,,,,
Tamil Nadu,17. Namakkal,2018,Cotton(lint),Rabi,322.0,836.0,2.6,,,,,,,,,,,,,
Tamil Nadu,17. Namakkal,2018,Groundnut,Kharif,29736.0,42087.0,1.42,,,,,,,,,,,,,
Tamil Nadu,17. Namakkal,2018,Groundnut,Rabi,2372.0,5109.0,2.15,,,,,,,,,,,,,
Tamil Nadu,17. Namakkal,2018,Horse-gram,Kharif,117.0,82.0,0.7,,,,,,,,,,,,,
Tamil Nadu,17. Namakkal,2018,Horse-gram,Rabi,1076.0,743.0,0.69,,,,,,,,,,,,,
Tamil Nadu,17. Namakkal,2018,Jowar,Kharif,53404.0,28669.0,0.54,,,,,,,,,,,,,
Tamil Nadu,17. Namakkal,2018,Jowar,Rabi,22841.0,11248.0,0.49,,,,,,,,,,,,,
Tamil Nadu,17. Namakkal,2018,Maize,Kharif,6358.0,48313.0,7.6,,,,,,,,,,,,,
Tamil Nadu,17. Namakkal,2018,Maize,Rabi,2799.0,19587.0,7.0,,,,,,,,,,,,,
Tamil Nadu,17. Namakkal,2018,Moong(Green Gram),Kharif,5845.0,2531.0,0.43,,,,,,,,,,,,,
Tamil Nadu,17. Namakkal,2018,Moong(Green Gram),Rabi,568.0,233.0,0.41,,,,,,,,,,,,,
Tamil Nadu,17. Namakkal,2018,Onion,Kharif,1595.0,9434.0,5.91,,,,,,,,,,,,,
Tamil Nadu,17. Namakkal,2018,Onion,Rabi,1863.0,14806.0,7.95,,,,,,,,,,,,,
Tamil Nadu,17. Namakkal,2018,Other Kharif pulses,Kharif,1353.0,1062.0,0.78,,,,,,,,,,,,,
Tamil Nadu,17. Namakkal,2018,Ragi,Kharif,446.0,1403.0,3.15,,,,,,,,,,,,,
Tamil Nadu,17. Namakkal,2018,Ragi,Rabi,40.0,142.0,3.55,,,,,,,,,,,,,
Tamil Nadu,17. Namakkal,2018,Rice,Autumn,4515.0,14793.0,3.28,,,,,,,,,,,,,
Tamil Nadu,17. Namakkal,2018,Rice,Winter,2899.0,13027.0,4.49,,,,,,,,,,,,,
Tamil Nadu,17. Namakkal,2018,Sesamum,Kharif,69.0,33.0,0.48,,,,,,,,,,,,,
Tamil Nadu,17. Namakkal,2018,Sesamum,Rabi,395.0,224.0,0.57,,,,,,,,,,,,,
Tamil Nadu,17. Namakkal,2018,Small millets,Kharif,319.0,432.0,1.35,,,,,,,,,,,,,
Tamil Nadu,17. Namakkal,2018,Small millets,Rabi,137.0,228.0,1.66,,,,,,,,,,,,,
Tamil Nadu,17. Namakkal,2018,Urad,Kharif,738.0,561.0,0.76,,,,,,,,,,,,,
Tamil Nadu,17. Namakkal,2018,Urad,Rabi,1675.0,1016.0,0.61,,,,,,,,,,,,,
Tamil Nadu,17. Namakkal,2018,Arhar/Tur,Kharif,661.0,394.0,0.6,,,,,,,,,,,,,
Tamil Nadu,17. Namakkal,2018,Other Cereals,Kharif,12.0,16.0,1.33,,,,,,,,,,,,,
Tamil Nadu,17. Namakkal,2018,Cowpea(Lobia),Kharif,370.0,292.0,0.79,,,,,,,,,,,,,
Tamil Nadu,17. Namakkal,2018,Cowpea(Lobia),Rabi,296.0,252.0,0.85,,,,,,,,,,,,,
Tamil Nadu,17. Namakkal,2018,Other Rabi pulses,Rabi,847.0,665.0,0.79,,,,,,,,,,,,,
Tamil Nadu,17. Namakkal,2018,Gram,Rabi,309.0,286.0,0.93,,,,,,,,,,,,,
Tamil Nadu,17. Namakkal,2019,Bajra,Kharif,54.0,150.0,2.78,,,,,,,,,,,,,
Tamil Nadu,17. Namakkal,2019,Bajra,Rabi,8.0,21.0,2.63,,,,,,,,,,,,,
Tamil Nadu,17. Namakkal,2019,Castor seed,Kharif,1416.0,416.0,0.29,,,,,,,,,,,,,
Tamil Nadu,17. Namakkal,2019,Cotton(lint),Kharif,2144.0,3230.0,1.51,,,,,,,,,,,,,
Tamil Nadu,17. Namakkal,2019,Cotton(lint),Rabi,989.0,2484.0,2.51,,,,,,,,,,,,,
Tamil Nadu,17. Namakkal,2019,Groundnut,Kharif,27547.0,57959.0,2.1,,,,,,,,,,,,,
Tamil Nadu,17. Namakkal,2019,Groundnut,Rabi,3771.0,12635.0,3.35,,,,,,,,,,,,,
Tamil Nadu,17. Namakkal,2019,Horse-gram,Kharif,127.0,97.0,0.76,,,,,,,,,,,,,
Tamil Nadu,17. Namakkal,2019,Horse-gram,Rabi,925.0,720.0,0.78,,,,,,,,,,,,,
Tamil Nadu,17. Namakkal,2019,Jowar,Kharif,47948.0,21492.0,0.45,,,,,,,,,,,,,
Tamil Nadu,17. Namakkal,2019,Jowar,Rabi,31192.0,15310.0,0.49,,,,,,,,,,,,,
Tamil Nadu,17. Namakkal,2019,Maize,Kharif,1536.0,13726.0,8.94,,,,,,,,,,,,,
Tamil Nadu,17. Namakkal,2019,Maize,Rabi,2334.0,17092.0,7.32,,,,,,,,,,,,,
Tamil Nadu,17. Namakkal,2019,Moong(Green Gram),Kharif,5966.0,2755.0,0.46,,,,,,,,,,,,,
Tamil Nadu,17. Namakkal,2019,Moong(Green Gram),Rabi,551.0,234.0,0.42,,,,,,,,,,,,,
Tamil Nadu,17. Namakkal,2019,Onion,Kharif,1242.0,6639.0,5.35,,,,,,,,,,,,,
Tamil Nadu,17. Namakkal,2019,Onion,Rabi,2568.0,19907.0,7.75,,,,,,,,,,,,,
Tamil Nadu,17. Namakkal,2019,Other Kharif pulses,Kharif,1295.0,773.0,0.6,,,,,,,,,,,,,
Tamil Nadu,17. Namakkal,2019,Ragi,Kharif,324.0,970.0,2.99,,,,,,,,,,,,,
Tamil Nadu,17. Namakkal,2019,Ragi,Rabi,35.0,141.0,4.03,,,,,,,,,,,,,
Tamil Nadu,17. Namakkal,2019,Rice,Autumn,608.0,2495.0,4.1,,,,,,,,,,,,,
Tamil Nadu,17. Namakkal,2019,Rice,Winter,9103.0,41616.0,4.57,,,,,,,,,,,,,
Tamil Nadu,17. Namakkal,2019,Sesamum,Kharif,146.0,81.0,0.55,,,,,,,,,,,,,
Tamil Nadu,17. Namakkal,2019,Sesamum,Rabi,786.0,642.0,0.82,,,,,,,,,,,,,
Tamil Nadu,17. Namakkal,2019,Small millets,Kharif,443.0,545.0,1.23,,,,,,,,,,,,,
Tamil Nadu,17. Namakkal,2019,Urad,Kharif,689.0,579.0,0.84,,,,,,,,,,,,,
Tamil Nadu,17. Namakkal,2019,Urad,Rabi,1790.0,1389.0,0.78,,,,,,,,,,,,,
Tamil Nadu,17. Namakkal,2019,Arhar/Tur,Kharif,381.0,488.0,1.28,,,,,,,,,,,,,
Tamil Nadu,17. Namakkal,2019,Arhar/Tur,Rabi,70.0,85.0,1.21,,,,,,,,,,,,,
Tamil Nadu,17. Namakkal,2019,Other Cereals,Kharif,7.0,10.0,1.43,,,,,,,,,,,,,
Tamil Nadu,17. Namakkal,2019,Cowpea(Lobia),Kharif,351.0,275.0,0.78,,,,,,,,,,,,,
Tamil Nadu,17. Namakkal,2019,Cowpea(Lobia),Rabi,400.0,281.0,0.7,,,,,,,,,,,,,
Tamil Nadu,17. Namakkal,2019,Other Rabi pulses,Rabi,861.0,431.0,0.5,,,,,,,,,,,,,
Tamil Nadu,17. Namakkal,2019,Gram,Rabi,90.0,83.0,0.92,,,,,,,,,,,,,
Tamil Nadu,17. Namakkal,2020,Bajra,Kharif,114.0,300.0,2.63,,,,,,,,,,,,,
Tamil Nadu,17. Namakkal,2020,Bajra,Rabi,4.0,6.0,1.5,,,,,,,,,,,,,
Tamil Nadu,17. Namakkal,2020,Castor seed,Kharif,1704.0,532.0,0.31,,,,,,,,,,,,,
Tamil Nadu,17. Namakkal,2020,Cotton(lint),Kharif,1463.0,3159.0,2.16,,,,,,,,,,,,,
Tamil Nadu,17. Namakkal,2020,Cotton(lint),Rabi,389.0,939.0,2.41,,,,,,,,,,,,,
Tamil Nadu,17. Namakkal,2020,Groundnut,Kharif,30181.0,43917.0,1.46,,,,,,,,,,,,,
Tamil Nadu,17. Namakkal,2020,Groundnut,Rabi,3358.0,9871.0,2.94,,,,,,,,,,,,,
Tamil Nadu,17. Namakkal,2020,Horse-gram,Kharif,216.0,157.0,0.73,,,,,,,,,,,,,
Tamil Nadu,17. Namakkal,2020,Horse-gram,Rabi,1221.0,914.0,0.75,,,,,,,,,,,,,
Tamil Nadu,17. Namakkal,2020,Jowar,Kharif,44713.0,22441.0,0.5,,,,,,,,,,,,,
Tamil Nadu,17. Namakkal,2020,Jowar,Rabi,38001.0,31000.0,0.82,,,,,,,,,,,,,
Tamil Nadu,17. Namakkal,2020,Maize,Kharif,3603.0,26219.0,7.28,,,,,,,,,,,,,
Tamil Nadu,17. Namakkal,2020,Maize,Rabi,2323.0,17687.0,7.61,,,,,,,,,,,,,
Tamil Nadu,17. Namakkal,2020,Moong(Green Gram),Kharif,5277.0,4571.0,0.87,,,,,,,,,,,,,
Tamil Nadu,17. Namakkal,2020,Moong(Green Gram),Rabi,1049.0,295.0,0.28,,,,,,,,,,,,,
Tamil Nadu,17. Namakkal,2020,Onion,Kharif,1818.0,18895.0,10.39,,,,,,,,,,,,,
Tamil Nadu,17. Namakkal,2020,Onion,Rabi,3876.0,37185.0,9.59,,,,,,,,,,,,,
Tamil Nadu,17. Namakkal,2020,Other Kharif pulses,Kharif,1157.0,605.0,0.52,,,,,,,,,,,,,
Tamil Nadu,17. Namakkal,2020,Ragi,Kharif,328.0,1064.0,3.24,,,,,,,,,,,,,
Tamil Nadu,17. Namakkal,2020,Ragi,Rabi,137.0,569.0,4.15,,,,,,,,,,,,,
Tamil Nadu,17. Namakkal,2020,Rice,Autumn,817.0,3561.0,4.36,,,,,,,,,,,,,
Tamil Nadu,17. Namakkal,2020,Rice,Winter,8198.0,29346.0,3.58,,,,,,,,,,,,,
Tamil Nadu,17. Namakkal,2020,Sesamum,Kharif,187.0,112.0,0.6,,,,,,,,,,,,,
Tamil Nadu,17. Namakkal,2020,Sesamum,Rabi,1017.0,882.0,0.87,,,,,,,,,,,,,
Tamil Nadu,17. Namakkal,2020,Small millets,Kharif,406.0,372.0,0.92,,,,,,,,,,,,,
Tamil Nadu,17. Namakkal,2020,Small millets,Rabi,142.0,189.0,1.33,,,,,,,,,,,,,
Tamil Nadu,17. Namakkal,2020,Sunflower,Kharif,2.0,3.0,1.5,,,,,,,,,,,,,
Tamil Nadu,17. Namakkal,2020,Urad,Kharif,656.0,585.0,0.89,,,,,,,,,,,,,
Tamil Nadu,17. Namakkal,2020,Urad,Rabi,1820.0,941.0,0.52,,,,,,,,,,,,,
Tamil Nadu,17. Namakkal,2020,Arhar/Tur,Kharif,398.0,420.0,1.06,,,,,,,,,,,,,
Tamil Nadu,17. Namakkal,2020,Arhar/Tur,Rabi,58.0,58.0,1.0,,,,,,,,,,,,,
Tamil Nadu,17. Namakkal,2020,Cowpea(Lobia),Kharif,432.0,364.0,0.84,,,,,,,,,,,,,
Tamil Nadu,17. Namakkal,2020,Cowpea(Lobia),Rabi,355.0,237.0,0.67,,,,,,,,,,,,,
Tamil Nadu,17. Namakkal,2020,Other Rabi pulses,Rabi,915.0,460.0,0.5,,,,,,,,,,,,,
Tamil Nadu,17. Namakkal,2020,Gram,Rabi,185.0,171.0,0.92,,,,,,,,,,,,,
Tamil Nadu,17. Namakkal,2021,Bajra,Kharif,106.0,266.0,2.51,,,,,,,,,,,,,
Tamil Nadu,17. Namakkal,2021,Bajra,Rabi,1.0,2.0,2.0,,,,,,,,,,,,,
Tamil Nadu,17. Namakkal,2021,Castor seed,Kharif,1782.0,530.0,0.3,,,,,,,,,,,,,
Tamil Nadu,17. Namakkal,2021,Cotton(lint),Kharif,1969.0,3758.0,1.91,,,,,,,,,,,,,
Tamil Nadu,17. Namakkal,2021,Cotton(lint),Rabi,703.0,1670.0,2.38,,,,,,,,,,,,,
Tamil Nadu,17. Namakkal,2021,Groundnut,Kharif,29256.0,60151.0,2.06,,,,,,,,,,,,,
Tamil Nadu,17. Namakkal,2021,Groundnut,Rabi,3400.0,11357.0,3.34,,,,,,,,,,,,,
Tamil Nadu,17. Namakkal,2021,Horse-gram,Kharif,158.0,106.0,0.67,,,,,,,,,,,,,
Tamil Nadu,17. Namakkal,2021,Horse-gram,Rabi,1105.0,756.0,0.68,,,,,,,,,,,,,
Tamil Nadu,17. Namakkal,2021,Jowar,Kharif,41007.0,23380.0,0.57,,,,,,,,,,,,,
Tamil Nadu,17. Namakkal,2021,Jowar,Rabi,35466.0,19347.0,0.55,,,,,,,,,,,,,
Tamil Nadu,17. Namakkal,2021,Maize,Kharif,3062.0,24653.0,8.05,,,,,,,,,,,,,
Tamil Nadu,17. Namakkal,2021,Maize,Rabi,1833.0,8533.0,4.66,,,,,,,,,,,,,
Tamil Nadu,17. Namakkal,2021,Moong(Green Gram),Kharif,3289.0,2331.0,0.71,,,,,,,,,,,,,
Tamil Nadu,17. Namakkal,2021,Moong(Green Gram),Rabi,624.0,203.0,0.33,,,,,,,,,,,,,
Tamil Nadu,17. Namakkal,2021,Onion,Kharif,2126.0,13852.0,6.52,,,,,,,,,,,,,
Tamil Nadu,17. Namakkal,2021,Onion,Rabi,3194.0,34638.0,10.84,,,,,,,,,,,,,
Tamil Nadu,17. Namakkal,2021,Other Kharif pulses,Kharif,1138.0,600.0,0.53,,,,,,,,,,,,,
Tamil Nadu,17. Namakkal,2021,Other Kharif pulses,Rabi,893.0,449.0,0.5,,,,,,,,,,,,,
Tamil Nadu,17. Namakkal,2021,Ragi,Kharif,320.0,900.0,2.81,,,,,,,,,,,,,
Tamil Nadu,17. Namakkal,2021,Ragi,Rabi,36.0,146.0,4.06,,,,,,,,,,,,,
Tamil Nadu,17. Namakkal,2021,Rice,Autumn,871.0,3557.0,4.08,,,,,,,,,,,,,
Tamil Nadu,17. Namakkal,2021,Rice,Winter,9013.0,44873.0,4.98,,,,,,,,,,,,,
Tamil Nadu,17. Namakkal,2021,Sesamum,Kharif,135.0,92.0,0.68,,,,,,,,,,,,,
Tamil Nadu,17. Namakkal,2021,Sesamum,Rabi,615.0,606.0,0.99,,,,,,,,,,,,,
Tamil Nadu,17. Namakkal,2021,Small millets,Kharif,296.0,265.0,0.9,,,,,,,,,,,,,
Tamil Nadu,17. Namakkal,2021,Small millets,Rabi,122.0,159.0,1.3,,,,,,,,,,,,,
Tamil Nadu,17. Namakkal,2021,Sunflower,Kharif,1.0,2.0,2.0,,,,,,,,,,,,,
Tamil Nadu,17. Namakkal,2021,Urad,Kharif,765.0,674.0,0.88,,,,,,,,,,,,,
Tamil Nadu,17. Namakkal,2021,Urad,Rabi,2320.0,1471.0,0.63,,,,,,,,,,,,,
Tamil Nadu,17. Namakkal,2021,Arhar/Tur,Kharif,653.0,611.0,0.94,,,,,,,,,,,,,
Tamil Nadu,17. Namakkal,2021,Arhar/Tur,Rabi,65.0,59.0,0.91,,,,,,,,,,,,,
Tamil Nadu,17. Namakkal,2021,Cowpea(Lobia),Kharif,436.0,343.0,0.79,,,,,,,,,,,,,
Tamil Nadu,17. Namakkal,2021,Cowpea(Lobia),Rabi,364.0,225.0,0.62,,,,,,,,,,,,,
Tamil Nadu,17. Namakkal,2021,Gram,Rabi,155.0,144.0,0.93,,,,,,,,,,,,,
Tamil Nadu,17. Namakkal,2022,Bajra,Kharif,69.0,186.0,2.7,,,,,,,,,,,,,
Tamil Nadu,17. Namakkal,2022,Bajra,Rabi,48.0,97.0,2.02,,,,,,,,,,,,,
Tamil Nadu,17. Namakkal,2022,Castor seed,Kharif,1735.0,541.0,0.31,,,,,,,,,,,,,
Tamil Nadu,17. Namakkal,2022,Cotton(lint),Kharif,2999.0,4532.0,1.51,,,,,,,,,,,,,
Tamil Nadu,17. Namakkal,2022,Cotton(lint),Rabi,1404.0,2512.0,1.79,,,,,,,,,,,,,
Tamil Nadu,17. Namakkal,2022,Groundnut,Kharif,26211.0,50945.0,1.94,,,,,,,,,,,,,
Tamil Nadu,17. Namakkal,2022,Groundnut,Rabi,4511.0,13253.0,2.94,,,,,,,,,,,,,
Tamil Nadu,17. Namakkal,2022,Horse-gram,Kharif,90.0,69.0,0.77,,,,,,,,,,,,,
Tamil Nadu,17. Namakkal,2022,Horse-gram,Rabi,1091.0,842.0,0.77,,,,,,,,,,,,,
Tamil Nadu,17. Namakkal,2022,Jowar,Kharif,34614.0,15300.0,0.44,,,,,,,,,,,,,
Tamil Nadu,17. Namakkal,2022,Jowar,Rabi,34865.0,17549.0,0.5,,,,,,,,,,,,,
Tamil Nadu,17. Namakkal,2022,Maize,Kharif,5154.0,40183.0,7.8,,,,,,,,,,,,,
Tamil Nadu,17. Namakkal,2022,Maize,Rabi,4754.0,29804.0,6.27,,,,,,,,,,,,,
Tamil Nadu,17. Namakkal,2022,Moong(Green Gram),Kharif,2895.0,2525.0,0.87,,,,,,,,,,,,,
Tamil Nadu,17. Namakkal,2022,Moong(Green Gram),Rabi,686.0,210.0,0.31,,,,,,,,,,,,,
Tamil Nadu,17. Namakkal,2022,Onion,Kharif,1705.0,11165.0,6.55,,,,,,,,,,,,,
Tamil Nadu,17. Namakkal,2022,Onion,Rabi,2927.0,35742.0,12.21,,,,,,,,,,,,,
Tamil Nadu,17. Namakkal,2022,Other Kharif pulses,Kharif,1406.0,747.0,0.53,,,,,,,,,,,,,
Tamil Nadu,17. Namakkal,2022,Ragi,Kharif,320.0,846.0,2.64,,,,,,,,,,,,,
Tamil Nadu,17. Namakkal,2022,Ragi,Rabi,79.0,329.0,4.16,,,,,,,,,,,,,
Tamil Nadu,17. Namakkal,2022,Rice,Autumn,812.0,3123.0,3.85,,,,,,,,,,,,,
Tamil Nadu,17. Namakkal,2022,Rice,Winter,8752.0,47032.0,5.37,,,,,,,,,,,,,
Tamil Nadu,17. Namakkal,2022,Sesamum,Kharif,46.0,21.0,0.46,,,,,,,,,,,,,
Tamil Nadu,17. Namakkal,2022,Sesamum,Rabi,588.0,497.0,0.85,,,,,,,,,,,,,
Tamil Nadu,17. Namakkal,2022,Small millets,Kharif,256.0,238.0,0.93,,,,,,,,,,,,,
Tamil Nadu,17. Namakkal,2022,Small millets,Rabi,169.0,181.0,1.07,,,,,,,,,,,,,
Tamil Nadu,17. Namakkal,2022,Sunflower,Kharif,59.0,95.0,1.61,,,,,,,,,,,,,
Tamil Nadu,17. Namakkal,2022,Sunflower,Rabi,20.0,16.0,0.8,,,,,,,,,,,,,
Tamil Nadu,17. Namakkal,2022,Urad,Kharif,818.0,701.0,0.86,,,,,,,,,,,,,
Tamil Nadu,17. Namakkal,2022,Urad,Rabi,2017.0,1321.0,0.65,,,,,,,,,,,,,
Tamil Nadu,17. Namakkal,2022,Arhar/Tur,Kharif,429.0,446.0,1.04,,,,,,,,,,,,,
Tamil Nadu,17. Namakkal,2022,Arhar/Tur,Rabi,65.0,68.0,1.05,,,,,,,,,,,,,
Tamil Nadu,17. Namakkal,2022,Other Cereals,Kharif,86.0,146.0,1.7,,,,,,,,,,,,,
Tamil Nadu,17. Namakkal,2022,Cowpea(Lobia),Kharif,346.0,278.0,0.8,,,,,,,,,,,,,
Tamil Nadu,17. Namakkal,2022,Cowpea(Lobia),Rabi,412.0,194.0,0.47,,,,,,,,,,,,,
Tamil Nadu,17. Namakkal,2022,Other Rabi pulses,Rabi,777.0,396.0,0.51,,,,,,,,,,,,,
Tamil Nadu,17. Namakkal,2022,Gram,Rabi,149.0,138.0,0.93,,,,,,,,,,,,,
Tamil Nadu,18. Perambalur,2015,Bajra,Kharif,35.0,94.0,2.69,,,,,,,,,,,,,
Tamil Nadu,18. Perambalur,2015,Bajra,Rabi,54.0,132.0,2.44,,,,,,,,,,,,,
Tamil Nadu,18. Perambalur,2015,Castor seed,Kharif,134.0,39.0,0.29,,,,,,,,,,,,,
Tamil Nadu,18. Perambalur,2015,Cotton(lint),Kharif,20324.0,36822.0,1.81,,,,,,,,,,,,,
Tamil Nadu,18. Perambalur,2015,Cotton(lint),Rabi,47.0,139.0,2.96,,,,,,,,,,,,,
Tamil Nadu,18. Perambalur,2015,Groundnut,Kharif,930.0,2023.0,2.18,,,,,,,,,,,,,
Tamil Nadu,18. Perambalur,2015,Groundnut,Rabi,1973.0,6215.0,3.15,,,,,,,,,,,,,
Tamil Nadu,18. Perambalur,2015,Horse-gram,Kharif,3.0,2.0,0.67,,,,,,,,,,,,,
Tamil Nadu,18. Perambalur,2015,Jowar,Kharif,938.0,1215.0,1.3,,,,,,,,,,,,,
Tamil Nadu,18. Perambalur,2015,Maize,Kharif,50196.0,297813.0,5.93,,,,,,,,,,,,,
Tamil Nadu,18. Perambalur,2015,Maize,Rabi,4053.0,27735.0,6.84,,,,,,,,,,,,,
Tamil Nadu,18. Perambalur,2015,Masoor,Kharif,793.0,957.0,1.21,,,,,,,,,,,,,
Tamil Nadu,18. Perambalur,2015,Moong(Green Gram),Kharif,4.0,3.0,0.75,,,,,,,,,,,,,
Tamil Nadu,18. Perambalur,2015,Onion,Kharif,3223.0,19776.0,6.14,,,,,,,,,,,,,
Tamil Nadu,18. Perambalur,2015,Onion,Rabi,5673.0,23356.0,4.12,,,,,,,,,,,,,
Tamil Nadu,18. Perambalur,2015,Other Kharif pulses,Kharif,5.0,3.0,0.6,,,,,,,,,,,,,
Tamil Nadu,18. Perambalur,2015,Ragi,Kharif,5.0,15.0,3.0,,,,,,,,,,,,,
Tamil Nadu,18. Perambalur,2015,Ragi,Rabi,1.0,4.0,4.0,,,,,,,,,,,,,
Tamil Nadu,18. Perambalur,2015,Rice,Kharif,14089.0,64208.0,4.56,,,,,,,,,,,,,
Tamil Nadu,18. Perambalur,2015,Sesamum,Kharif,68.0,45.0,0.66,,,,,,,,,,,,,
Tamil Nadu,18. Perambalur,2015,Sesamum,Rabi,466.0,288.0,0.62,,,,,,,,,,,,,
Tamil Nadu,18. Perambalur,2015,Small millets,Kharif,220.0,364.0,1.65,,,,,,,,,,,,,
Tamil Nadu,18. Perambalur,2015,Sunflower,Kharif,10.0,14.0,1.4,,,,,,,,,,,,,
Tamil Nadu,18. Perambalur,2015,Sunflower,Rabi,18.0,17.0,0.94,,,,,,,,,,,,,
Tamil Nadu,18. Perambalur,2015,Urad,Kharif,296.0,205.0,0.69,,,,,,,,,,,,,
Tamil Nadu,18. Perambalur,2015,Urad,Rabi,532.0,373.0,0.7,,,,,,,,,,,,,
Tamil Nadu,18. Perambalur,2016,Bajra,Kharif,87.0,257.0,2.95,,,,,,,,,,,,,
Tamil Nadu,18. Perambalur,2016,Bajra,Rabi,121.0,61.0,0.5,,,,,,,,,,,,,
Tamil Nadu,18. Perambalur,2016,Castor seed,Kharif,114.0,35.0,0.31,,,,,,,,,,,,,
Tamil Nadu,18. Perambalur,2016,Cotton(lint),Kharif,20965.0,18791.0,0.9,,,,,,,,,,,,,
Tamil Nadu,18. Perambalur,2016,Cotton(lint),Rabi,200.0,295.0,1.48,,,,,,,,,,,,,
Tamil Nadu,18. Perambalur,2016,Groundnut,Kharif,751.0,1178.0,1.57,,,,,,,,,,,,,
Tamil Nadu,18. Perambalur,2016,Groundnut,Rabi,456.0,1473.0,3.23,,,,,,,,,,,,,
Tamil Nadu,18. Perambalur,2016,Horse-gram,Kharif,5.0,2.0,0.4,,,,,,,,,,,,,
Tamil Nadu,18. Perambalur,2016,Horse-gram,Rabi,1.0,,0.0,,,,,,,,,,,,,
Tamil Nadu,18. Perambalur,2016,Jowar,Kharif,919.0,763.0,0.83,,,,,,,,,,,,,
Tamil Nadu,18. Perambalur,2016,Jowar,Rabi,12.0,4.0,0.33,,,,,,,,,,,,,
Tamil Nadu,18. Perambalur,2016,Maize,Kharif,43383.0,112468.0,2.59,,,,,,,,,,,,,
Tamil Nadu,18. Perambalur,2016,Maize,Rabi,5154.0,6471.0,1.26,,,,,,,,,,,,,
Tamil Nadu,18. Perambalur,2016,Onion,Kharif,2382.0,20831.0,8.75,,,,,,,,,,,,,
Tamil Nadu,18. Perambalur,2016,Onion,Rabi,6243.0,38657.0,6.19,,,,,,,,,,,,,
Tamil Nadu,18. Perambalur,2016,Ragi,Kharif,3.0,5.0,1.67,,,,,,,,,,,,,
Tamil Nadu,18. Perambalur,2016,Rice,Kharif,3319.0,9439.0,2.84,,,,,,,,,,,,,
Tamil Nadu,18. Perambalur,2016,Sesamum,Kharif,18.0,7.0,0.39,,,,,,,,,,,,,
Tamil Nadu,18. Perambalur,2016,Sesamum,Rabi,87.0,33.0,0.38,,,,,,,,,,,,,
Tamil Nadu,18. Perambalur,2016,Small millets,Kharif,116.0,98.0,0.84,,,,,,,,,,,,,
Tamil Nadu,18. Perambalur,2016,Small millets,Rabi,3.0,2.0,0.67,,,,,,,,,,,,,
Tamil Nadu,18. Perambalur,2016,Sunflower,Kharif,26.0,22.0,0.85,,,,,,,,,,,,,
Tamil Nadu,18. Perambalur,2016,Sunflower,Rabi,14.0,3.0,0.21,,,,,,,,,,,,,
Tamil Nadu,18. Perambalur,2016,Urad,Kharif,381.0,295.0,0.77,,,,,,,,,,,,,
Tamil Nadu,18. Perambalur,2016,Urad,Rabi,152.0,55.0,0.36,,,,,,,,,,,,,
Tamil Nadu,18. Perambalur,2016,Arhar/Tur,Kharif,651.0,495.0,0.76,,,,,,,,,,,,,
Tamil Nadu,18. Perambalur,2016,Gram,Rabi,11.0,9.0,0.82,,,,,,,,,,,,,
Tamil Nadu,18. Perambalur,2017,Bajra,Kharif,56.0,132.0,2.36,,,,,,,,,,,,,
Tamil Nadu,18. Perambalur,2017,Bajra,Rabi,33.0,68.0,2.06,,,,,,,,,,,,,
Tamil Nadu,18. Perambalur,2017,Castor seed,Kharif,200.0,60.0,0.3,,,,,,,,,,,,,
Tamil Nadu,18. Perambalur,2017,Cotton(lint),Kharif,32908.0,87.0,0.0,,,,,,,,,,,,,
Tamil Nadu,18. Perambalur,2017,Cotton(lint),Rabi,86.0,,0.0,,,,,,,,,,,,,
Tamil Nadu,18. Perambalur,2017,Groundnut,Kharif,824.0,2027.0,2.46,,,,,,,,,,,,,
Tamil Nadu,18. Perambalur,2017,Groundnut,Rabi,1351.0,2553.0,1.89,,,,,,,,,,,,,
Tamil Nadu,18. Perambalur,2017,Horse-gram,Kharif,2.0,2.0,1.0,,,,,,,,,,,,,
Tamil Nadu,18. Perambalur,2017,Jowar,Kharif,482.0,902.0,1.87,,,,,,,,,,,,,
Tamil Nadu,18. Perambalur,2017,Jowar,Rabi,49.0,53.0,1.08,,,,,,,,,,,,,
Tamil Nadu,18. Perambalur,2017,Maize,Kharif,37015.0,425710.0,11.5,,,,,,,,,,,,,
Tamil Nadu,18. Perambalur,2017,Maize,Rabi,2710.0,18135.0,6.69,,,,,,,,,,,,,
Tamil Nadu,18. Perambalur,2017,Moong(Green Gram),Kharif,4.0,2.0,0.5,,,,,,,,,,,,,
Tamil Nadu,18. Perambalur,2017,Onion,Kharif,1991.0,17336.0,8.71,,,,,,,,,,,,,
Tamil Nadu,18. Perambalur,2017,Onion,Rabi,4744.0,44719.0,9.43,,,,,,,,,,,,,
Tamil Nadu,18. Perambalur,2017,Other Kharif pulses,Kharif,7.0,5.0,0.71,,,,,,,,,,,,,
Tamil Nadu,18. Perambalur,2017,Ragi,Kharif,2.0,7.0,3.5,,,,,,,,,,,,,
Tamil Nadu,18. Perambalur,2017,Rice,Autumn,327.0,1260.0,3.85,,,,,,,,,,,,,
Tamil Nadu,18. Perambalur,2017,Rice,Winter,7407.0,37065.0,5.0,,,,,,,,,,,,,
Tamil Nadu,18. Perambalur,2017,Sesamum,Kharif,94.0,40.0,0.43,,,,,,,,,,,,,
Tamil Nadu,18. Perambalur,2017,Sesamum,Rabi,286.0,176.0,0.62,,,,,,,,,,,,,
Tamil Nadu,18. Perambalur,2017,Small millets,Kharif,106.0,240.0,2.26,,,,,,,,,,,,,
Tamil Nadu,18. Perambalur,2017,Small millets,Rabi,1.0,3.0,3.0,,,,,,,,,,,,,
Tamil Nadu,18. Perambalur,2017,Sunflower,Kharif,11.0,21.0,1.91,,,,,,,,,,,,,
Tamil Nadu,18. Perambalur,2017,Sunflower,Rabi,18.0,14.0,0.78,,,,,,,,,,,,,
Tamil Nadu,18. Perambalur,2017,Urad,Kharif,202.0,184.0,0.91,,,,,,,,,,,,,
Tamil Nadu,18. Perambalur,2017,Urad,Rabi,190.0,128.0,0.67,,,,,,,,,,,,,
Tamil Nadu,18. Perambalur,2017,Arhar/Tur,Kharif,565.0,837.0,1.48,,,,,,,,,,,,,
Tamil Nadu,18. Perambalur,2017,Other Cereals,Kharif,2.0,,0.0,,,,,,,,,,,,,
Tamil Nadu,18. Perambalur,2017,Cowpea(Lobia),Kharif,1.0,1.0,1.0,,,,,,,,,,,,,
Tamil Nadu,18. Perambalur,2017,Rapeseed &Mustard,Rabi,1.0,,0.0,,,,,,,,,,,,,
Tamil Nadu,18. Perambalur,2017,Gram,Rabi,4.0,4.0,1.0,,,,,,,,,,,,,
Tamil Nadu,18. Perambalur,2018,Bajra,Kharif,149.0,422.0,2.83,,,,,,,,,,,,,
Tamil Nadu,18. Perambalur,2018,Bajra,Rabi,9.0,16.0,1.78,,,,,,,,,,,,,
Tamil Nadu,18. Perambalur,2018,Castor seed,Kharif,131.0,39.0,0.3,,,,,,,,,,,,,
Tamil Nadu,18. Perambalur,2018,Cotton(lint),Kharif,13663.0,29655.0,2.17,,,,,,,,,,,,,
Tamil Nadu,18. Perambalur,2018,Cotton(lint),Rabi,208.0,539.0,2.59,,,,,,,,,,,,,
Tamil Nadu,18. Perambalur,2018,Groundnut,Kharif,367.0,797.0,2.17,,,,,,,,,,,,,
Tamil Nadu,18. Perambalur,2018,Groundnut,Rabi,560.0,1697.0,3.03,,,,,,,,,,,,,
Tamil Nadu,18. Perambalur,2018,Horse-gram,Kharif,2.0,1.0,0.5,,,,,,,,,,,,,
Tamil Nadu,18. Perambalur,2018,Jowar,Kharif,908.0,1044.0,1.15,,,,,,,,,,,,,
Tamil Nadu,18. Perambalur,2018,Jowar,Rabi,265.0,332.0,1.25,,,,,,,,,,,,,
Tamil Nadu,18. Perambalur,2018,Maize,Kharif,55208.0,419457.0,7.6,,,,,,,,,,,,,
Tamil Nadu,18. Perambalur,2018,Maize,Rabi,6434.0,45022.0,7.0,,,,,,,,,,,,,
Tamil Nadu,18. Perambalur,2018,Moong(Green Gram),Rabi,1.0,,0.0,,,,,,,,,,,,,
Tamil Nadu,18. Perambalur,2018,Onion,Kharif,1725.0,9602.0,5.57,,,,,,,,,,,,,
Tamil Nadu,18. Perambalur,2018,Onion,Rabi,5523.0,36273.0,6.57,,,,,,,,,,,,,
Tamil Nadu,18. Perambalur,2018,Other Kharif pulses,Kharif,5.0,3.0,0.6,,,,,,,,,,,,,
Tamil Nadu,18. Perambalur,2018,Ragi,Kharif,2.0,4.0,2.0,,,,,,,,,,,,,
Tamil Nadu,18. Perambalur,2018,Rice,Autumn,89.0,383.0,4.3,,,,,,,,,,,,,
Tamil Nadu,18. Perambalur,2018,Rice,Winter,1554.0,6434.0,4.14,,,,,,,,,,,,,
Tamil Nadu,18. Perambalur,2018,Sesamum,Kharif,19.0,9.0,0.47,,,,,,,,,,,,,
Tamil Nadu,18. Perambalur,2018,Sesamum,Rabi,186.0,105.0,0.56,,,,,,,,,,,,,
Tamil Nadu,18. Perambalur,2018,Small millets,Kharif,108.0,217.0,2.01,,,,,,,,,,,,,
Tamil Nadu,18. Perambalur,2018,Small millets,Rabi,6.0,11.0,1.83,,,,,,,,,,,,,
Tamil Nadu,18. Perambalur,2018,Sunflower,Kharif,12.0,20.0,1.67,,,,,,,,,,,,,
Tamil Nadu,18. Perambalur,2018,Sunflower,Rabi,8.0,5.0,0.63,,,,,,,,,,,,,
Tamil Nadu,18. Perambalur,2018,Urad,Kharif,82.0,62.0,0.76,,,,,,,,,,,,,
Tamil Nadu,18. Perambalur,2018,Urad,Rabi,106.0,64.0,0.6,,,,,,,,,,,,,
Tamil Nadu,18. Perambalur,2018,Arhar/Tur,Kharif,565.0,529.0,0.94,,,,,,,,,,,,,
Tamil Nadu,18. Perambalur,2018,Cowpea(Lobia),Kharif,3.0,2.0,0.67,,,,,,,,,,,,,
Tamil Nadu,18. Perambalur,2019,Bajra,Kharif,26.0,73.0,2.81,,,,,,,,,,,,,
Tamil Nadu,18. Perambalur,2019,Bajra,Rabi,35.0,92.0,2.63,,,,,,,,,,,,,
Tamil Nadu,18. Perambalur,2019,Castor seed,Kharif,343.0,103.0,0.3,,,,,,,,,,,,,
Tamil Nadu,18. Perambalur,2019,Cotton(lint),Kharif,20565.0,48701.0,2.37,,,,,,,,,,,,,
Tamil Nadu,18. Perambalur,2019,Cotton(lint),Rabi,1.0,3.0,3.0,,,,,,,,,,,,,
Tamil Nadu,18. Perambalur,2019,Groundnut,Kharif,768.0,1905.0,2.48,,,,,,,,,,,,,
Tamil Nadu,18. Perambalur,2019,Groundnut,Rabi,1296.0,3756.0,2.9,,,,,,,,,,,,,
Tamil Nadu,18. Perambalur,2019,Horse-gram,Kharif,16.0,12.0,0.75,,,,,,,,,,,,,
Tamil Nadu,18. Perambalur,2019,Jowar,Kharif,854.0,1019.0,1.19,,,,,,,,,,,,,
Tamil Nadu,18. Perambalur,2019,Jowar,Rabi,12.0,13.0,1.08,,,,,,,,,,,,,
Tamil Nadu,18. Perambalur,2019,Maize,Kharif,55723.0,560439.0,10.06,,,,,,,,,,,,,
Tamil Nadu,18. Perambalur,2019,Maize,Rabi,1449.0,9738.0,6.72,,,,,,,,,,,,,
Tamil Nadu,18. Perambalur,2019,Moong(Green Gram),Kharif,3.0,2.0,0.67,,,,,,,,,,,,,
Tamil Nadu,18. Perambalur,2019,Moong(Green Gram),Rabi,6.0,2.0,0.33,,,,,,,,,,,,,
Tamil Nadu,18. Perambalur,2019,Onion,Kharif,2207.0,10826.0,4.91,,,,,,,,,,,,,
Tamil Nadu,18. Perambalur,2019,Onion,Rabi,4779.0,36388.0,7.61,,,,,,,,,,,,,
Tamil Nadu,18. Perambalur,2019,Other Kharif pulses,Kharif,15.0,11.0,0.73,,,,,,,,,,,,,
Tamil Nadu,18. Perambalur,2019,Ragi,Kharif,7.0,18.0,2.57,,,,,,,,,,,,,
Tamil Nadu,18. Perambalur,2019,Rice,Autumn,60.0,247.0,4.12,,,,,,,,,,,,,
Tamil Nadu,18. Perambalur,2019,Rice,Winter,3710.0,16448.0,4.43,,,,,,,,,,,,,
Tamil Nadu,18. Perambalur,2019,Sesamum,Kharif,74.0,41.0,0.55,,,,,,,,,,,,,
Tamil Nadu,18. Perambalur,2019,Sesamum,Rabi,407.0,296.0,0.73,,,,,,,,,,,,,
Tamil Nadu,18. Perambalur,2019,Small millets,Kharif,285.0,621.0,2.18,,,,,,,,,,,,,
Tamil Nadu,18. Perambalur,2019,Sunflower,Kharif,5.0,5.0,1.0,,,,,,,,,,,,,
Tamil Nadu,18. Perambalur,2019,Urad,Kharif,116.0,98.0,0.84,,,,,,,,,,,,,
Tamil Nadu,18. Perambalur,2019,Urad,Rabi,157.0,122.0,0.78,,,,,,,,,,,,,
Tamil Nadu,18. Perambalur,2019,Arhar/Tur,Kharif,594.0,549.0,0.92,,,,,,,,,,,,,
Tamil Nadu,18. Perambalur,2019,Arhar/Tur,Rabi,8.0,8.0,1.0,,,,,,,,,,,,,
Tamil Nadu,18. Perambalur,2019,Cowpea(Lobia),Kharif,92.0,72.0,0.78,,,,,,,,,,,,,
Tamil Nadu,18. Perambalur,2019,Cowpea(Lobia),Rabi,3.0,2.0,0.67,,,,,,,,,,,,,
Tamil Nadu,18. Perambalur,2019,Other Rabi pulses,Rabi,4.0,2.0,0.5,,,,,,,,,,,,,
Tamil Nadu,18. Perambalur,2019,Gram,Rabi,2.0,2.0,1.0,,,,,,,,,,,,,
Tamil Nadu,18. Perambalur,2020,Bajra,Kharif,159.0,421.0,2.65,,,,,,,,,,,,,
Tamil Nadu,18. Perambalur,2020,Bajra,Rabi,41.0,63.0,1.54,,,,,,,,,,,,,
Tamil Nadu,18. Perambalur,2020,Castor seed,Kharif,158.0,49.0,0.31,,,,,,,,,,,,,
Tamil Nadu,18. Perambalur,2020,Cotton(lint),Kharif,8973.0,16072.0,1.79,,,,,,,,,,,,,
Tamil Nadu,18. Perambalur,2020,Cotton(lint),Rabi,41.0,100.0,2.44,,,,,,,,,,,,,
Tamil Nadu,18. Perambalur,2020,Groundnut,Kharif,1525.0,3254.0,2.13,,,,,,,,,,,,,
Tamil Nadu,18. Perambalur,2020,Groundnut,Rabi,1100.0,2155.0,1.96,,,,,,,,,,,,,
Tamil Nadu,18. Perambalur,2020,Horse-gram,Kharif,3.0,2.0,0.67,,,,,,,,,,,,,
Tamil Nadu,18. Perambalur,2020,Jowar,Kharif,228.0,259.0,1.14,,,,,,,,,,,,,
Tamil Nadu,18. Perambalur,2020,Jowar,Rabi,19.0,19.0,1.0,,,,,,,,,,,,,
Tamil Nadu,18. Perambalur,2020,Maize,Kharif,67956.0,566172.0,8.33,,,,,,,,,,,,,
Tamil Nadu,18. Perambalur,2020,Maize,Rabi,625.0,3308.0,5.29,,,,,,,,,,,,,
Tamil Nadu,18. Perambalur,2020,Moong(Green Gram),Rabi,1.0,0.0,0.0,,,,,,,,,,,,,
Tamil Nadu,18. Perambalur,2020,Onion,Kharif,2479.0,18633.0,7.52,,,,,,,,,,,,,
Tamil Nadu,18. Perambalur,2020,Onion,Rabi,7076.0,36515.0,5.16,,,,,,,,,,,,,
Tamil Nadu,18. Perambalur,2020,Other Kharif pulses,Kharif,7.0,4.0,0.57,,,,,,,,,,,,,
Tamil Nadu,18. Perambalur,2020,Ragi,Kharif,3.0,8.0,2.67,,,,,,,,,,,,,
Tamil Nadu,18. Perambalur,2020,Rice,Autumn,128.0,556.0,4.34,,,,,,,,,,,,,
Tamil Nadu,18. Perambalur,2020,Rice,Winter,4624.0,15190.0,3.29,,,,,,,,,,,,,
Tamil Nadu,18. Perambalur,2020,Sesamum,Kharif,84.0,50.0,0.6,,,,,,,,,,,,,
Tamil Nadu,18. Perambalur,2020,Sesamum,Rabi,372.0,251.0,0.67,,,,,,,,,,,,,
Tamil Nadu,18. Perambalur,2020,Small millets,Kharif,227.0,495.0,2.18,,,,,,,,,,,,,
Tamil Nadu,18. Perambalur,2020,Sunflower,Kharif,7.0,12.0,1.71,,,,,,,,,,,,,
Tamil Nadu,18. Perambalur,2020,Sunflower,Rabi,1.0,0.0,0.0,,,,,,,,,,,,,
Tamil Nadu,18. Perambalur,2020,Urad,Kharif,208.0,186.0,0.89,,,,,,,,,,,,,
Tamil Nadu,18. Perambalur,2020,Urad,Rabi,144.0,75.0,0.52,,,,,,,,,,,,,
Tamil Nadu,18. Perambalur,2020,Arhar/Tur,Kharif,248.0,243.0,0.98,,,,,,,,,,,,,
Tamil Nadu,18. Perambalur,2020,Cowpea(Lobia),Kharif,33.0,28.0,0.85,,,,,,,,,,,,,
Tamil Nadu,18. Perambalur,2020,Other Rabi pulses,Rabi,1.0,1.0,1.0,,,,,,,,,,,,,
Tamil Nadu,18. Perambalur,2020,Gram,Rabi,2.0,2.0,1.0,,,,,,,,,,,,,
Tamil Nadu,18. Perambalur,2021,Bajra,Kharif,124.0,312.0,2.52,,,,,,,,,,,,,
Tamil Nadu,18. Perambalur,2021,Bajra,Rabi,27.0,61.0,2.26,,,,,,,,,,,,,
Tamil Nadu,18. Perambalur,2021,Castor seed,Kharif,173.0,53.0,0.31,,,,,,,,,,,,,
Tamil Nadu,18. Perambalur,2021,Cotton(lint),Kharif,10118.0,14983.0,1.48,,,,,,,,,,,,,
Tamil Nadu,18. Perambalur,2021,Cotton(lint),Rabi,209.0,499.0,2.39,,,,,,,,,,,,,
Tamil Nadu,18. Perambalur,2021,Groundnut,Kharif,1051.0,2391.0,2.27,,,,,,,,,,,,,
Tamil Nadu,18. Perambalur,2021,Groundnut,Rabi,927.0,3084.0,3.33,,,,,,,,,,,,,
Tamil Nadu,18. Perambalur,2021,Horse-gram,Kharif,1.0,1.0,1.0,,,,,,,,,,,,,
Tamil Nadu,18. Perambalur,2021,Jowar,Kharif,127.0,136.0,1.07,,,,,,,,,,,,,
Tamil Nadu,18. Perambalur,2021,Jowar,Rabi,75.0,58.0,0.77,,,,,,,,,,,,,
Tamil Nadu,18. Perambalur,2021,Maize,Kharif,64569.0,585339.0,9.07,,,,,,,,,,,,,
Tamil Nadu,18. Perambalur,2021,Maize,Rabi,2614.0,15870.0,6.07,,,,,,,,,,,,,
Tamil Nadu,18. Perambalur,2021,Moong(Green Gram),Kharif,5.0,4.0,0.8,,,,,,,,,,,,,
Tamil Nadu,18. Perambalur,2021,Moong(Green Gram),Rabi,6.0,2.0,0.33,,,,,,,,,,,,,
Tamil Nadu,18. Perambalur,2021,Onion,Kharif,2762.0,24301.0,8.8,,,,,,,,,,,,,
Tamil Nadu,18. Perambalur,2021,Onion,Rabi,5497.0,31267.0,5.69,,,,,,,,,,,,,
Tamil Nadu,18. Perambalur,2021,Other Kharif pulses,Kharif,4.0,2.0,0.5,,,,,,,,,,,,,
Tamil Nadu,18. Perambalur,2021,Other Kharif pulses,Rabi,2.0,1.0,0.5,,,,,,,,,,,,,
Tamil Nadu,18. Perambalur,2021,Ragi,Kharif,3.0,10.0,3.33,,,,,,,,,,,,,
Tamil Nadu,18. Perambalur,2021,Rice,Autumn,187.0,764.0,4.09,,,,,,,,,,,,,
Tamil Nadu,18. Perambalur,2021,Rice,Winter,5518.0,22265.0,4.03,,,,,,,,,,,,,
Tamil Nadu,18. Perambalur,2021,Sesamum,Kharif,53.0,35.0,0.66,,,,,,,,,,,,,
Tamil Nadu,18. Perambalur,2021,Sesamum,Rabi,345.0,193.0,0.56,,,,,,,,,,,,,
Tamil Nadu,18. Perambalur,2021,Small millets,Kharif,82.0,172.0,2.1,,,,,,,,,,,,,
Tamil Nadu,18. Perambalur,2021,Small millets,Rabi,9.0,19.0,2.11,,,,,,,,,,,,,
Tamil Nadu,18. Perambalur,2021,Sunflower,Kharif,14.0,23.0,1.64,,,,,,,,,,,,,
Tamil Nadu,18. Perambalur,2021,Sunflower,Rabi,4.0,3.0,0.75,,,,,,,,,,,,,
Tamil Nadu,18. Perambalur,2021,Urad,Kharif,249.0,220.0,0.88,,,,,,,,,,,,,
Tamil Nadu,18. Perambalur,2021,Urad,Rabi,729.0,462.0,0.63,,,,,,,,,,,,,
Tamil Nadu,18. Perambalur,2021,Arhar/Tur,Kharif,311.0,368.0,1.18,,,,,,,,,,,,,
Tamil Nadu,18. Perambalur,2021,Arhar/Tur,Rabi,19.0,23.0,1.21,,,,,,,,,,,,,
Tamil Nadu,18. Perambalur,2021,Cowpea(Lobia),Kharif,10.0,8.0,0.8,,,,,,,,,,,,,
Tamil Nadu,18. Perambalur,2021,Cowpea(Lobia),Rabi,4.0,3.0,0.75,,,,,,,,,,,,,
Tamil Nadu,18. Perambalur,2021,Gram,Rabi,1.0,1.0,1.0,,,,,,,,,,,,,
Tamil Nadu,18. Perambalur,2022,Bajra,Kharif,107.0,290.0,2.71,,,,,,,,,,,,,
Tamil Nadu,18. Perambalur,2022,Bajra,Rabi,38.0,76.0,2.0,,,,,,,,,,,,,
Tamil Nadu,18. Perambalur,2022,Castor seed,Kharif,136.0,42.0,0.31,,,,,,,,,,,,,
Tamil Nadu,18. Perambalur,2022,Cotton(lint),Kharif,12990.0,27973.0,2.15,,,,,,,,,,,,,
Tamil Nadu,18. Perambalur,2022,Cotton(lint),Rabi,299.0,536.0,1.79,,,,,,,,,,,,,
Tamil Nadu,18. Perambalur,2022,Groundnut,Kharif,1140.0,2412.0,2.12,,,,,,,,,,,,,
Tamil Nadu,18. Perambalur,2022,Groundnut,Rabi,1220.0,3137.0,2.57,,,,,,,,,,,,,
Tamil Nadu,18. Perambalur,2022,Horse-gram,Kharif,1.0,1.0,1.0,,,,,,,,,,,,,
Tamil Nadu,18. Perambalur,2022,Jowar,Kharif,73.0,61.0,0.84,,,,,,,,,,,,,
Tamil Nadu,18. Perambalur,2022,Maize,Kharif,63489.0,578871.0,9.12,,,,,,,,,,,,,
Tamil Nadu,18. Perambalur,2022,Maize,Rabi,2558.0,15706.0,6.14,,,,,,,,,,,,,
Tamil Nadu,18. Perambalur,2022,Moong(Green Gram),Kharif,5.0,4.0,0.8,,,,,,,,,,,,,
Tamil Nadu,18. Perambalur,2022,Onion,Kharif,2193.0,21152.0,9.65,,,,,,,,,,,,,
Tamil Nadu,18. Perambalur,2022,Onion,Rabi,5718.0,56877.0,9.95,,,,,,,,,,,,,
Tamil Nadu,18. Perambalur,2022,Other Kharif pulses,Kharif,5.0,3.0,0.6,,,,,,,,,,,,,
Tamil Nadu,18. Perambalur,2022,Ragi,Kharif,2.0,4.0,2.0,,,,,,,,,,,,,
Tamil Nadu,18. Perambalur,2022,Rice,Autumn,260.0,1003.0,3.86,,,,,,,,,,,,,
Tamil Nadu,18. Perambalur,2022,Rice,Winter,5064.0,20438.0,4.04,,,,,,,,,,,,,
Tamil Nadu,18. Perambalur,2022,Sesamum,Kharif,54.0,25.0,0.46,,,,,,,,,,,,,
Tamil Nadu,18. Perambalur,2022,Sesamum,Rabi,311.0,167.0,0.54,,,,,,,,,,,,,
Tamil Nadu,18. Perambalur,2022,Small millets,Kharif,39.0,81.0,2.08,,,,,,,,,,,,,
Tamil Nadu,18. Perambalur,2022,Small millets,Rabi,3.0,6.0,2.0,,,,,,,,,,,,,
Tamil Nadu,18. Perambalur,2022,Sunflower,Kharif,65.0,89.0,1.37,,,,,,,,,,,,,
Tamil Nadu,18. Perambalur,2022,Sunflower,Rabi,57.0,44.0,0.77,,,,,,,,,,,,,
Tamil Nadu,18. Perambalur,2022,Urad,Kharif,280.0,240.0,0.86,,,,,,,,,,,,,
Tamil Nadu,18. Perambalur,2022,Urad,Rabi,613.0,401.0,0.65,,,,,,,,,,,,,
Tamil Nadu,18. Perambalur,2022,Arhar/Tur,Kharif,321.0,333.0,1.04,,,,,,,,,,,,,
Tamil Nadu,18. Perambalur,2022,Arhar/Tur,Rabi,25.0,26.0,1.04,,,,,,,,,,,,,
Tamil Nadu,18. Perambalur,2022,Cowpea(Lobia),Kharif,4.0,4.0,1.0,,,,,,,,,,,,,
Tamil Nadu,18. Perambalur,2022,Other Rabi pulses,Rabi,1.0,1.0,1.0,,,,,,,,,,,,,
Tamil Nadu,19. Pudukkottai,2015,Cotton(lint),Kharif,28.0,52.0,1.86,,,,,,,,,,,,,
Tamil Nadu,19. Pudukkottai,2015,Groundnut,Kharif,4540.0,11804.0,2.6,,,,,,,,,,,,,
Tamil Nadu,19. Pudukkottai,2015,Groundnut,Rabi,3458.0,13666.0,3.95,,,,,,,,,,,,,
Tamil Nadu,19. Pudukkottai,2015,Horse-gram,Kharif,5.0,3.0,0.6,,,,,,,,,,,,,
Tamil Nadu,19. Pudukkottai,2015,Jowar,Kharif,95.0,99.0,1.04,,,,,,,,,,,,,
Tamil Nadu,19. Pudukkottai,2015,Jowar,Rabi,12.0,19.0,1.58,,,,,,,,,,,,,
Tamil Nadu,19. Pudukkottai,2015,Maize,Kharif,2982.0,28690.0,9.62,,,,,,,,,,,,,
Tamil Nadu,19. Pudukkottai,2015,Maize,Rabi,2115.0,14473.0,6.84,,,,,,,,,,,,,
Tamil Nadu,19. Pudukkottai,2015,Masoor,Kharif,320.0,325.0,1.02,,,,,,,,,,,,,
Tamil Nadu,19. Pudukkottai,2015,Moong(Green Gram),Kharif,10.0,8.0,0.8,,,,,,,,,,,,,
Tamil Nadu,19. Pudukkottai,2015,Onion,Kharif,6.0,58.0,9.67,,,,,,,,,,,,,
Tamil Nadu,19. Pudukkottai,2015,Onion,Rabi,2.0,13.0,6.5,,,,,,,,,,,,,
Tamil Nadu,19. Pudukkottai,2015,Other Kharif pulses,Kharif,228.0,133.0,0.58,,,,,,,,,,,,,
Tamil Nadu,19. Pudukkottai,2015,Ragi,Kharif,6.0,18.0,3.0,,,,,,,,,,,,,
Tamil Nadu,19. Pudukkottai,2015,Ragi,Rabi,10.0,36.0,3.6,,,,,,,,,,,,,
Tamil Nadu,19. Pudukkottai,2015,Rice,Kharif,73625.0,258976.0,3.52,,,,,,,,,,,,,
Tamil Nadu,19. Pudukkottai,2015,Sesamum,Kharif,396.0,113.0,0.29,,,,,,,,,,,,,
Tamil Nadu,19. Pudukkottai,2015,Sesamum,Rabi,654.0,183.0,0.28,,,,,,,,,,,,,
Tamil Nadu,19. Pudukkottai,2015,Small millets,Kharif,13.0,22.0,1.69,,,,,,,,,,,,,
Tamil Nadu,19. Pudukkottai,2015,Sunflower,Kharif,12.0,17.0,1.42,,,,,,,,,,,,,
Tamil Nadu,19. Pudukkottai,2015,Sunflower,Rabi,6.0,6.0,1.0,,,,,,,,,,,,,
Tamil Nadu,19. Pudukkottai,2015,Urad,Kharif,2205.0,1526.0,0.69,,,,,,,,,,,,,
Tamil Nadu,19. Pudukkottai,2015,Urad,Rabi,3209.0,2250.0,0.7,,,,,,,,,,,,,
Tamil Nadu,19. Pudukkottai,2016,Bajra,Kharif,3.0,9.0,3.0,,,,,,,,,,,,,
Tamil Nadu,19. Pudukkottai,2016,Bajra,Rabi,1.0,1.0,1.0,,,,,,,,,,,,,
Tamil Nadu,19. Pudukkottai,2016,Cotton(lint),Kharif,33.0,42.0,1.27,,,,,,,,,,,,,
Tamil Nadu,19. Pudukkottai,2016,Cotton(lint),Rabi,12.0,16.0,1.33,,,,,,,,,,,,,
Tamil Nadu,19. Pudukkottai,2016,Groundnut,Kharif,4035.0,7176.0,1.78,,,,,,,,,,,,,
Tamil Nadu,19. Pudukkottai,2016,Groundnut,Rabi,4399.0,12138.0,2.76,,,,,,,,,,,,,
Tamil Nadu,19. Pudukkottai,2016,Horse-gram,Kharif,8.0,2.0,0.25,,,,,,,,,,,,,
Tamil Nadu,19. Pudukkottai,2016,Horse-gram,Rabi,11.0,4.0,0.36,,,,,,,,,,,,,
Tamil Nadu,19. Pudukkottai,2016,Jowar,Kharif,20.0,17.0,0.85,,,,,,,,,,,,,
Tamil Nadu,19. Pudukkottai,2016,Jowar,Rabi,34.0,11.0,0.32,,,,,,,,,,,,,
Tamil Nadu,19. Pudukkottai,2016,Maize,Kharif,1865.0,8493.0,4.55,,,,,,,,,,,,,
Tamil Nadu,19. Pudukkottai,2016,Maize,Rabi,1334.0,1675.0,1.26,,,,,,,,,,,,,
Tamil Nadu,19. Pudukkottai,2016,Moong(Green Gram),Kharif,8.0,6.0,0.75,,,,,,,,,,,,,
Tamil Nadu,19. Pudukkottai,2016,Moong(Green Gram),Rabi,2.0,,0.0,,,,,,,,,,,,,
Tamil Nadu,19. Pudukkottai,2016,Onion,Kharif,1.0,15.0,15.0,,,,,,,,,,,,,
Tamil Nadu,19. Pudukkottai,2016,Onion,Rabi,3.0,18.0,6.0,,,,,,,,,,,,,
Tamil Nadu,19. Pudukkottai,2016,Ragi,Kharif,11.0,18.0,1.64,,,,,,,,,,,,,
Tamil Nadu,19. Pudukkottai,2016,Ragi,Rabi,8.0,25.0,3.13,,,,,,,,,,,,,
Tamil Nadu,19. Pudukkottai,2016,Rice,Kharif,69142.0,73659.0,1.07,,,,,,,,,,,,,
Tamil Nadu,19. Pudukkottai,2016,Sesamum,Kharif,182.0,72.0,0.4,,,,,,,,,,,,,
Tamil Nadu,19. Pudukkottai,2016,Sesamum,Rabi,979.0,370.0,0.38,,,,,,,,,,,,,
Tamil Nadu,19. Pudukkottai,2016,Sunflower,Kharif,21.0,18.0,0.86,,,,,,,,,,,,,
Tamil Nadu,19. Pudukkottai,2016,Urad,Kharif,1638.0,1266.0,0.77,,,,,,,,,,,,,
Tamil Nadu,19. Pudukkottai,2016,Urad,Rabi,3011.0,1087.0,0.36,,,,,,,,,,,,,
Tamil Nadu,19. Pudukkottai,2016,Arhar/Tur,Kharif,299.0,196.0,0.66,,,,,,,,,,,,,
Tamil Nadu,19. Pudukkottai,2016,Other Cereals,Kharif,24.0,,0.0,,,,,,,,,,,,,
Tamil Nadu,19. Pudukkottai,2017,Bajra,Kharif,9.0,21.0,2.33,,,,,,,,,,,,,
Tamil Nadu,19. Pudukkottai,2017,Bajra,Rabi,1.0,2.0,2.0,,,,,,,,,,,,,
Tamil Nadu,19. Pudukkottai,2017,Castor seed,Kharif,1.0,1.0,1.0,,,,,,,,,,,,,
Tamil Nadu,19. Pudukkottai,2017,Cotton(lint),Kharif,10.0,,0.0,,,,,,,,,,,,,
Tamil Nadu,19. Pudukkottai,2017,Cotton(lint),Rabi,10.0,,0.0,,,,,,,,,,,,,
Tamil Nadu,19. Pudukkottai,2017,Groundnut,Kharif,3928.0,6858.0,1.75,,,,,,,,,,,,,
Tamil Nadu,19. Pudukkottai,2017,Groundnut,Rabi,6668.0,23925.0,3.59,,,,,,,,,,,,,
Tamil Nadu,19. Pudukkottai,2017,Horse-gram,Kharif,16.0,13.0,0.81,,,,,,,,,,,,,
Tamil Nadu,19. Pudukkottai,2017,Horse-gram,Rabi,13.0,10.0,0.77,,,,,,,,,,,,,
Tamil Nadu,19. Pudukkottai,2017,Jowar,Kharif,27.0,31.0,1.15,,,,,,,,,,,,,
Tamil Nadu,19. Pudukkottai,2017,Jowar,Rabi,27.0,29.0,1.07,,,,,,,,,,,,,
Tamil Nadu,19. Pudukkottai,2017,Maize,Kharif,1741.0,16050.0,9.22,,,,,,,,,,,,,
Tamil Nadu,19. Pudukkottai,2017,Maize,Rabi,1674.0,11202.0,6.69,,,,,,,,,,,,,
Tamil Nadu,19. Pudukkottai,2017,Moong(Green Gram),Kharif,1.0,1.0,1.0,,,,,,,,,,,,,
Tamil Nadu,19. Pudukkottai,2017,Moong(Green Gram),Rabi,3.0,1.0,0.33,,,,,,,,,,,,,
Tamil Nadu,19. Pudukkottai,2017,Onion,Kharif,2.0,19.0,9.5,,,,,,,,,,,,,
Tamil Nadu,19. Pudukkottai,2017,Onion,Rabi,8.0,74.0,9.25,,,,,,,,,,,,,
Tamil Nadu,19. Pudukkottai,2017,Other Kharif pulses,Kharif,3.0,2.0,0.67,,,,,,,,,,,,,
Tamil Nadu,19. Pudukkottai,2017,Ragi,Kharif,9.0,31.0,3.44,,,,,,,,,,,,,
Tamil Nadu,19. Pudukkottai,2017,Ragi,Rabi,4.0,18.0,4.5,,,,,,,,,,,,,
Tamil Nadu,19. Pudukkottai,2017,Rice,Autumn,2652.0,10221.0,3.85,,,,,,,,,,,,,
Tamil Nadu,19. Pudukkottai,2017,Rice,Winter,81410.0,154191.0,1.89,,,,,,,,,,,,,
Tamil Nadu,19. Pudukkottai,2017,Sesamum,Kharif,99.0,42.0,0.42,,,,,,,,,,,,,
Tamil Nadu,19. Pudukkottai,2017,Sesamum,Rabi,1146.0,704.0,0.61,,,,,,,,,,,,,
Tamil Nadu,19. Pudukkottai,2017,Small millets,Kharif,41.0,84.0,2.05,,,,,,,,,,,,,
Tamil Nadu,19. Pudukkottai,2017,Small millets,Rabi,1.0,,0.0,,,,,,,,,,,,,
Tamil Nadu,19. Pudukkottai,2017,Urad,Kharif,1032.0,940.0,0.91,,,,,,,,,,,,,
Tamil Nadu,19. Pudukkottai,2017,Urad,Rabi,3248.0,2192.0,0.67,,,,,,,,,,,,,
Tamil Nadu,19. Pudukkottai,2017,Arhar/Tur,Kharif,554.0,605.0,1.09,,,,,,,,,,,,,
Tamil Nadu,19. Pudukkottai,2017,Other Cereals,Kharif,8.0,11.0,1.38,,,,,,,,,,,,,
Tamil Nadu,19. Pudukkottai,2017,Other Cereals,Rabi,19.0,25.0,1.32,,,,,,,,,,,,,
Tamil Nadu,19. Pudukkottai,2017,Cowpea(Lobia),Kharif,324.0,233.0,0.72,,,,,,,,,,,,,
Tamil Nadu,19. Pudukkottai,2017,Cowpea(Lobia),Rabi,238.0,155.0,0.65,,,,,,,,,,,,,
Tamil Nadu,19. Pudukkottai,2018,Bajra,Rabi,7.0,13.0,1.86,,,,,,,,,,,,,
Tamil Nadu,19. Pudukkottai,2018,Castor seed,Kharif,1.0,,0.0,,,,,,,,,,,,,
Tamil Nadu,19. Pudukkottai,2018,Cotton(lint),Kharif,9.0,20.0,2.22,,,,,,,,,,,,,
Tamil Nadu,19. Pudukkottai,2018,Cotton(lint),Rabi,17.0,46.0,2.71,,,,,,,,,,,,,
Tamil Nadu,19. Pudukkottai,2018,Groundnut,Kharif,4563.0,8789.0,1.93,,,,,,,,,,,,,
Tamil Nadu,19. Pudukkottai,2018,Groundnut,Rabi,5862.0,14287.0,2.44,,,,,,,,,,,,,
Tamil Nadu,19. Pudukkottai,2018,Horse-gram,Kharif,5.0,4.0,0.8,,,,,,,,,,,,,
Tamil Nadu,19. Pudukkottai,2018,Horse-gram,Rabi,5.0,3.0,0.6,,,,,,,,,,,,,
Tamil Nadu,19. Pudukkottai,2018,Jowar,Kharif,3.0,3.0,1.0,,,,,,,,,,,,,
Tamil Nadu,19. Pudukkottai,2018,Jowar,Rabi,143.0,180.0,1.26,,,,,,,,,,,,,
Tamil Nadu,19. Pudukkottai,2018,Maize,Kharif,1579.0,10061.0,6.37,,,,,,,,,,,,,
Tamil Nadu,19. Pudukkottai,2018,Maize,Rabi,1686.0,11799.0,7.0,,,,,,,,,,,,,
Tamil Nadu,19. Pudukkottai,2018,Moong(Green Gram),Kharif,1.0,,0.0,,,,,,,,,,,,,
Tamil Nadu,19. Pudukkottai,2018,Onion,Kharif,3.0,31.0,10.33,,,,,,,,,,,,,
Tamil Nadu,19. Pudukkottai,2018,Onion,Rabi,12.0,70.0,5.83,,,,,,,,,,,,,
Tamil Nadu,19. Pudukkottai,2018,Other Kharif pulses,Kharif,7.0,4.0,0.57,,,,,,,,,,,,,
Tamil Nadu,19. Pudukkottai,2018,Ragi,Kharif,14.0,45.0,3.21,,,,,,,,,,,,,
Tamil Nadu,19. Pudukkottai,2018,Ragi,Rabi,16.0,58.0,3.63,,,,,,,,,,,,,
Tamil Nadu,19. Pudukkottai,2018,Rice,Autumn,3073.0,13169.0,4.29,,,,,,,,,,,,,
Tamil Nadu,19. Pudukkottai,2018,Rice,Winter,67011.0,171356.0,2.56,,,,,,,,,,,,,
Tamil Nadu,19. Pudukkottai,2018,Sesamum,Kharif,324.0,101.0,0.31,,,,,,,,,,,,,
Tamil Nadu,19. Pudukkottai,2018,Sesamum,Rabi,937.0,487.0,0.52,,,,,,,,,,,,,
Tamil Nadu,19. Pudukkottai,2018,Small millets,Rabi,2.0,4.0,2.0,,,,,,,,,,,,,
Tamil Nadu,19. Pudukkottai,2018,Urad,Kharif,930.0,707.0,0.76,,,,,,,,,,,,,
Tamil Nadu,19. Pudukkottai,2018,Urad,Rabi,2922.0,1773.0,0.61,,,,,,,,,,,,,
Tamil Nadu,19. Pudukkottai,2018,Arhar/Tur,Kharif,312.0,390.0,1.25,,,,,,,,,,,,,
Tamil Nadu,19. Pudukkottai,2018,Other Cereals,Kharif,2.0,3.0,1.5,,,,,,,,,,,,,
Tamil Nadu,19. Pudukkottai,2018,Other Cereals,Rabi,2.0,5.0,2.5,,,,,,,,,,,,,
Tamil Nadu,19. Pudukkottai,2018,Cowpea(Lobia),Kharif,118.0,93.0,0.79,,,,,,,,,,,,,
Tamil Nadu,19. Pudukkottai,2018,Cowpea(Lobia),Rabi,177.0,150.0,0.85,,,,,,,,,,,,,
Tamil Nadu,19. Pudukkottai,2019,Bajra,Kharif,3.0,10.0,3.33,,,,,,,,,,,,,
Tamil Nadu,19. Pudukkottai,2019,Castor seed,Kharif,1.0,,0.0,,,,,,,,,,,,,
Tamil Nadu,19. Pudukkottai,2019,Cotton(lint),Kharif,14.0,36.0,2.57,,,,,,,,,,,,,
Tamil Nadu,19. Pudukkottai,2019,Cotton(lint),Rabi,43.0,109.0,2.53,,,,,,,,,,,,,
Tamil Nadu,19. Pudukkottai,2019,Groundnut,Kharif,4554.0,10033.0,2.2,,,,,,,,,,,,,
Tamil Nadu,19. Pudukkottai,2019,Groundnut,Rabi,5963.0,21231.0,3.56,,,,,,,,,,,,,
Tamil Nadu,19. Pudukkottai,2019,Horse-gram,Kharif,20.0,15.0,0.75,,,,,,,,,,,,,
Tamil Nadu,19. Pudukkottai,2019,Horse-gram,Rabi,31.0,24.0,0.77,,,,,,,,,,,,,
Tamil Nadu,19. Pudukkottai,2019,Jowar,Kharif,30.0,36.0,1.2,,,,,,,,,,,,,
Tamil Nadu,19. Pudukkottai,2019,Jowar,Rabi,8.0,8.0,1.0,,,,,,,,,,,,,
Tamil Nadu,19. Pudukkottai,2019,Maize,Kharif,1628.0,14558.0,8.94,,,,,,,,,,,,,
Tamil Nadu,19. Pudukkottai,2019,Maize,Rabi,951.0,6386.0,6.72,,,,,,,,,,,,,
Tamil Nadu,19. Pudukkottai,2019,Moong(Green Gram),Kharif,83.0,47.0,0.57,,,,,,,,,,,,,
Tamil Nadu,19. Pudukkottai,2019,Moong(Green Gram),Rabi,13.0,5.0,0.38,,,,,,,,,,,,,
Tamil Nadu,19. Pudukkottai,2019,Onion,Kharif,8.0,75.0,9.38,,,,,,,,,,,,,
Tamil Nadu,19. Pudukkottai,2019,Onion,Rabi,17.0,123.0,7.24,,,,,,,,,,,,,
Tamil Nadu,19. Pudukkottai,2019,Other Kharif pulses,Kharif,6.0,5.0,0.83,,,,,,,,,,,,,
Tamil Nadu,19. Pudukkottai,2019,Ragi,Kharif,52.0,157.0,3.02,,,,,,,,,,,,,
Tamil Nadu,19. Pudukkottai,2019,Ragi,Rabi,9.0,34.0,3.78,,,,,,,,,,,,,
Tamil Nadu,19. Pudukkottai,2019,Rice,Autumn,4072.0,15182.0,3.73,,,,,,,,,,,,,
Tamil Nadu,19. Pudukkottai,2019,Rice,Winter,79902.0,246039.0,3.08,,,,,,,,,,,,,
Tamil Nadu,19. Pudukkottai,2019,Sesamum,Kharif,372.0,205.0,0.55,,,,,,,,,,,,,
Tamil Nadu,19. Pudukkottai,2019,Sesamum,Rabi,1246.0,441.0,0.35,,,,,,,,,,,,,
Tamil Nadu,19. Pudukkottai,2019,Small millets,Kharif,24.0,43.0,1.79,,,,,,,,,,,,,
Tamil Nadu,19. Pudukkottai,2019,Sunflower,Kharif,1.0,1.0,1.0,,,,,,,,,,,,,
Tamil Nadu,19. Pudukkottai,2019,Urad,Kharif,1242.0,1045.0,0.84,,,,,,,,,,,,,
Tamil Nadu,19. Pudukkottai,2019,Urad,Rabi,2263.0,1757.0,0.78,,,,,,,,,,,,,
Tamil Nadu,19. Pudukkottai,2019,Arhar/Tur,Kharif,363.0,287.0,0.79,,,,,,,,,,,,,
Tamil Nadu,19. Pudukkottai,2019,Arhar/Tur,Rabi,69.0,55.0,0.8,,,,,,,,,,,,,
Tamil Nadu,19. Pudukkottai,2019,Other Cereals,Kharif,5.0,7.0,1.4,,,,,,,,,,,,,
Tamil Nadu,19. Pudukkottai,2019,Other Cereals,Rabi,1.0,1.0,1.0,,,,,,,,,,,,,
Tamil Nadu,19. Pudukkottai,2019,Cowpea(Lobia),Kharif,263.0,207.0,0.79,,,,,,,,,,,,,
Tamil Nadu,19. Pudukkottai,2019,Cowpea(Lobia),Rabi,230.0,161.0,0.7,,,,,,,,,,,,,
Tamil Nadu,19. Pudukkottai,2019,Other Rabi pulses,Rabi,3.0,3.0,1.0,,,,,,,,,,,,,
Tamil Nadu,19. Pudukkottai,2020,Bajra,Kharif,18.0,45.0,2.5,,,,,,,,,,,,,
Tamil Nadu,19. Pudukkottai,2020,Bajra,Rabi,9.0,12.0,1.33,,,,,,,,,,,,,
Tamil Nadu,19. Pudukkottai,2020,Castor seed,Kharif,2.0,1.0,0.5,,,,,,,,,,,,,
Tamil Nadu,19. Pudukkottai,2020,Cotton(lint),Kharif,24.0,47.0,1.96,,,,,,,,,,,,,
Tamil Nadu,19. Pudukkottai,2020,Cotton(lint),Rabi,24.0,59.0,2.46,,,,,,,,,,,,,
Tamil Nadu,19. Pudukkottai,2020,Groundnut,Kharif,8221.0,14048.0,1.71,,,,,,,,,,,,,
Tamil Nadu,19. Pudukkottai,2020,Groundnut,Rabi,7103.0,18663.0,2.63,,,,,,,,,,,,,
Tamil Nadu,19. Pudukkottai,2020,Horse-gram,Kharif,3.0,2.0,0.67,,,,,,,,,,,,,
Tamil Nadu,19. Pudukkottai,2020,Horse-gram,Rabi,23.0,17.0,0.74,,,,,,,,,,,,,
Tamil Nadu,19. Pudukkottai,2020,Jowar,Kharif,5.0,4.0,0.8,,,,,,,,,,,,,
Tamil Nadu,19. Pudukkottai,2020,Jowar,Rabi,3.0,3.0,1.0,,,,,,,,,,,,,
Tamil Nadu,19. Pudukkottai,2020,Maize,Kharif,1264.0,9200.0,7.28,,,,,,,,,,,,,
Tamil Nadu,19. Pudukkottai,2020,Maize,Rabi,473.0,2501.0,5.29,,,,,,,,,,,,,
Tamil Nadu,19. Pudukkottai,2020,Moong(Green Gram),Kharif,19.0,17.0,0.89,,,,,,,,,,,,,
Tamil Nadu,19. Pudukkottai,2020,Moong(Green Gram),Rabi,3.0,1.0,0.33,,,,,,,,,,,,,
Tamil Nadu,19. Pudukkottai,2020,Onion,Kharif,30.0,297.0,9.9,,,,,,,,,,,,,
Tamil Nadu,19. Pudukkottai,2020,Onion,Rabi,44.0,243.0,5.52,,,,,,,,,,,,,
Tamil Nadu,19. Pudukkottai,2020,Other Kharif pulses,Kharif,25.0,15.0,0.6,,,,,,,,,,,,,
Tamil Nadu,19. Pudukkottai,2020,Ragi,Kharif,72.0,230.0,3.19,,,,,,,,,,,,,
Tamil Nadu,19. Pudukkottai,2020,Ragi,Rabi,9.0,36.0,4.0,,,,,,,,,,,,,
Tamil Nadu,19. Pudukkottai,2020,Rice,Autumn,4562.0,18461.0,4.05,,,,,,,,,,,,,
Tamil Nadu,19. Pudukkottai,2020,Rice,Winter,79974.0,169425.0,2.12,,,,,,,,,,,,,
Tamil Nadu,19. Pudukkottai,2020,Sesamum,Kharif,493.0,296.0,0.6,,,,,,,,,,,,,
Tamil Nadu,19. Pudukkottai,2020,Sesamum,Rabi,1055.0,218.0,0.21,,,,,,,,,,,,,
Tamil Nadu,19. Pudukkottai,2020,Small millets,Kharif,15.0,20.0,1.33,,,,,,,,,,,,,
Tamil Nadu,19. Pudukkottai,2020,Small millets,Rabi,4.0,4.0,1.0,,,,,,,,,,,,,
Tamil Nadu,19. Pudukkottai,2020,Sunflower,Kharif,5.0,9.0,1.8,,,,,,,,,,,,,
Tamil Nadu,19. Pudukkottai,2020,Urad,Kharif,1169.0,1040.0,0.89,,,,,,,,,,,,,
Tamil Nadu,19. Pudukkottai,2020,Urad,Rabi,2456.0,1270.0,0.52,,,,,,,,,,,,,
Tamil Nadu,19. Pudukkottai,2020,Arhar/Tur,Kharif,418.0,34.0,0.08,,,,,,,,,,,,,
Tamil Nadu,19. Pudukkottai,2020,Arhar/Tur,Rabi,57.0,5.0,0.09,,,,,,,,,,,,,
Tamil Nadu,19. Pudukkottai,2020,Other Cereals,Kharif,15.0,20.0,1.33,,,,,,,,,,,,,
Tamil Nadu,19. Pudukkottai,2020,Other Cereals,Rabi,4.0,5.0,1.25,,,,,,,,,,,,,
Tamil Nadu,19. Pudukkottai,2020,Cowpea(Lobia),Kharif,447.0,377.0,0.84,,,,,,,,,,,,,
Tamil Nadu,19. Pudukkottai,2020,Cowpea(Lobia),Rabi,96.0,64.0,0.67,,,,,,,,,,,,,
Tamil Nadu,19. Pudukkottai,2020,Other Rabi pulses,Rabi,8.0,5.0,0.63,,,,,,,,,,,,,
Tamil Nadu,19. Pudukkottai,2021,Bajra,Kharif,11.0,25.0,2.27,,,,,,,,,,,,,
Tamil Nadu,19. Pudukkottai,2021,Castor seed,Kharif,2.0,0.0,0.0,,,,,,,,,,,,,
Tamil Nadu,19. Pudukkottai,2021,Cotton(lint),Kharif,18.0,30.0,1.67,,,,,,,,,,,,,
Tamil Nadu,19. Pudukkottai,2021,Cotton(lint),Rabi,176.0,420.0,2.39,,,,,,,,,,,,,
Tamil Nadu,19. Pudukkottai,2021,Groundnut,Kharif,6190.0,9773.0,1.58,,,,,,,,,,,,,
Tamil Nadu,19. Pudukkottai,2021,Groundnut,Rabi,5262.0,21250.0,4.04,,,,,,,,,,,,,
Tamil Nadu,19. Pudukkottai,2021,Horse-gram,Kharif,2.0,1.0,0.5,,,,,,,,,,,,,
Tamil Nadu,19. Pudukkottai,2021,Horse-gram,Rabi,1.0,1.0,1.0,,,,,,,,,,,,,
Tamil Nadu,19. Pudukkottai,2021,Jowar,Kharif,9.0,8.0,0.89,,,,,,,,,,,,,
Tamil Nadu,19. Pudukkottai,2021,Jowar,Rabi,13.0,10.0,0.77,,,,,,,,,,,,,
Tamil Nadu,19. Pudukkottai,2021,Maize,Kharif,1263.0,10166.0,8.05,,,,,,,,,,,,,
Tamil Nadu,19. Pudukkottai,2021,Maize,Rabi,503.0,3057.0,6.08,,,,,,,,,,,,,
Tamil Nadu,19. Pudukkottai,2021,Moong(Green Gram),Kharif,1.0,1.0,1.0,,,,,,,,,,,,,
Tamil Nadu,19. Pudukkottai,2021,Onion,Kharif,36.0,330.0,9.17,,,,,,,,,,,,,
Tamil Nadu,19. Pudukkottai,2021,Onion,Rabi,30.0,179.0,5.97,,,,,,,,,,,,,
Tamil Nadu,19. Pudukkottai,2021,Other Kharif pulses,Kharif,7.0,4.0,0.57,,,,,,,,,,,,,
Tamil Nadu,19. Pudukkottai,2021,Ragi,Kharif,25.0,69.0,2.76,,,,,,,,,,,,,
Tamil Nadu,19. Pudukkottai,2021,Ragi,Rabi,1.0,7.0,7.0,,,,,,,,,,,,,
Tamil Nadu,19. Pudukkottai,2021,Rice,Autumn,5919.0,19816.0,3.35,,,,,,,,,,,,,
Tamil Nadu,19. Pudukkottai,2021,Rice,Winter,93362.0,279134.0,2.99,,,,,,,,,,,,,
Tamil Nadu,19. Pudukkottai,2021,Sesamum,Kharif,392.0,266.0,0.68,,,,,,,,,,,,,
Tamil Nadu,19. Pudukkottai,2021,Sesamum,Rabi,1353.0,379.0,0.28,,,,,,,,,,,,,
Tamil Nadu,19. Pudukkottai,2021,Small millets,Kharif,16.0,26.0,1.63,,,,,,,,,,,,,
Tamil Nadu,19. Pudukkottai,2021,Sunflower,Kharif,2.0,3.0,1.5,,,,,,,,,,,,,
Tamil Nadu,19. Pudukkottai,2021,Sunflower,Rabi,1.0,1.0,1.0,,,,,,,,,,,,,
Tamil Nadu,19. Pudukkottai,2021,Urad,Kharif,1290.0,1136.0,0.88,,,,,,,,,,,,,
Tamil Nadu,19. Pudukkottai,2021,Urad,Rabi,2824.0,1790.0,0.63,,,,,,,,,,,,,
Tamil Nadu,19. Pudukkottai,2021,Arhar/Tur,Kharif,186.0,124.0,0.67,,,,,,,,,,,,,
Tamil Nadu,19. Pudukkottai,2021,Arhar/Tur,Rabi,2.0,1.0,0.5,,,,,,,,,,,,,
Tamil Nadu,19. Pudukkottai,2021,Other Cereals,Kharif,5.0,7.0,1.4,,,,,,,,,,,,,
Tamil Nadu,19. Pudukkottai,2021,Other Cereals,Rabi,1.0,1.0,1.0,,,,,,,,,,,,,
Tamil Nadu,19. Pudukkottai,2021,Cowpea(Lobia),Kharif,275.0,218.0,0.79,,,,,,,,,,,,,
Tamil Nadu,19. Pudukkottai,2021,Cowpea(Lobia),Rabi,56.0,35.0,0.63,,,,,,,,,,,,,
Tamil Nadu,19. Pudukkottai,2021,Gram,Rabi,16.0,15.0,0.94,,,,,,,,,,,,,
Tamil Nadu,19. Pudukkottai,2022,Bajra,Kharif,5.0,12.0,2.4,,,,,,,,,,,,,
Tamil Nadu,19. Pudukkottai,2022,Bajra,Rabi,2.0,5.0,2.5,,,,,,,,,,,,,
Tamil Nadu,19. Pudukkottai,2022,Cotton(lint),Kharif,41.0,78.0,1.9,,,,,,,,,,,,,
Tamil Nadu,19. Pudukkottai,2022,Cotton(lint),Rabi,401.0,722.0,1.8,,,,,,,,,,,,,
Tamil Nadu,19. Pudukkottai,2022,Groundnut,Kharif,5683.0,10153.0,1.79,,,,,,,,,,,,,
Tamil Nadu,19. Pudukkottai,2022,Groundnut,Rabi,5752.0,15207.0,2.64,,,,,,,,,,,,,
Tamil Nadu,19. Pudukkottai,2022,Horse-gram,Kharif,4.0,3.0,0.75,,,,,,,,,,,,,
Tamil Nadu,19. Pudukkottai,2022,Horse-gram,Rabi,9.0,7.0,0.78,,,,,,,,,,,,,
Tamil Nadu,19. Pudukkottai,2022,Jowar,Kharif,16.0,13.0,0.81,,,,,,,,,,,,,
Tamil Nadu,19. Pudukkottai,2022,Jowar,Rabi,37.0,29.0,0.78,,,,,,,,,,,,,
Tamil Nadu,19. Pudukkottai,2022,Maize,Kharif,1286.0,10029.0,7.8,,,,,,,,,,,,,
Tamil Nadu,19. Pudukkottai,2022,Maize,Rabi,783.0,4806.0,6.14,,,,,,,,,,,,,
Tamil Nadu,19. Pudukkottai,2022,Moong(Green Gram),Kharif,4.0,3.0,0.75,,,,,,,,,,,,,
Tamil Nadu,19. Pudukkottai,2022,Onion,Kharif,7.0,67.0,9.57,,,,,,,,,,,,,
Tamil Nadu,19. Pudukkottai,2022,Onion,Rabi,12.0,91.0,7.58,,,,,,,,,,,,,
Tamil Nadu,19. Pudukkottai,2022,Other Kharif pulses,Kharif,3.0,2.0,0.67,,,,,,,,,,,,,
Tamil Nadu,19. Pudukkottai,2022,Ragi,Kharif,10.0,26.0,2.6,,,,,,,,,,,,,
Tamil Nadu,19. Pudukkottai,2022,Ragi,Rabi,1.0,4.0,4.0,,,,,,,,,,,,,
Tamil Nadu,19. Pudukkottai,2022,Rice,Autumn,8481.0,30209.0,3.56,,,,,,,,,,,,,
Tamil Nadu,19. Pudukkottai,2022,Rice,Winter,88047.0,308400.0,3.5,,,,,,,,,,,,,
Tamil Nadu,19. Pudukkottai,2022,Sesamum,Kharif,501.0,231.0,0.46,,,,,,,,,,,,,
Tamil Nadu,19. Pudukkottai,2022,Sesamum,Rabi,2059.0,771.0,0.37,,,,,,,,,,,,,
Tamil Nadu,19. Pudukkottai,2022,Small millets,Kharif,3.0,6.0,2.0,,,,,,,,,,,,,
Tamil Nadu,19. Pudukkottai,2022,Small millets,Rabi,3.0,6.0,2.0,,,,,,,,,,,,,
Tamil Nadu,19. Pudukkottai,2022,Sunflower,Kharif,4.0,6.0,1.5,,,,,,,,,,,,,
Tamil Nadu,19. Pudukkottai,2022,Sunflower,Rabi,2.0,2.0,1.0,,,,,,,,,,,,,
Tamil Nadu,19. Pudukkottai,2022,Urad,Kharif,1082.0,926.0,0.86,,,,,,,,,,,,,
Tamil Nadu,19. Pudukkottai,2022,Urad,Rabi,3184.0,2085.0,0.65,,,,,,,,,,,,,
Tamil Nadu,19. Pudukkottai,2022,Arhar/Tur,Kharif,101.0,105.0,1.04,,,,,,,,,,,,,
Tamil Nadu,19. Pudukkottai,2022,Arhar/Tur,Rabi,46.0,48.0,1.04,,,,,,,,,,,,,
Tamil Nadu,19. Pudukkottai,2022,Other Cereals,Kharif,2.0,3.0,1.5,,,,,,,,,,,,,
Tamil Nadu,19. Pudukkottai,2022,Other Cereals,Rabi,2.0,3.0,1.5,,,,,,,,,,,,,
Tamil Nadu,19. Pudukkottai,2022,Cowpea(Lobia),Kharif,173.0,139.0,0.8,,,,,,,,,,,,,
Tamil Nadu,19. Pudukkottai,2022,Cowpea(Lobia),Rabi,50.0,24.0,0.48,,,,,,,,,,,,,
Tamil Nadu,20. Ramanathapuram,2015,Bajra,Rabi,684.0,1484.0,2.17,,,,,,,,,,,,,
Tamil Nadu,20. Ramanathapuram,2015,Castor seed,Kharif,1.0,,0.0,,,,,,,,,,,,,
Tamil Nadu,20. Ramanathapuram,2015,Cotton(lint),Kharif,12.0,22.0,1.83,,,,,,,,,,,,,
Tamil Nadu,20. Ramanathapuram,2015,Cotton(lint),Rabi,1965.0,2404.0,1.22,,,,,,,,,,,,,
Tamil Nadu,20. Ramanathapuram,2015,Groundnut,Rabi,3211.0,4364.0,1.36,,,,,,,,,,,,,
Tamil Nadu,20. Ramanathapuram,2015,Horse-gram,Rabi,5.0,3.0,0.6,,,,,,,,,,,,,
Tamil Nadu,20. Ramanathapuram,2015,Jowar,Rabi,3791.0,7468.0,1.97,,,,,,,,,,,,,
Tamil Nadu,20. Ramanathapuram,2015,Maize,Rabi,676.0,4626.0,6.84,,,,,,,,,,,,,
Tamil Nadu,20. Ramanathapuram,2015,Masoor,Kharif,36.0,37.0,1.03,,,,,,,,,,,,,
Tamil Nadu,20. Ramanathapuram,2015,Moong(Green Gram),Rabi,482.0,252.0,0.52,,,,,,,,,,,,,
Tamil Nadu,20. Ramanathapuram,2015,Onion,Rabi,132.0,856.0,6.48,,,,,,,,,,,,,
Tamil Nadu,20. Ramanathapuram,2015,Other Kharif pulses,Kharif,317.0,185.0,0.58,,,,,,,,,,,,,
Tamil Nadu,20. Ramanathapuram,2015,Ragi,Rabi,270.0,555.0,2.06,,,,,,,,,,,,,
Tamil Nadu,20. Ramanathapuram,2015,Rice,Kharif,116582.0,303463.0,2.6,,,,,,,,,,,,,
Tamil Nadu,20. Ramanathapuram,2015,Sesamum,Rabi,821.0,172.0,0.21,,,,,,,,,,,,,
Tamil Nadu,20. Ramanathapuram,2015,Small millets,Kharif,1.0,,0.0,,,,,,,,,,,,,
Tamil Nadu,20. Ramanathapuram,2015,Small millets,Rabi,24.0,39.0,1.63,,,,,,,,,,,,,
Tamil Nadu,20. Ramanathapuram,2015,Sunflower,Rabi,92.0,87.0,0.95,,,,,,,,,,,,,
Tamil Nadu,20. Ramanathapuram,2015,Urad,Kharif,1.0,1.0,1.0,,,,,,,,,,,,,
Tamil Nadu,20. Ramanathapuram,2015,Urad,Rabi,2693.0,1888.0,0.7,,,,,,,,,,,,,
Tamil Nadu,20. Ramanathapuram,2015,Gram,Rabi,1.0,1.0,1.0,,,,,,,,,,,,,
Tamil Nadu,20. Ramanathapuram,2016,Bajra,Rabi,858.0,,0.0,,,,,,,,,,,,,
Tamil Nadu,20. Ramanathapuram,2016,Castor seed,Kharif,1.0,,0.0,,,,,,,,,,,,,
Tamil Nadu,20. Ramanathapuram,2016,Cotton(lint),Rabi,1916.0,620.0,0.32,,,,,,,,,,,,,
Tamil Nadu,20. Ramanathapuram,2016,Groundnut,Rabi,3121.0,1227.0,0.39,,,,,,,,,,,,,
Tamil Nadu,20. Ramanathapuram,2016,Horse-gram,Rabi,2.0,1.0,0.5,,,,,,,,,,,,,
Tamil Nadu,20. Ramanathapuram,2016,Jowar,Rabi,3230.0,,0.0,,,,,,,,,,,,,
Tamil Nadu,20. Ramanathapuram,2016,Maize,Rabi,662.0,831.0,1.26,,,,,,,,,,,,,
Tamil Nadu,20. Ramanathapuram,2016,Moong(Green Gram),Rabi,440.0,105.0,0.24,,,,,,,,,,,,,
Tamil Nadu,20. Ramanathapuram,2016,Onion,Rabi,112.0,566.0,5.05,,,,,,,,,,,,,
Tamil Nadu,20. Ramanathapuram,2016,Ragi,Rabi,152.0,475.0,3.13,,,,,,,,,,,,,
Tamil Nadu,20. Ramanathapuram,2016,Rice,Kharif,121849.0,244.0,0.0,,,,,,,,,,,,,
Tamil Nadu,20. Ramanathapuram,2016,Sesamum,Kharif,3.0,1.0,0.33,,,,,,,,,,,,,
Tamil Nadu,20. Ramanathapuram,2016,Sesamum,Rabi,762.0,57.0,0.07,,,,,,,,,,,,,
Tamil Nadu,20. Ramanathapuram,2016,Small millets,Rabi,16.0,13.0,0.81,,,,,,,,,,,,,
Tamil Nadu,20. Ramanathapuram,2016,Sunflower,Rabi,303.0,69.0,0.23,,,,,,,,,,,,,
Tamil Nadu,20. Ramanathapuram,2016,Urad,Kharif,61.0,47.0,0.77,,,,,,,,,,,,,
Tamil Nadu,20. Ramanathapuram,2016,Urad,Rabi,3311.0,1195.0,0.36,,,,,,,,,,,,,
Tamil Nadu,20. Ramanathapuram,2016,Arhar/Tur,Kharif,2.0,1.0,0.5,,,,,,,,,,,,,
Tamil Nadu,20. Ramanathapuram,2016,Other Cereals,Kharif,1.0,,0.0,,,,,,,,,,,,,
Tamil Nadu,20. Ramanathapuram,2016,Other Cereals,Rabi,836.0,,0.0,,,,,,,,,,,,,
Tamil Nadu,20. Ramanathapuram,2017,Bajra,Rabi,602.0,458.0,0.76,,,,,,,,,,,,,
Tamil Nadu,20. Ramanathapuram,2017,Cotton(lint),Rabi,2152.0,1.0,0.0,,,,,,,,,,,,,
Tamil Nadu,20. Ramanathapuram,2017,Groundnut,Rabi,2925.0,3223.0,1.1,,,,,,,,,,,,,
Tamil Nadu,20. Ramanathapuram,2017,Horse-gram,Rabi,1.0,1.0,1.0,,,,,,,,,,,,,
Tamil Nadu,20. Ramanathapuram,2017,Jowar,Rabi,3604.0,2029.0,0.56,,,,,,,,,,,,,
Tamil Nadu,20. Ramanathapuram,2017,Maize,Rabi,751.0,5026.0,6.69,,,,,,,,,,,,,
Tamil Nadu,20. Ramanathapuram,2017,Moong(Green Gram),Rabi,300.0,120.0,0.4,,,,,,,,,,,,,
Tamil Nadu,20. Ramanathapuram,2017,Onion,Rabi,101.0,939.0,9.3,,,,,,,,,,,,,
Tamil Nadu,20. Ramanathapuram,2017,Ragi,Kharif,1.0,3.0,3.0,,,,,,,,,,,,,
Tamil Nadu,20. Ramanathapuram,2017,Ragi,Rabi,329.0,1468.0,4.46,,,,,,,,,,,,,
Tamil Nadu,20. Ramanathapuram,2017,Rice,Winter,126643.0,35967.0,0.28,,,,,,,,,,,,,
Tamil Nadu,20. Ramanathapuram,2017,Sesamum,Kharif,3.0,1.0,0.33,,,,,,,,,,,,,
Tamil Nadu,20. Ramanathapuram,2017,Sesamum,Rabi,1123.0,190.0,0.17,,,,,,,,,,,,,
Tamil Nadu,20. Ramanathapuram,2017,Small millets,Rabi,12.0,23.0,1.92,,,,,,,,,,,,,
Tamil Nadu,20. Ramanathapuram,2017,Sunflower,Rabi,484.0,121.0,0.25,,,,,,,,,,,,,
Tamil Nadu,20. Ramanathapuram,2017,Urad,Kharif,6.0,5.0,0.83,,,,,,,,,,,,,
Tamil Nadu,20. Ramanathapuram,2017,Urad,Rabi,3428.0,2314.0,0.68,,,,,,,,,,,,,
Tamil Nadu,20. Ramanathapuram,2017,Arhar/Tur,Kharif,2.0,2.0,1.0,,,,,,,,,,,,,
Tamil Nadu,20. Ramanathapuram,2017,Other Cereals,Kharif,2.0,3.0,1.5,,,,,,,,,,,,,
Tamil Nadu,20. Ramanathapuram,2017,Other Cereals,Rabi,1148.0,1531.0,1.33,,,,,,,,,,,,,
Tamil Nadu,20. Ramanathapuram,2017,Cowpea(Lobia),Rabi,326.0,211.0,0.65,,,,,,,,,,,,,
Tamil Nadu,20. Ramanathapuram,2018,Bajra,Rabi,759.0,583.0,0.77,,,,,,,,,,,,,
Tamil Nadu,20. Ramanathapuram,2018,Castor seed,Kharif,1.0,,0.0,,,,,,,,,,,,,
Tamil Nadu,20. Ramanathapuram,2018,Cotton(lint),Rabi,2671.0,803.0,0.3,,,,,,,,,,,,,
Tamil Nadu,20. Ramanathapuram,2018,Groundnut,Rabi,2877.0,2660.0,0.92,,,,,,,,,,,,,
Tamil Nadu,20. Ramanathapuram,2018,Horse-gram,Rabi,3.0,2.0,0.67,,,,,,,,,,,,,
Tamil Nadu,20. Ramanathapuram,2018,Jowar,Rabi,4000.0,4210.0,1.05,,,,,,,,,,,,,
Tamil Nadu,20. Ramanathapuram,2018,Maize,Rabi,1487.0,10407.0,7.0,,,,,,,,,,,,,
Tamil Nadu,20. Ramanathapuram,2018,Moong(Green Gram),Rabi,214.0,87.0,0.41,,,,,,,,,,,,,
Tamil Nadu,20. Ramanathapuram,2018,Onion,Rabi,80.0,455.0,5.69,,,,,,,,,,,,,
Tamil Nadu,20. Ramanathapuram,2018,Ragi,Rabi,515.0,1831.0,3.56,,,,,,,,,,,,,
Tamil Nadu,20. Ramanathapuram,2018,Rice,Winter,125617.0,55397.0,0.44,,,,,,,,,,,,,
Tamil Nadu,20. Ramanathapuram,2018,Sesamum,Kharif,41.0,19.0,0.46,,,,,,,,,,,,,
Tamil Nadu,20. Ramanathapuram,2018,Sesamum,Rabi,1133.0,149.0,0.13,,,,,,,,,,,,,
Tamil Nadu,20. Ramanathapuram,2018,Small millets,Rabi,1.0,1.0,1.0,,,,,,,,,,,,,
Tamil Nadu,20. Ramanathapuram,2018,Sunflower,Rabi,244.0,33.0,0.14,,,,,,,,,,,,,
Tamil Nadu,20. Ramanathapuram,2018,Urad,Kharif,1.0,1.0,1.0,,,,,,,,,,,,,
Tamil Nadu,20. Ramanathapuram,2018,Urad,Rabi,3317.0,2012.0,0.61,,,,,,,,,,,,,
Tamil Nadu,20. Ramanathapuram,2018,Arhar/Tur,Kharif,8.0,11.0,1.38,,,,,,,,,,,,,
Tamil Nadu,20. Ramanathapuram,2018,Other Cereals,Rabi,1167.0,2752.0,2.36,,,,,,,,,,,,,
Tamil Nadu,20. Ramanathapuram,2018,Cowpea(Lobia),Rabi,359.0,306.0,0.85,,,,,,,,,,,,,
Tamil Nadu,20. Ramanathapuram,2019,Bajra,Rabi,1073.0,2059.0,1.92,,,,,,,,,,,,,
Tamil Nadu,20. Ramanathapuram,2019,Cotton(lint),Kharif,1.0,3.0,3.0,,,,,,,,,,,,,
Tamil Nadu,20. Ramanathapuram,2019,Cotton(lint),Rabi,4333.0,4244.0,0.98,,,,,,,,,,,,,
Tamil Nadu,20. Ramanathapuram,2019,Groundnut,Kharif,1.0,2.0,2.0,,,,,,,,,,,,,
Tamil Nadu,20. Ramanathapuram,2019,Groundnut,Rabi,2691.0,5733.0,2.13,,,,,,,,,,,,,
Tamil Nadu,20. Ramanathapuram,2019,Jowar,Rabi,7277.0,16162.0,2.22,,,,,,,,,,,,,
Tamil Nadu,20. Ramanathapuram,2019,Maize,Rabi,340.0,2290.0,6.74,,,,,,,,,,,,,
Tamil Nadu,20. Ramanathapuram,2019,Moong(Green Gram),Kharif,1.0,,0.0,,,,,,,,,,,,,
Tamil Nadu,20. Ramanathapuram,2019,Moong(Green Gram),Rabi,186.0,79.0,0.42,,,,,,,,,,,,,
Tamil Nadu,20. Ramanathapuram,2019,Onion,Rabi,79.0,557.0,7.05,,,,,,,,,,,,,
Tamil Nadu,20. Ramanathapuram,2019,Ragi,Rabi,706.0,2837.0,4.02,,,,,,,,,,,,,
Tamil Nadu,20. Ramanathapuram,2019,Rice,Winter,127288.0,321481.0,2.53,,,,,,,,,,,,,
Tamil Nadu,20. Ramanathapuram,2019,Sesamum,Rabi,516.0,198.0,0.38,,,,,,,,,,,,,
Tamil Nadu,20. Ramanathapuram,2019,Small millets,Kharif,1.0,,0.0,,,,,,,,,,,,,
Tamil Nadu,20. Ramanathapuram,2019,Sunflower,Rabi,157.0,63.0,0.4,,,,,,,,,,,,,
Tamil Nadu,20. Ramanathapuram,2019,Urad,Kharif,11.0,10.0,0.91,,,,,,,,,,,,,
Tamil Nadu,20. Ramanathapuram,2019,Urad,Rabi,3615.0,1303.0,0.36,,,,,,,,,,,,,
Tamil Nadu,20. Ramanathapuram,2019,Other Cereals,Kharif,1.0,1.0,1.0,,,,,,,,,,,,,
Tamil Nadu,20. Ramanathapuram,2019,Other Cereals,Rabi,1964.0,2619.0,1.33,,,,,,,,,,,,,
Tamil Nadu,20. Ramanathapuram,2019,Cowpea(Lobia),Rabi,384.0,270.0,0.7,,,,,,,,,,,,,
Tamil Nadu,20. Ramanathapuram,2019,Other Rabi pulses,Rabi,1.0,1.0,1.0,,,,,,,,,,,,,
Tamil Nadu,20. Ramanathapuram,2020,Bajra,Rabi,1059.0,1900.0,1.79,,,,,,,,,,,,,
Tamil Nadu,20. Ramanathapuram,2020,Cotton(lint),Kharif,9.0,18.0,2.0,,,,,,,,,,,,,
Tamil Nadu,20. Ramanathapuram,2020,Cotton(lint),Rabi,5721.0,8000.0,1.4,,,,,,,,,,,,,
Tamil Nadu,20. Ramanathapuram,2020,Groundnut,Rabi,3364.0,5904.0,1.76,,,,,,,,,,,,,
Tamil Nadu,20. Ramanathapuram,2020,Jowar,Rabi,5574.0,9813.0,1.76,,,,,,,,,,,,,
Tamil Nadu,20. Ramanathapuram,2020,Maize,Rabi,561.0,2967.0,5.29,,,,,,,,,,,,,
Tamil Nadu,20. Ramanathapuram,2020,Moong(Green Gram),Rabi,308.0,87.0,0.28,,,,,,,,,,,,,
Tamil Nadu,20. Ramanathapuram,2020,Onion,Rabi,242.0,1344.0,5.55,,,,,,,,,,,,,
Tamil Nadu,20. Ramanathapuram,2020,Ragi,Kharif,2.0,7.0,3.5,,,,,,,,,,,,,
Tamil Nadu,20. Ramanathapuram,2020,Ragi,Rabi,352.0,1461.0,4.15,,,,,,,,,,,,,
Tamil Nadu,20. Ramanathapuram,2020,Rice,Winter,133847.0,349191.0,2.61,,,,,,,,,,,,,
Tamil Nadu,20. Ramanathapuram,2020,Sesamum,Kharif,1.0,0.0,0.0,,,,,,,,,,,,,
Tamil Nadu,20. Ramanathapuram,2020,Sesamum,Rabi,653.0,74.0,0.11,,,,,,,,,,,,,
Tamil Nadu,20. Ramanathapuram,2020,Small millets,Kharif,7.0,3.0,0.43,,,,,,,,,,,,,
Tamil Nadu,20. Ramanathapuram,2020,Small millets,Rabi,13.0,16.0,1.23,,,,,,,,,,,,,
Tamil Nadu,20. Ramanathapuram,2020,Sunflower,Rabi,271.0,246.0,0.91,,,,,,,,,,,,,
Tamil Nadu,20. Ramanathapuram,2020,Urad,Rabi,3773.0,383.0,0.1,,,,,,,,,,,,,
Tamil Nadu,20. Ramanathapuram,2020,Other Cereals,Rabi,1193.0,1592.0,1.33,,,,,,,,,,,,,
Tamil Nadu,20. Ramanathapuram,2020,Cowpea(Lobia),Rabi,373.0,249.0,0.67,,,,,,,,,,,,,
Tamil Nadu,20. Ramanathapuram,2021,Bajra,Rabi,1015.0,1616.0,1.59,,,,,,,,,,,,,
Tamil Nadu,20. Ramanathapuram,2021,Castor seed,Kharif,1.0,0.0,0.0,,,,,,,,,,,,,
Tamil Nadu,20. Ramanathapuram,2021,Cotton(lint),Rabi,9242.0,10114.0,1.09,,,,,,,,,,,,,
Tamil Nadu,20. Ramanathapuram,2021,Groundnut,Kharif,1.0,3.0,3.0,,,,,,,,,,,,,
Tamil Nadu,20. Ramanathapuram,2021,Groundnut,Rabi,3127.0,3610.0,1.15,,,,,,,,,,,,,
Tamil Nadu,20. Ramanathapuram,2021,Horse-gram,Rabi,2.0,2.0,1.0,,,,,,,,,,,,,
Tamil Nadu,20. Ramanathapuram,2021,Jowar,Rabi,5529.0,10041.0,1.82,,,,,,,,,,,,,
Tamil Nadu,20. Ramanathapuram,2021,Maize,Rabi,441.0,2677.0,6.07,,,,,,,,,,,,,
Tamil Nadu,20. Ramanathapuram,2021,Moong(Green Gram),Rabi,641.0,208.0,0.32,,,,,,,,,,,,,
Tamil Nadu,20. Ramanathapuram,2021,Onion,Rabi,232.0,1404.0,6.05,,,,,,,,,,,,,
Tamil Nadu,20. Ramanathapuram,2021,Other Kharif pulses,Rabi,1.0,1.0,1.0,,,,,,,,,,,,,
Tamil Nadu,20. Ramanathapuram,2021,Ragi,Rabi,202.0,822.0,4.07,,,,,,,,,,,,,
Tamil Nadu,20. Ramanathapuram,2021,Rice,Winter,136340.0,316868.0,2.32,,,,,,,,,,,,,
Tamil Nadu,20. Ramanathapuram,2021,Sesamum,Rabi,1412.0,431.0,0.31,,,,,,,,,,,,,
Tamil Nadu,20. Ramanathapuram,2021,Small millets,Kharif,3.0,1.0,0.33,,,,,,,,,,,,,
Tamil Nadu,20. Ramanathapuram,2021,Small millets,Rabi,11.0,16.0,1.45,,,,,,,,,,,,,
Tamil Nadu,20. Ramanathapuram,2021,Sunflower,Rabi,146.0,43.0,0.29,,,,,,,,,,,,,
Tamil Nadu,20. Ramanathapuram,2021,Urad,Kharif,5.0,4.0,0.8,,,,,,,,,,,,,
Tamil Nadu,20. Ramanathapuram,2021,Urad,Rabi,3963.0,770.0,0.19,,,,,,,,,,,,,
Tamil Nadu,20. Ramanathapuram,2021,Arhar/Tur,Rabi,1.0,1.0,1.0,,,,,,,,,,,,,
Tamil Nadu,20. Ramanathapuram,2021,Other Cereals,Rabi,1214.0,1619.0,1.33,,,,,,,,,,,,,
Tamil Nadu,20. Ramanathapuram,2021,Cowpea(Lobia),Kharif,3.0,2.0,0.67,,,,,,,,,,,,,
Tamil Nadu,20. Ramanathapuram,2021,Cowpea(Lobia),Rabi,518.0,320.0,0.62,,,,,,,,,,,,,
Tamil Nadu,20. Ramanathapuram,2022,Bajra,Rabi,667.0,266.0,0.4,,,,,,,,,,,,,
Tamil Nadu,20. Ramanathapuram,2022,Cotton(lint),Kharif,162.0,309.0,1.91,,,,,,,,,,,,,
Tamil Nadu,20. Ramanathapuram,2022,Cotton(lint),Rabi,9929.0,8160.0,0.82,,,,,,,,,,,,,
Tamil Nadu,20. Ramanathapuram,2022,Groundnut,Kharif,87.0,184.0,2.11,,,,,,,,,,,,,
Tamil Nadu,20. Ramanathapuram,2022,Groundnut,Rabi,2153.0,656.0,0.3,,,,,,,,,,,,,
Tamil Nadu,20. Ramanathapuram,2022,Jowar,Kharif,118.0,98.0,0.83,,,,,,,,,,,,,
Tamil Nadu,20. Ramanathapuram,2022,Jowar,Rabi,4473.0,1225.0,0.27,,,,,,,,,,,,,
Tamil Nadu,20. Ramanathapuram,2022,Maize,Kharif,41.0,320.0,7.8,,,,,,,,,,,,,
Tamil Nadu,20. Ramanathapuram,2022,Maize,Rabi,410.0,2518.0,6.14,,,,,,,,,,,,,
Tamil Nadu,20. Ramanathapuram,2022,Moong(Green Gram),Kharif,5.0,4.0,0.8,,,,,,,,,,,,,
Tamil Nadu,20. Ramanathapuram,2022,Moong(Green Gram),Rabi,161.0,49.0,0.3,,,,,,,,,,,,,
Tamil Nadu,20. Ramanathapuram,2022,Onion,Rabi,228.0,1745.0,7.65,,,,,,,,,,,,,
Tamil Nadu,20. Ramanathapuram,2022,Ragi,Rabi,154.0,640.0,4.16,,,,,,,,,,,,,
Tamil Nadu,20. Ramanathapuram,2022,Rice,Winter,134571.0,117722.0,0.87,,,,,,,,,,,,,
Tamil Nadu,20. Ramanathapuram,2022,Sesamum,Rabi,978.0,216.0,0.22,,,,,,,,,,,,,
Tamil Nadu,20. Ramanathapuram,2022,Small millets,Rabi,9.0,15.0,1.67,,,,,,,,,,,,,
Tamil Nadu,20. Ramanathapuram,2022,Sunflower,Rabi,168.0,42.0,0.25,,,,,,,,,,,,,
Tamil Nadu,20. Ramanathapuram,2022,Urad,Rabi,3745.0,447.0,0.12,,,,,,,,,,,,,
Tamil Nadu,20. Ramanathapuram,2022,Arhar/Tur,Rabi,2.0,2.0,1.0,,,,,,,,,,,,,
Tamil Nadu,20. Ramanathapuram,2022,Other Cereals,Kharif,7.0,9.0,1.29,,,,,,,,,,,,,
Tamil Nadu,20. Ramanathapuram,2022,Other Cereals,Rabi,984.0,1312.0,1.33,,,,,,,,,,,,,
Tamil Nadu,20. Ramanathapuram,2022,Cowpea(Lobia),Kharif,1.0,1.0,1.0,,,,,,,,,,,,,
Tamil Nadu,20. Ramanathapuram,2022,Cowpea(Lobia),Rabi,242.0,114.0,0.47,,,,,,,,,,,,,
Tamil Nadu,20. Ramanathapuram,2022,Other Rabi pulses,Rabi,1.0,1.0,1.0,,,,,,,,,,,,,
Tamil Nadu,2Ranipet,2019,Other Kharif pulses,Kharif,102.0,94.0,0.92,,,,,,,,,,,,,
Tamil Nadu,2Ranipet,2019,Other Rabi pulses,Rabi,6.0,5.0,0.83,,,,,,,,,,,,,
Tamil Nadu,2Ranipet,2020,Bajra,Kharif,100.0,264.0,2.64,,,,,,,,,,,,,
Tamil Nadu,2Ranipet,2020,Bajra,Rabi,17.0,25.0,1.47,,,,,,,,,,,,,
Tamil Nadu,2Ranipet,2020,Castor seed,Kharif,1.0,0.0,0.0,,,,,,,,,,,,,
Tamil Nadu,2Ranipet,2020,Cotton(lint),Kharif,14.0,27.0,1.93,,,,,,,,,,,,,
Tamil Nadu,2Ranipet,2020,Groundnut,Kharif,8766.0,21828.0,2.49,,,,,,,,,,,,,
Tamil Nadu,2Ranipet,2020,Groundnut,Rabi,2601.0,7542.0,2.9,,,,,,,,,,,,,
Tamil Nadu,2Ranipet,2020,Horse-gram,Kharif,4.0,3.0,0.75,,,,,,,,,,,,,
Tamil Nadu,2Ranipet,2020,Horse-gram,Rabi,14.0,10.0,0.71,,,,,,,,,,,,,
Tamil Nadu,2Ranipet,2020,Jowar,Kharif,55.0,63.0,1.15,,,,,,,,,,,,,
Tamil Nadu,2Ranipet,2020,Jowar,Rabi,6.0,6.0,1.0,,,,,,,,,,,,,
Tamil Nadu,2Ranipet,2020,Maize,Kharif,1.0,7.0,7.0,,,,,,,,,,,,,
Tamil Nadu,2Ranipet,2020,Maize,Rabi,1.0,7.0,7.0,,,,,,,,,,,,,
Tamil Nadu,2Ranipet,2020,Moong(Green Gram),Kharif,332.0,291.0,0.88,,,,,,,,,,,,,
Tamil Nadu,2Ranipet,2020,Moong(Green Gram),Rabi,778.0,219.0,0.28,,,,,,,,,,,,,
Tamil Nadu,2Ranipet,2020,Onion,Rabi,3.0,16.0,5.33,,,,,,,,,,,,,
Tamil Nadu,2Ranipet,2020,Other Kharif pulses,Kharif,85.0,50.0,0.59,,,,,,,,,,,,,
Tamil Nadu,2Ranipet,2020,Ragi,Kharif,74.0,242.0,3.27,,,,,,,,,,,,,
Tamil Nadu,2Ranipet,2020,Ragi,Rabi,554.0,2293.0,4.14,,,,,,,,,,,,,
Tamil Nadu,2Ranipet,2020,Rice,Autumn,6809.0,32147.0,4.72,,,,,,,,,,,,,
Tamil Nadu,2Ranipet,2020,Rice,Winter,9659.0,39138.0,4.05,,,,,,,,,,,,,
Tamil Nadu,2Ranipet,2020,Sesamum,Kharif,38.0,23.0,0.61,,,,,,,,,,,,,
Tamil Nadu,2Ranipet,2020,Sesamum,Rabi,220.0,148.0,0.67,,,,,,,,,,,,,
Tamil Nadu,2Ranipet,2020,Urad,Kharif,884.0,717.0,0.81,,,,,,,,,,,,,
Tamil Nadu,2Ranipet,2020,Urad,Rabi,1002.0,518.0,0.52,,,,,,,,,,,,,
Tamil Nadu,2Ranipet,2020,Arhar/Tur,Kharif,872.0,1105.0,1.27,,,,,,,,,,,,,
Tamil Nadu,2Ranipet,2020,Arhar/Tur,Rabi,1.0,1.0,1.0,,,,,,,,,,,,,
Tamil Nadu,2Ranipet,2020,Other Cereals,Rabi,8.0,10.0,1.25,,,,,,,,,,,,,
Tamil Nadu,2Ranipet,2020,Cowpea(Lobia),Kharif,612.0,515.0,0.84,,,,,,,,,,,,,
Tamil Nadu,2Ranipet,2020,Cowpea(Lobia),Rabi,196.0,131.0,0.67,,,,,,,,,,,,,
Tamil Nadu,2Ranipet,2020,Other Rabi pulses,Rabi,2.0,1.0,0.5,,,,,,,,,,,,,
Tamil Nadu,2Ranipet,2021,Bajra,Kharif,72.0,142.0,1.97,,,,,,,,,,,,,
Tamil Nadu,2Ranipet,2021,Cotton(lint),Kharif,13.0,21.0,1.62,,,,,,,,,,,,,
Tamil Nadu,2Ranipet,2021,Groundnut,Kharif,7468.0,19919.0,2.67,,,,,,,,,,,,,
Tamil Nadu,2Ranipet,2021,Groundnut,Rabi,1638.0,4753.0,2.9,,,,,,,,,,,,,
Tamil Nadu,2Ranipet,2021,Horse-gram,Rabi,13.0,9.0,0.69,,,,,,,,,,,,,
Tamil Nadu,2Ranipet,2021,Jowar,Kharif,25.0,27.0,1.08,,,,,,,,,,,,,
Tamil Nadu,2Ranipet,2021,Jowar,Rabi,2.0,1.0,0.5,,,,,,,,,,,,,
Tamil Nadu,2Ranipet,2021,Maize,Kharif,1.0,8.0,8.0,,,,,,,,,,,,,
Tamil Nadu,2Ranipet,2021,Moong(Green Gram),Kharif,285.0,232.0,0.81,,,,,,,,,,,,,
Tamil Nadu,2Ranipet,2021,Moong(Green Gram),Rabi,950.0,308.0,0.32,,,,,,,,,,,,,
Tamil Nadu,2Ranipet,2021,Onion,Kharif,2.0,19.0,9.5,,,,,,,,,,,,,
Tamil Nadu,2Ranipet,2021,Onion,Rabi,7.0,39.0,5.57,,,,,,,,,,,,,
Tamil Nadu,2Ranipet,2021,Other Kharif pulses,Kharif,68.0,40.0,0.59,,,,,,,,,,,,,
Tamil Nadu,2Ranipet,2021,Other Kharif pulses,Rabi,6.0,4.0,0.67,,,,,,,,,,,,,
Tamil Nadu,2Ranipet,2021,Ragi,Kharif,79.0,225.0,2.85,,,,,,,,,,,,,
Tamil Nadu,2Ranipet,2021,Ragi,Rabi,617.0,2505.0,4.06,,,,,,,,,,,,,
Tamil Nadu,2Ranipet,2021,Rice,Autumn,11003.0,50092.0,4.55,,,,,,,,,,,,,
Tamil Nadu,2Ranipet,2021,Rice,Winter,14511.0,46729.0,3.22,,,,,,,,,,,,,
Tamil Nadu,2Ranipet,2021,Sesamum,Kharif,14.0,10.0,0.71,,,,,,,,,,,,,
Tamil Nadu,2Ranipet,2021,Sesamum,Rabi,224.0,125.0,0.56,,,,,,,,,,,,,
Tamil Nadu,2Ranipet,2021,Urad,Kharif,652.0,279.0,0.43,,,,,,,,,,,,,
Tamil Nadu,2Ranipet,2021,Urad,Rabi,1434.0,909.0,0.63,,,,,,,,,,,,,
Tamil Nadu,2Ranipet,2021,Arhar/Tur,Kharif,707.0,529.0,0.75,,,,,,,,,,,,,
Tamil Nadu,2Ranipet,2021,Arhar/Tur,Rabi,1.0,1.0,1.0,,,,,,,,,,,,,
Tamil Nadu,2Ranipet,2021,Cowpea(Lobia),Kharif,348.0,274.0,0.79,,,,,,,,,,,,,
Tamil Nadu,2Ranipet,2021,Cowpea(Lobia),Rabi,256.0,158.0,0.62,,,,,,,,,,,,,
Tamil Nadu,2Ranipet,2022,Bajra,Kharif,76.0,194.0,2.55,,,,,,,,,,,,,
Tamil Nadu,2Ranipet,2022,Bajra,Rabi,7.0,14.0,2.0,,,,,,,,,,,,,
Tamil Nadu,2Ranipet,2022,Cotton(lint),Kharif,33.0,62.0,1.88,,,,,,,,,,,,,
Tamil Nadu,2Ranipet,2022,Cotton(lint),Rabi,1.0,1.0,1.0,,,,,,,,,,,,,
Tamil Nadu,2Ranipet,2022,Groundnut,Kharif,8001.0,23359.0,2.92,,,,,,,,,,,,,
Tamil Nadu,2Ranipet,2022,Groundnut,Rabi,1994.0,6433.0,3.23,,,,,,,,,,,,,
Tamil Nadu,2Ranipet,2022,Horse-gram,Rabi,2.0,2.0,1.0,,,,,,,,,,,,,
Tamil Nadu,2Ranipet,2022,Jowar,Kharif,26.0,21.0,0.81,,,,,,,,,,,,,
Tamil Nadu,2Ranipet,2022,Jowar,Rabi,7.0,6.0,0.86,,,,,,,,,,,,,
Tamil Nadu,2Ranipet,2022,Maize,Kharif,1.0,8.0,8.0,,,,,,,,,,,,,
Tamil Nadu,2Ranipet,2022,Maize,Rabi,1.0,6.0,6.0,,,,,,,,,,,,,
Tamil Nadu,2Ranipet,2022,Moong(Green Gram),Kharif,398.0,315.0,0.79,,,,,,,,,,,,,
Tamil Nadu,2Ranipet,2022,Moong(Green Gram),Rabi,486.0,148.0,0.3,,,,,,,,,,,,,
Tamil Nadu,2Ranipet,2022,Onion,Rabi,2.0,15.0,7.5,,,,,,,,,,,,,
Tamil Nadu,2Ranipet,2022,Other Kharif pulses,Kharif,78.0,49.0,0.63,,,,,,,,,,,,,
Tamil Nadu,2Ranipet,2022,Ragi,Kharif,192.0,540.0,2.81,,,,,,,,,,,,,
Tamil Nadu,2Ranipet,2022,Ragi,Rabi,612.0,2537.0,4.15,,,,,,,,,,,,,
Tamil Nadu,2Ranipet,2022,Rice,Autumn,12074.0,52458.0,4.34,,,,,,,,,,,,,
Tamil Nadu,2Ranipet,2022,Rice,Winter,14683.0,55892.0,3.81,,,,,,,,,,,,,
Tamil Nadu,2Ranipet,2022,Sesamum,Kharif,17.0,8.0,0.47,,,,,,,,,,,,,
Tamil Nadu,2Ranipet,2022,Sesamum,Rabi,116.0,62.0,0.53,,,,,,,,,,,,,
Tamil Nadu,2Ranipet,2022,Urad,Kharif,1086.0,785.0,0.72,,,,,,,,,,,,,
Tamil Nadu,2Ranipet,2022,Urad,Rabi,1693.0,1109.0,0.66,,,,,,,,,,,,,
Tamil Nadu,2Ranipet,2022,Arhar/Tur,Kharif,708.0,735.0,1.04,,,,,,,,,,,,,
Tamil Nadu,2Ranipet,2022,Arhar/Tur,Rabi,26.0,27.0,1.04,,,,,,,,,,,,,
Tamil Nadu,2Ranipet,2022,Cowpea(Lobia),Kharif,502.0,402.0,0.8,,,,,,,,,,,,,
Tamil Nadu,2Ranipet,2022,Cowpea(Lobia),Rabi,131.0,62.0,0.47,,,,,,,,,,,,,
Tamil Nadu,2Ranipet,2022,Other Rabi pulses,Rabi,2.0,1.0,0.5,,,,,,,,,,,,,
Tamil Nadu,2Ranipet,2022,Potato,Rabi,1.0,24.0,24.0,,,,,,,,,,,,,
Tamil Nadu,22. Salem,2015,Bajra,Kharif,1532.0,4631.0,3.02,,,,,,,,,,,,,
Tamil Nadu,22. Salem,2015,Bajra,Rabi,74.0,181.0,2.45,,,,,,,,,,,,,
Tamil Nadu,22. Salem,2015,Castor seed,Kharif,864.0,263.0,0.3,,,,,,,,,,,,,
Tamil Nadu,22. Salem,2015,Cotton(lint),Kharif,11338.0,34614.0,3.05,,,,,,,,,,,,,
Tamil Nadu,22. Salem,2015,Cotton(lint),Rabi,1129.0,3739.0,3.31,,,,,,,,,,,,,
Tamil Nadu,22. Salem,2015,Groundnut,Kharif,18892.0,38672.0,2.05,,,,,,,,,,,,,
Tamil Nadu,22. Salem,2015,Groundnut,Rabi,2926.0,8395.0,2.87,,,,,,,,,,,,,
Tamil Nadu,22. Salem,2015,Horse-gram,Kharif,506.0,418.0,0.83,,,,,,,,,,,,,
Tamil Nadu,22. Salem,2015,Horse-gram,Rabi,5302.0,4385.0,0.83,,,,,,,,,,,,,
Tamil Nadu,22. Salem,2015,Jowar,Kharif,31213.0,31931.0,1.02,,,,,,,,,,,,,
Tamil Nadu,22. Salem,2015,Jowar,Rabi,10763.0,13109.0,1.22,,,,,,,,,,,,,
Tamil Nadu,22. Salem,2015,Maize,Kharif,24721.0,275936.0,11.16,,,,,,,,,,,,,
Tamil Nadu,22. Salem,2015,Maize,Rabi,12413.0,101948.0,8.21,,,,,,,,,,,,,
Tamil Nadu,22. Salem,2015,Masoor,Kharif,3950.0,3717.0,0.94,,,,,,,,,,,,,
Tamil Nadu,22. Salem,2015,Moong(Green Gram),Kharif,14686.0,12880.0,0.88,,,,,,,,,,,,,
Tamil Nadu,22. Salem,2015,Moong(Green Gram),Rabi,1408.0,736.0,0.52,,,,,,,,,,,,,
Tamil Nadu,22. Salem,2015,Onion,Kharif,715.0,6351.0,8.88,,,,,,,,,,,,,
Tamil Nadu,22. Salem,2015,Onion,Rabi,567.0,6441.0,11.36,,,,,,,,,,,,,
Tamil Nadu,22. Salem,2015,Other Kharif pulses,Kharif,31255.0,18284.0,0.58,,,,,,,,,,,,,
Tamil Nadu,22. Salem,2015,Ragi,Kharif,5915.0,17615.0,2.98,,,,,,,,,,,,,
Tamil Nadu,22. Salem,2015,Ragi,Rabi,2287.0,8553.0,3.74,,,,,,,,,,,,,
Tamil Nadu,22. Salem,2015,Rice,Kharif,24714.0,122541.0,4.96,,,,,,,,,,,,,
Tamil Nadu,22. Salem,2015,Sesamum,Kharif,1745.0,1393.0,0.8,,,,,,,,,,,,,
Tamil Nadu,22. Salem,2015,Sesamum,Rabi,1572.0,1349.0,0.86,,,,,,,,,,,,,
Tamil Nadu,22. Salem,2015,Small millets,Kharif,1433.0,2195.0,1.53,,,,,,,,,,,,,
Tamil Nadu,22. Salem,2015,Sunflower,Kharif,21.0,30.0,1.43,,,,,,,,,,,,,
Tamil Nadu,22. Salem,2015,Sunflower,Rabi,15.0,14.0,0.93,,,,,,,,,,,,,
Tamil Nadu,22. Salem,2015,Urad,Kharif,5412.0,5953.0,1.1,,,,,,,,,,,,,
Tamil Nadu,22. Salem,2015,Urad,Rabi,1454.0,1019.0,0.7,,,,,,,,,,,,,
Tamil Nadu,22. Salem,2015,Rapeseed &Mustard,Rabi,12.0,3.0,0.25,,,,,,,,,,,,,
Tamil Nadu,22. Salem,2015,Gram,Rabi,7.0,4.0,0.57,,,,,,,,,,,,,
Tamil Nadu,22. Salem,2016,Bajra,Kharif,1138.0,2047.0,1.8,,,,,,,,,,,,,
Tamil Nadu,22. Salem,2016,Bajra,Rabi,50.0,25.0,0.5,,,,,,,,,,,,,
Tamil Nadu,22. Salem,2016,Castor seed,Kharif,909.0,282.0,0.31,,,,,,,,,,,,,
Tamil Nadu,22. Salem,2016,Cotton(lint),Kharif,11533.0,20470.0,1.77,,,,,,,,,,,,,
Tamil Nadu,22. Salem,2016,Cotton(lint),Rabi,1168.0,2993.0,2.56,,,,,,,,,,,,,
Tamil Nadu,22. Salem,2016,Groundnut,Kharif,14370.0,25287.0,1.76,,,,,,,,,,,,,
Tamil Nadu,22. Salem,2016,Groundnut,Rabi,1395.0,2347.0,1.68,,,,,,,,,,,,,
Tamil Nadu,22. Salem,2016,Horse-gram,Kharif,287.0,90.0,0.31,,,,,,,,,,,,,
Tamil Nadu,22. Salem,2016,Horse-gram,Rabi,1082.0,340.0,0.31,,,,,,,,,,,,,
Tamil Nadu,22. Salem,2016,Jowar,Kharif,21280.0,23625.0,1.11,,,,,,,,,,,,,
Tamil Nadu,22. Salem,2016,Jowar,Rabi,5248.0,4561.0,0.87,,,,,,,,,,,,,
Tamil Nadu,22. Salem,2016,Maize,Kharif,27824.0,229165.0,8.24,,,,,,,,,,,,,
Tamil Nadu,22. Salem,2016,Maize,Rabi,2538.0,8545.0,3.37,,,,,,,,,,,,,
Tamil Nadu,22. Salem,2016,Moong(Green Gram),Kharif,13589.0,12214.0,0.9,,,,,,,,,,,,,
Tamil Nadu,22. Salem,2016,Moong(Green Gram),Rabi,616.0,147.0,0.24,,,,,,,,,,,,,
Tamil Nadu,22. Salem,2016,Onion,Kharif,641.0,6778.0,10.57,,,,,,,,,,,,,
Tamil Nadu,22. Salem,2016,Onion,Rabi,236.0,210.0,0.89,,,,,,,,,,,,,
Tamil Nadu,22. Salem,2016,Ragi,Kharif,4110.0,6628.0,1.61,,,,,,,,,,,,,
Tamil Nadu,22. Salem,2016,Ragi,Rabi,902.0,2928.0,3.25,,,,,,,,,,,,,
Tamil Nadu,22. Salem,2016,Rice,Kharif,5024.0,18415.0,3.67,,,,,,,,,,,,,
Tamil Nadu,22. Salem,2016,Sesamum,Kharif,212.0,83.0,0.39,,,,,,,,,,,,,
Tamil Nadu,22. Salem,2016,Sesamum,Rabi,135.0,113.0,0.84,,,,,,,,,,,,,
Tamil Nadu,22. Salem,2016,Small millets,Kharif,1346.0,1868.0,1.39,,,,,,,,,,,,,
Tamil Nadu,22. Salem,2016,Sunflower,Kharif,5.0,4.0,0.8,,,,,,,,,,,,,
Tamil Nadu,22. Salem,2016,Sunflower,Rabi,1.0,,0.0,,,,,,,,,,,,,
Tamil Nadu,22. Salem,2016,Urad,Kharif,6407.0,4400.0,0.69,,,,,,,,,,,,,
Tamil Nadu,22. Salem,2016,Urad,Rabi,780.0,282.0,0.36,,,,,,,,,,,,,
Tamil Nadu,22. Salem,2016,Arhar/Tur,Kharif,4272.0,2033.0,0.48,,,,,,,,,,,,,
Tamil Nadu,22. Salem,2016,Other Cereals,Kharif,355.0,202.0,0.57,,,,,,,,,,,,,
Tamil Nadu,22. Salem,2016,Gram,Rabi,17.0,10.0,0.59,,,,,,,,,,,,,
Tamil Nadu,22. Salem,2017,Bajra,Kharif,547.0,1076.0,1.97,,,,,,,,,,,,,
Tamil Nadu,22. Salem,2017,Bajra,Rabi,41.0,85.0,2.07,,,,,,,,,,,,,
Tamil Nadu,22. Salem,2017,Castor seed,Kharif,562.0,173.1,0.31,,,,,,,,,,,,,
Tamil Nadu,22. Salem,2017,Cotton(lint),Kharif,15885.0,43.0,0.0,,,,,,,,,,,,,
Tamil Nadu,22. Salem,2017,Cotton(lint),Rabi,1214.0,4.0,0.0,,,,,,,,,,,,,
Tamil Nadu,22. Salem,2017,Groundnut,Kharif,13732.0,34920.0,2.54,,,,,,,,,,,,,
Tamil Nadu,22. Salem,2017,Groundnut,Rabi,4016.0,12413.0,3.09,,,,,,,,,,,,,
Tamil Nadu,22. Salem,2017,Horse-gram,Kharif,261.0,173.0,0.66,,,,,,,,,,,,,
Tamil Nadu,22. Salem,2017,Horse-gram,Rabi,3864.0,2550.0,0.66,,,,,,,,,,,,,
Tamil Nadu,22. Salem,2017,Jowar,Kharif,36502.0,34932.0,0.96,,,,,,,,,,,,,
Tamil Nadu,22. Salem,2017,Jowar,Rabi,14455.0,17577.0,1.22,,,,,,,,,,,,,
Tamil Nadu,22. Salem,2017,Maize,Kharif,25079.0,238200.0,9.5,,,,,,,,,,,,,
Tamil Nadu,22. Salem,2017,Maize,Rabi,9331.0,89970.0,9.64,,,,,,,,,,,,,
Tamil Nadu,22. Salem,2017,Moong(Green Gram),Kharif,11020.0,8232.0,0.75,,,,,,,,,,,,,
Tamil Nadu,22. Salem,2017,Moong(Green Gram),Rabi,946.0,377.0,0.4,,,,,,,,,,,,,
Tamil Nadu,22. Salem,2017,Onion,Kharif,135.0,1469.0,10.88,,,,,,,,,,,,,
Tamil Nadu,22. Salem,2017,Onion,Rabi,300.0,3129.0,10.43,,,,,,,,,,,,,
Tamil Nadu,22. Salem,2017,Other Kharif pulses,Kharif,7966.0,5259.0,0.66,,,,,,,,,,,,,
Tamil Nadu,22. Salem,2017,Ragi,Kharif,4619.0,13252.0,2.87,,,,,,,,,,,,,
Tamil Nadu,22. Salem,2017,Ragi,Rabi,2688.0,12373.0,4.6,,,,,,,,,,,,,
Tamil Nadu,22. Salem,2017,Rice,Autumn,363.0,1399.0,3.85,,,,,,,,,,,,,
Tamil Nadu,22. Salem,2017,Rice,Winter,14100.0,75068.0,5.32,,,,,,,,,,,,,
Tamil Nadu,22. Salem,2017,Sesamum,Kharif,898.0,561.0,0.62,,,,,,,,,,,,,
Tamil Nadu,22. Salem,2017,Sesamum,Rabi,1053.0,504.0,0.48,,,,,,,,,,,,,
Tamil Nadu,22. Salem,2017,Small millets,Kharif,1207.0,1278.0,1.06,,,,,,,,,,,,,
Tamil Nadu,22. Salem,2017,Small millets,Rabi,22.0,26.0,1.18,,,,,,,,,,,,,
Tamil Nadu,22. Salem,2017,Sunflower,Kharif,7.0,14.0,2.0,,,,,,,,,,,,,
Tamil Nadu,22. Salem,2017,Sunflower,Rabi,8.0,6.0,0.75,,,,,,,,,,,,,
Tamil Nadu,22. Salem,2017,Urad,Kharif,4332.0,4627.0,1.07,,,,,,,,,,,,,
Tamil Nadu,22. Salem,2017,Urad,Rabi,2237.0,1510.0,0.68,,,,,,,,,,,,,
Tamil Nadu,22. Salem,2017,Arhar/Tur,Kharif,2320.0,2188.0,0.94,,,,,,,,,,,,,
Tamil Nadu,22. Salem,2017,Other Cereals,Kharif,435.0,247.0,0.57,,,,,,,,,,,,,
Tamil Nadu,22. Salem,2017,Cowpea(Lobia),Kharif,18031.0,13642.0,0.76,,,,,,,,,,,,,
Tamil Nadu,22. Salem,2017,Cowpea(Lobia),Rabi,1696.0,1354.0,0.8,,,,,,,,,,,,,
Tamil Nadu,22. Salem,2017,Other Rabi pulses,Rabi,1386.0,915.0,0.66,,,,,,,,,,,,,
Tamil Nadu,22. Salem,2017,Gram,Rabi,10.0,9.0,0.9,,,,,,,,,,,,,
Tamil Nadu,22. Salem,2018,Bajra,Kharif,808.0,2084.0,2.58,,,,,,,,,,,,,
Tamil Nadu,22. Salem,2018,Bajra,Rabi,24.0,45.0,1.88,,,,,,,,,,,,,
Tamil Nadu,22. Salem,2018,Castor seed,Kharif,635.0,194.0,0.31,,,,,,,,,,,,,
Tamil Nadu,22. Salem,2018,Cotton(lint),Kharif,7001.0,20172.0,2.88,,,,,,,,,,,,,
Tamil Nadu,22. Salem,2018,Cotton(lint),Rabi,2416.0,11605.0,4.8,,,,,,,,,,,,,
Tamil Nadu,22. Salem,2018,Groundnut,Kharif,17065.0,25948.0,1.52,,,,,,,,,,,,,
Tamil Nadu,22. Salem,2018,Groundnut,Rabi,2923.0,9210.0,3.15,,,,,,,,,,,,,
Tamil Nadu,22. Salem,2018,Horse-gram,Kharif,1244.0,979.0,0.79,,,,,,,,,,,,,
Tamil Nadu,22. Salem,2018,Horse-gram,Rabi,4526.0,3566.0,0.79,,,,,,,,,,,,,
Tamil Nadu,22. Salem,2018,Jowar,Kharif,29093.0,30500.0,1.05,,,,,,,,,,,,,
Tamil Nadu,22. Salem,2018,Jowar,Rabi,21512.0,27301.0,1.27,,,,,,,,,,,,,
Tamil Nadu,22. Salem,2018,Maize,Kharif,25165.0,267697.0,10.64,,,,,,,,,,,,,
Tamil Nadu,22. Salem,2018,Maize,Rabi,10061.0,90937.0,9.04,,,,,,,,,,,,,
Tamil Nadu,22. Salem,2018,Moong(Green Gram),Kharif,10710.0,9310.0,0.87,,,,,,,,,,,,,
Tamil Nadu,22. Salem,2018,Moong(Green Gram),Rabi,1230.0,504.0,0.41,,,,,,,,,,,,,
Tamil Nadu,22. Salem,2018,Onion,Kharif,600.0,5259.0,8.77,,,,,,,,,,,,,
Tamil Nadu,22. Salem,2018,Onion,Rabi,224.0,1274.0,5.69,,,,,,,,,,,,,
Tamil Nadu,22. Salem,2018,Other Kharif pulses,Kharif,5579.0,4362.0,0.78,,,,,,,,,,,,,
Tamil Nadu,22. Salem,2018,Ragi,Kharif,3006.0,7169.0,2.38,,,,,,,,,,,,,
Tamil Nadu,22. Salem,2018,Ragi,Rabi,2138.0,7092.0,3.32,,,,,,,,,,,,,
Tamil Nadu,22. Salem,2018,Rice,Autumn,412.0,1765.0,4.28,,,,,,,,,,,,,
Tamil Nadu,22. Salem,2018,Rice,Winter,8839.0,33504.0,3.79,,,,,,,,,,,,,
Tamil Nadu,22. Salem,2018,Sesamum,Kharif,651.0,309.0,0.47,,,,,,,,,,,,,
Tamil Nadu,22. Salem,2018,Sesamum,Rabi,534.0,303.0,0.57,,,,,,,,,,,,,
Tamil Nadu,22. Salem,2018,Small millets,Kharif,897.0,1007.0,1.12,,,,,,,,,,,,,
Tamil Nadu,22. Salem,2018,Small millets,Rabi,45.0,67.0,1.49,,,,,,,,,,,,,
Tamil Nadu,22. Salem,2018,Sunflower,Rabi,2.0,1.0,0.5,,,,,,,,,,,,,
Tamil Nadu,22. Salem,2018,Urad,Kharif,2713.0,2225.0,0.82,,,,,,,,,,,,,
Tamil Nadu,22. Salem,2018,Urad,Rabi,2174.0,1319.0,0.61,,,,,,,,,,,,,
Tamil Nadu,22. Salem,2018,Arhar/Tur,Kharif,1849.0,2517.0,1.36,,,,,,,,,,,,,
Tamil Nadu,22. Salem,2018,Other Cereals,Kharif,392.0,532.0,1.36,,,,,,,,,,,,,
Tamil Nadu,22. Salem,2018,Cowpea(Lobia),Kharif,17354.0,13489.0,0.78,,,,,,,,,,,,,
Tamil Nadu,22. Salem,2018,Cowpea(Lobia),Rabi,3225.0,2458.0,0.76,,,,,,,,,,,,,
Tamil Nadu,22. Salem,2018,Other Rabi pulses,Rabi,3472.0,2715.0,0.78,,,,,,,,,,,,,
Tamil Nadu,22. Salem,2018,Gram,Rabi,16.0,15.0,0.94,,,,,,,,,,,,,
Tamil Nadu,22. Salem,2019,Bajra,Kharif,1111.0,3094.0,2.78,,,,,,,,,,,,,
Tamil Nadu,22. Salem,2019,Bajra,Rabi,9.0,24.0,2.67,,,,,,,,,,,,,
Tamil Nadu,22. Salem,2019,Castor seed,Kharif,1166.0,357.0,0.31,,,,,,,,,,,,,
Tamil Nadu,22. Salem,2019,Cotton(lint),Kharif,11811.0,31246.0,2.65,,,,,,,,,,,,,
Tamil Nadu,22. Salem,2019,Cotton(lint),Rabi,2203.0,8783.0,3.99,,,,,,,,,,,,,
Tamil Nadu,22. Salem,2019,Groundnut,Kharif,16167.0,40320.0,2.49,,,,,,,,,,,,,
Tamil Nadu,22. Salem,2019,Groundnut,Rabi,3685.0,14546.0,3.95,,,,,,,,,,,,,
Tamil Nadu,22. Salem,2019,Horse-gram,Kharif,26.0,18.0,0.69,,,,,,,,,,,,,
Tamil Nadu,22. Salem,2019,Horse-gram,Rabi,5416.0,3742.0,0.69,,,,,,,,,,,,,
Tamil Nadu,22. Salem,2019,Jowar,Kharif,46514.0,48949.0,1.05,,,,,,,,,,,,,
Tamil Nadu,22. Salem,2019,Jowar,Rabi,20188.0,21291.0,1.05,,,,,,,,,,,,,
Tamil Nadu,22. Salem,2019,Maize,Kharif,24889.0,223114.0,8.96,,,,,,,,,,,,,
Tamil Nadu,22. Salem,2019,Maize,Rabi,7452.0,49590.0,6.65,,,,,,,,,,,,,
Tamil Nadu,22. Salem,2019,Moong(Green Gram),Kharif,6651.0,4107.0,0.62,,,,,,,,,,,,,
Tamil Nadu,22. Salem,2019,Moong(Green Gram),Rabi,926.0,393.0,0.42,,,,,,,,,,,,,
Tamil Nadu,22. Salem,2019,Onion,Kharif,501.0,4589.0,9.16,,,,,,,,,,,,,
Tamil Nadu,22. Salem,2019,Onion,Rabi,930.0,6563.0,7.06,,,,,,,,,,,,,
Tamil Nadu,22. Salem,2019,Other Kharif pulses,Kharif,8592.0,7091.0,0.83,,,,,,,,,,,,,
Tamil Nadu,22. Salem,2019,Ragi,Kharif,4888.0,16198.0,3.31,,,,,,,,,,,,,
Tamil Nadu,22. Salem,2019,Ragi,Rabi,2691.0,10011.0,3.72,,,,,,,,,,,,,
Tamil Nadu,22. Salem,2019,Rice,Autumn,295.0,1211.0,4.11,,,,,,,,,,,,,
Tamil Nadu,22. Salem,2019,Rice,Winter,15141.0,65898.0,4.35,,,,,,,,,,,,,
Tamil Nadu,22. Salem,2019,Sesamum,Kharif,790.0,630.0,0.8,,,,,,,,,,,,,
Tamil Nadu,22. Salem,2019,Sesamum,Rabi,1135.0,1186.0,1.04,,,,,,,,,,,,,
Tamil Nadu,22. Salem,2019,Small millets,Kharif,1334.0,1578.0,1.18,,,,,,,,,,,,,
Tamil Nadu,22. Salem,2019,Sunflower,Rabi,22.0,20.0,0.91,,,,,,,,,,,,,
Tamil Nadu,22. Salem,2019,Urad,Kharif,2237.0,1882.0,0.84,,,,,,,,,,,,,
Tamil Nadu,22. Salem,2019,Urad,Rabi,1381.0,1072.0,0.78,,,,,,,,,,,,,
Tamil Nadu,22. Salem,2019,Arhar/Tur,Kharif,1308.0,2930.0,2.24,,,,,,,,,,,,,
Tamil Nadu,22. Salem,2019,Arhar/Tur,Rabi,22.0,50.0,2.27,,,,,,,,,,,,,
Tamil Nadu,22. Salem,2019,Other Cereals,Kharif,825.0,1389.0,1.68,,,,,,,,,,,,,
Tamil Nadu,22. Salem,2019,Other Cereals,Rabi,44.0,59.0,1.34,,,,,,,,,,,,,
Tamil Nadu,22. Salem,2019,Cowpea(Lobia),Kharif,17037.0,10723.0,0.63,,,,,,,,,,,,,
Tamil Nadu,22. Salem,2019,Cowpea(Lobia),Rabi,1456.0,1148.0,0.79,,,,,,,,,,,,,
Tamil Nadu,22. Salem,2019,Other Rabi pulses,Rabi,3718.0,2764.0,0.74,,,,,,,,,,,,,
Tamil Nadu,22. Salem,2019,Gram,Rabi,2.0,2.0,1.0,,,,,,,,,,,,,
Tamil Nadu,22. Salem,2020,Bajra,Kharif,885.0,2334.0,2.64,,,,,,,,,,,,,
Tamil Nadu,22. Salem,2020,Bajra,Rabi,47.0,71.0,1.51,,,,,,,,,,,,,
Tamil Nadu,22. Salem,2020,Castor seed,Kharif,991.0,309.0,0.31,,,,,,,,,,,,,
Tamil Nadu,22. Salem,2020,Cotton(lint),Kharif,7321.0,19268.0,2.63,,,,,,,,,,,,,
Tamil Nadu,22. Salem,2020,Cotton(lint),Rabi,1574.0,5876.0,3.73,,,,,,,,,,,,,
Tamil Nadu,22. Salem,2020,Groundnut,Kharif,20944.0,41237.0,1.97,,,,,,,,,,,,,
Tamil Nadu,22. Salem,2020,Groundnut,Rabi,4105.0,15022.0,3.66,,,,,,,,,,,,,
Tamil Nadu,22. Salem,2020,Horse-gram,Kharif,657.0,518.0,0.79,,,,,,,,,,,,,
Tamil Nadu,22. Salem,2020,Horse-gram,Rabi,4163.0,3277.0,0.79,,,,,,,,,,,,,
Tamil Nadu,22. Salem,2020,Jowar,Kharif,35984.0,42691.0,1.19,,,,,,,,,,,,,
Tamil Nadu,22. Salem,2020,Jowar,Rabi,22445.0,28008.0,1.25,,,,,,,,,,,,,
Tamil Nadu,22. Salem,2020,Maize,Kharif,32383.0,312002.0,9.63,,,,,,,,,,,,,
Tamil Nadu,22. Salem,2020,Maize,Rabi,4507.0,37812.0,8.39,,,,,,,,,,,,,
Tamil Nadu,22. Salem,2020,Moong(Green Gram),Kharif,7383.0,7968.0,1.08,,,,,,,,,,,,,
Tamil Nadu,22. Salem,2020,Moong(Green Gram),Rabi,923.0,260.0,0.28,,,,,,,,,,,,,
Tamil Nadu,22. Salem,2020,Onion,Kharif,1071.0,8961.0,8.37,,,,,,,,,,,,,
Tamil Nadu,22. Salem,2020,Onion,Rabi,1680.0,18804.0,11.19,,,,,,,,,,,,,
Tamil Nadu,22. Salem,2020,Other Kharif pulses,Kharif,5577.0,3181.0,0.57,,,,,,,,,,,,,
Tamil Nadu,22. Salem,2020,Ragi,Kharif,4614.0,15179.0,3.29,,,,,,,,,,,,,
Tamil Nadu,22. Salem,2020,Ragi,Rabi,2987.0,14121.0,4.73,,,,,,,,,,,,,
Tamil Nadu,22. Salem,2020,Rice,Autumn,398.0,1736.0,4.36,,,,,,,,,,,,,
Tamil Nadu,22. Salem,2020,Rice,Winter,20065.0,85591.0,4.27,,,,,,,,,,,,,
Tamil Nadu,22. Salem,2020,Sesamum,Kharif,925.0,571.0,0.62,,,,,,,,,,,,,
Tamil Nadu,22. Salem,2020,Sesamum,Rabi,1325.0,1262.0,0.95,,,,,,,,,,,,,
Tamil Nadu,22. Salem,2020,Small millets,Kharif,1162.0,1699.0,1.46,,,,,,,,,,,,,
Tamil Nadu,22. Salem,2020,Small millets,Rabi,145.0,225.0,1.55,,,,,,,,,,,,,
Tamil Nadu,22. Salem,2020,Urad,Kharif,2188.0,2177.0,0.99,,,,,,,,,,,,,
Tamil Nadu,22. Salem,2020,Urad,Rabi,2058.0,1064.0,0.52,,,,,,,,,,,,,
Tamil Nadu,22. Salem,2020,Arhar/Tur,Kharif,1306.0,1894.0,1.45,,,,,,,,,,,,,
Tamil Nadu,22. Salem,2020,Arhar/Tur,Rabi,111.0,161.0,1.45,,,,,,,,,,,,,
Tamil Nadu,22. Salem,2020,Other Cereals,Kharif,682.0,1146.0,1.68,,,,,,,,,,,,,
Tamil Nadu,22. Salem,2020,Other Cereals,Rabi,26.0,37.0,1.42,,,,,,,,,,,,,
Tamil Nadu,22. Salem,2020,Cowpea(Lobia),Kharif,14101.0,13364.0,0.95,,,,,,,,,,,,,
Tamil Nadu,22. Salem,2020,Cowpea(Lobia),Rabi,2713.0,2709.0,1.0,,,,,,,,,,,,,
Tamil Nadu,22. Salem,2020,Other Rabi pulses,Rabi,5235.0,2994.0,0.57,,,,,,,,,,,,,
Tamil Nadu,22. Salem,2020,Gram,Rabi,6.0,6.0,1.0,,,,,,,,,,,,,
Tamil Nadu,22. Salem,2021,Bajra,Kharif,719.0,1799.0,2.5,,,,,,,,,,,,,
Tamil Nadu,22. Salem,2021,Bajra,Rabi,58.0,127.0,2.19,,,,,,,,,,,,,
Tamil Nadu,22. Salem,2021,Castor seed,Kharif,849.0,262.0,0.31,,,,,,,,,,,,,
Tamil Nadu,22. Salem,2021,Cotton(lint),Kharif,7952.0,19086.0,2.4,,,,,,,,,,,,,
Tamil Nadu,22. Salem,2021,Cotton(lint),Rabi,2510.0,8449.0,3.37,,,,,,,,,,,,,
Tamil Nadu,22. Salem,2021,Groundnut,Kharif,20109.0,40543.0,2.02,,,,,,,,,,,,,
Tamil Nadu,22. Salem,2021,Groundnut,Rabi,4285.0,14013.0,3.27,,,,,,,,,,,,,
Tamil Nadu,22. Salem,2021,Horse-gram,Kharif,591.0,411.0,0.7,,,,,,,,,,,,,
Tamil Nadu,22. Salem,2021,Horse-gram,Rabi,4303.0,2989.0,0.69,,,,,,,,,,,,,
Tamil Nadu,22. Salem,2021,Jowar,Kharif,38018.0,47129.0,1.24,,,,,,,,,,,,,
Tamil Nadu,22. Salem,2021,Jowar,Rabi,23365.0,17482.0,0.75,,,,,,,,,,,,,
Tamil Nadu,22. Salem,2021,Maize,Kharif,29835.0,232055.0,7.78,,,,,,,,,,,,,
Tamil Nadu,22. Salem,2021,Maize,Rabi,10082.0,85489.0,8.48,,,,,,,,,,,,,
Tamil Nadu,22. Salem,2021,Moong(Green Gram),Kharif,6172.0,6102.0,0.99,,,,,,,,,,,,,
Tamil Nadu,22. Salem,2021,Moong(Green Gram),Rabi,1297.0,421.0,0.32,,,,,,,,,,,,,
Tamil Nadu,22. Salem,2021,Onion,Kharif,1691.0,9464.0,5.6,,,,,,,,,,,,,
Tamil Nadu,22. Salem,2021,Onion,Rabi,1421.0,8233.0,5.79,,,,,,,,,,,,,
Tamil Nadu,22. Salem,2021,Other Kharif pulses,Kharif,3051.0,1716.0,0.56,,,,,,,,,,,,,
Tamil Nadu,22. Salem,2021,Other Kharif pulses,Rabi,6802.0,3882.0,0.57,,,,,,,,,,,,,
Tamil Nadu,22. Salem,2021,Ragi,Kharif,3663.0,10783.0,2.94,,,,,,,,,,,,,
Tamil Nadu,22. Salem,2021,Ragi,Rabi,2325.0,10082.0,4.34,,,,,,,,,,,,,
Tamil Nadu,22. Salem,2021,Rice,Autumn,399.0,1630.0,4.09,,,,,,,,,,,,,
Tamil Nadu,22. Salem,2021,Rice,Winter,17660.0,75784.0,4.29,,,,,,,,,,,,,
Tamil Nadu,22. Salem,2021,Sesamum,Kharif,862.0,604.0,0.7,,,,,,,,,,,,,
Tamil Nadu,22. Salem,2021,Sesamum,Rabi,1210.0,1099.0,0.91,,,,,,,,,,,,,
Tamil Nadu,22. Salem,2021,Small millets,Kharif,1191.0,1287.0,1.08,,,,,,,,,,,,,
Tamil Nadu,22. Salem,2021,Small millets,Rabi,51.0,68.0,1.33,,,,,,,,,,,,,
Tamil Nadu,22. Salem,2021,Sunflower,Kharif,4.0,7.0,1.75,,,,,,,,,,,,,
Tamil Nadu,22. Salem,2021,Sunflower,Rabi,3.0,2.0,0.67,,,,,,,,,,,,,
Tamil Nadu,22. Salem,2021,Urad,Kharif,1820.0,1679.0,0.92,,,,,,,,,,,,,
Tamil Nadu,22. Salem,2021,Urad,Rabi,2673.0,1694.0,0.63,,,,,,,,,,,,,
Tamil Nadu,22. Salem,2021,Arhar/Tur,Kharif,1790.0,1695.0,0.95,,,,,,,,,,,,,
Tamil Nadu,22. Salem,2021,Arhar/Tur,Rabi,90.0,86.0,0.96,,,,,,,,,,,,,
Tamil Nadu,22. Salem,2021,Other Cereals,Kharif,735.0,1237.0,1.68,,,,,,,,,,,,,
Tamil Nadu,22. Salem,2021,Other Cereals,Rabi,34.0,44.0,1.29,,,,,,,,,,,,,
Tamil Nadu,22. Salem,2021,Cowpea(Lobia),Kharif,14570.0,11797.0,0.81,,,,,,,,,,,,,
Tamil Nadu,22. Salem,2021,Cowpea(Lobia),Rabi,3570.0,2215.0,0.62,,,,,,,,,,,,,
Tamil Nadu,22. Salem,2021,Rapeseed &Mustard,Rabi,6.0,1.0,0.17,,,,,,,,,,,,,
Tamil Nadu,22. Salem,2022,Bajra,Kharif,566.0,1538.0,2.72,,,,,,,,,,,,,
Tamil Nadu,22. Salem,2022,Bajra,Rabi,50.0,102.0,2.04,,,,,,,,,,,,,
Tamil Nadu,22. Salem,2022,Castor seed,Kharif,662.0,207.0,0.31,,,,,,,,,,,,,
Tamil Nadu,22. Salem,2022,Cotton(lint),Kharif,7933.0,14040.0,1.77,,,,,,,,,,,,,
Tamil Nadu,22. Salem,2022,Cotton(lint),Rabi,2150.0,6601.0,3.07,,,,,,,,,,,,,
Tamil Nadu,22. Salem,2022,Groundnut,Kharif,18129.0,30771.0,1.7,,,,,,,,,,,,,
Tamil Nadu,22. Salem,2022,Groundnut,Rabi,4504.0,14724.0,3.27,,,,,,,,,,,,,
Tamil Nadu,22. Salem,2022,Horse-gram,Kharif,843.0,651.0,0.77,,,,,,,,,,,,,
Tamil Nadu,22. Salem,2022,Horse-gram,Rabi,3655.0,2215.0,0.61,,,,,,,,,,,,,
Tamil Nadu,22. Salem,2022,Jowar,Kharif,35382.0,22584.0,0.64,,,,,,,,,,,,,
Tamil Nadu,22. Salem,2022,Jowar,Rabi,20419.0,16483.0,0.81,,,,,,,,,,,,,
Tamil Nadu,22. Salem,2022,Maize,Kharif,34259.0,278755.0,8.14,,,,,,,,,,,,,
Tamil Nadu,22. Salem,2022,Maize,Rabi,14034.0,118237.0,8.43,,,,,,,,,,,,,
Tamil Nadu,22. Salem,2022,Moong(Green Gram),Kharif,7009.0,6592.0,0.94,,,,,,,,,,,,,
Tamil Nadu,22. Salem,2022,Moong(Green Gram),Rabi,1303.0,399.0,0.31,,,,,,,,,,,,,
Tamil Nadu,22. Salem,2022,Onion,Kharif,1034.0,9455.0,9.14,,,,,,,,,,,,,
Tamil Nadu,22. Salem,2022,Onion,Rabi,844.0,6782.0,8.04,,,,,,,,,,,,,
Tamil Nadu,22. Salem,2022,Other Kharif pulses,Kharif,4479.0,2666.0,0.6,,,,,,,,,,,,,
Tamil Nadu,22. Salem,2022,Ragi,Kharif,3445.0,9914.0,2.88,,,,,,,,,,,,,
Tamil Nadu,22. Salem,2022,Ragi,Rabi,2574.0,12422.0,4.83,,,,,,,,,,,,,
Tamil Nadu,22. Salem,2022,Rice,Autumn,445.0,1714.0,3.85,,,,,,,,,,,,,
Tamil Nadu,22. Salem,2022,Rice,Winter,17782.0,74552.0,4.19,,,,,,,,,,,,,
Tamil Nadu,22. Salem,2022,Sesamum,Kharif,645.0,271.0,0.42,,,,,,,,,,,,,
Tamil Nadu,22. Salem,2022,Sesamum,Rabi,876.0,729.0,0.83,,,,,,,,,,,,,
Tamil Nadu,22. Salem,2022,Small millets,Kharif,969.0,1218.0,1.26,,,,,,,,,,,,,
Tamil Nadu,22. Salem,2022,Small millets,Rabi,54.0,71.0,1.31,,,,,,,,,,,,,
Tamil Nadu,22. Salem,2022,Sunflower,Kharif,2.0,3.0,1.5,,,,,,,,,,,,,
Tamil Nadu,22. Salem,2022,Sunflower,Rabi,23.0,18.0,0.78,,,,,,,,,,,,,
Tamil Nadu,22. Salem,2022,Urad,Kharif,2126.0,2228.0,1.05,,,,,,,,,,,,,
Tamil Nadu,22. Salem,2022,Urad,Rabi,2179.0,1427.0,0.65,,,,,,,,,,,,,
Tamil Nadu,22. Salem,2022,Arhar/Tur,Kharif,1519.0,1577.0,1.04,,,,,,,,,,,,,
Tamil Nadu,22. Salem,2022,Arhar/Tur,Rabi,205.0,213.0,1.04,,,,,,,,,,,,,
Tamil Nadu,22. Salem,2022,Other Cereals,Rabi,28.0,37.0,1.32,,,,,,,,,,,,,
Tamil Nadu,22. Salem,2022,Cowpea(Lobia),Kharif,14774.0,10803.0,0.73,,,,,,,,,,,,,
Tamil Nadu,22. Salem,2022,Cowpea(Lobia),Rabi,3541.0,1963.0,0.55,,,,,,,,,,,,,
Tamil Nadu,22. Salem,2022,Other Rabi pulses,Rabi,5841.0,3516.0,0.6,,,,,,,,,,,,,
Tamil Nadu,23. Sivaganga,2015,Bajra,Kharif,16.0,43.0,2.69,,,,,,,,,,,,,
Tamil Nadu,23. Sivaganga,2015,Castor seed,Kharif,1.0,,0.0,,,,,,,,,,,,,
Tamil Nadu,23. Sivaganga,2015,Cotton(lint),Kharif,218.0,407.0,1.87,,,,,,,,,,,,,
Tamil Nadu,23. Sivaganga,2015,Cotton(lint),Rabi,85.0,252.0,2.96,,,,,,,,,,,,,
Tamil Nadu,23. Sivaganga,2015,Groundnut,Kharif,1975.0,3413.0,1.73,,,,,,,,,,,,,
Tamil Nadu,23. Sivaganga,2015,Groundnut,Rabi,1086.0,1242.0,1.14,,,,,,,,,,,,,
Tamil Nadu,23. Sivaganga,2015,Horse-gram,Kharif,47.0,28.0,0.6,,,,,,,,,,,,,
Tamil Nadu,23. Sivaganga,2015,Horse-gram,Rabi,78.0,46.0,0.59,,,,,,,,,,,,,
Tamil Nadu,23. Sivaganga,2015,Jowar,Kharif,89.0,93.0,1.04,,,,,,,,,,,,,
Tamil Nadu,23. Sivaganga,2015,Jowar,Rabi,92.0,148.0,1.61,,,,,,,,,,,,,
Tamil Nadu,23. Sivaganga,2015,Maize,Kharif,70.0,515.0,7.36,,,,,,,,,,,,,
Tamil Nadu,23. Sivaganga,2015,Maize,Rabi,25.0,171.0,6.84,,,,,,,,,,,,,
Tamil Nadu,23. Sivaganga,2015,Masoor,Kharif,100.0,102.0,1.02,,,,,,,,,,,,,
Tamil Nadu,23. Sivaganga,2015,Moong(Green Gram),Kharif,6.0,5.0,0.83,,,,,,,,,,,,,
Tamil Nadu,23. Sivaganga,2015,Moong(Green Gram),Rabi,1.0,1.0,1.0,,,,,,,,,,,,,
Tamil Nadu,23. Sivaganga,2015,Onion,Kharif,11.0,106.0,9.64,,,,,,,,,,,,,
Tamil Nadu,23. Sivaganga,2015,Onion,Rabi,77.0,499.0,6.48,,,,,,,,,,,,,
Tamil Nadu,23. Sivaganga,2015,Other Kharif pulses,Kharif,342.0,200.0,0.58,,,,,,,,,,,,,
Tamil Nadu,23. Sivaganga,2015,Ragi,Kharif,13.0,39.0,3.0,,,,,,,,,,,,,
Tamil Nadu,23. Sivaganga,2015,Ragi,Rabi,105.0,380.0,3.62,,,,,,,,,,,,,
Tamil Nadu,23. Sivaganga,2015,Rice,Kharif,67207.0,189480.0,2.82,,,,,,,,,,,,,
Tamil Nadu,23. Sivaganga,2015,Sesamum,Kharif,74.0,49.0,0.66,,,,,,,,,,,,,
Tamil Nadu,23. Sivaganga,2015,Sesamum,Rabi,28.0,17.0,0.61,,,,,,,,,,,,,
Tamil Nadu,23. Sivaganga,2015,Small millets,Rabi,1.0,2.0,2.0,,,,,,,,,,,,,
Tamil Nadu,23. Sivaganga,2015,Urad,Kharif,304.0,210.0,0.69,,,,,,,,,,,,,
Tamil Nadu,23. Sivaganga,2015,Urad,Rabi,347.0,243.0,0.7,,,,,,,,,,,,,
Tamil Nadu,23. Sivaganga,2016,Bajra,Kharif,17.0,50.0,2.94,,,,,,,,,,,,,
Tamil Nadu,23. Sivaganga,2016,Castor seed,Kharif,6.0,2.0,0.33,,,,,,,,,,,,,
Tamil Nadu,23. Sivaganga,2016,Cotton(lint),Kharif,399.0,515.0,1.29,,,,,,,,,,,,,
Tamil Nadu,23. Sivaganga,2016,Cotton(lint),Rabi,471.0,694.0,1.47,,,,,,,,,,,,,
Tamil Nadu,23. Sivaganga,2016,Groundnut,Kharif,1931.0,1178.0,0.61,,,,,,,,,,,,,
Tamil Nadu,23. Sivaganga,2016,Groundnut,Rabi,838.0,2712.0,3.24,,,,,,,,,,,,,
Tamil Nadu,23. Sivaganga,2016,Horse-gram,Kharif,11.0,4.0,0.36,,,,,,,,,,,,,
Tamil Nadu,23. Sivaganga,2016,Horse-gram,Rabi,69.0,22.0,0.32,,,,,,,,,,,,,
Tamil Nadu,23. Sivaganga,2016,Jowar,Kharif,86.0,71.0,0.83,,,,,,,,,,,,,
Tamil Nadu,23. Sivaganga,2016,Jowar,Rabi,90.0,30.0,0.33,,,,,,,,,,,,,
Tamil Nadu,23. Sivaganga,2016,Maize,Kharif,18.0,82.0,4.56,,,,,,,,,,,,,
Tamil Nadu,23. Sivaganga,2016,Maize,Rabi,1.0,1.0,1.0,,,,,,,,,,,,,
Tamil Nadu,23. Sivaganga,2016,Moong(Green Gram),Kharif,11.0,9.0,0.82,,,,,,,,,,,,,
Tamil Nadu,23. Sivaganga,2016,Moong(Green Gram),Rabi,2.0,,0.0,,,,,,,,,,,,,
Tamil Nadu,23. Sivaganga,2016,Onion,Kharif,12.0,124.0,10.33,,,,,,,,,,,,,
Tamil Nadu,23. Sivaganga,2016,Onion,Rabi,29.0,146.0,5.03,,,,,,,,,,,,,
Tamil Nadu,23. Sivaganga,2016,Ragi,Kharif,17.0,28.0,1.65,,,,,,,,,,,,,
Tamil Nadu,23. Sivaganga,2016,Ragi,Rabi,25.0,78.0,3.12,,,,,,,,,,,,,
Tamil Nadu,23. Sivaganga,2016,Rice,Kharif,65207.0,42855.0,0.66,,,,,,,,,,,,,
Tamil Nadu,23. Sivaganga,2016,Sesamum,Kharif,46.0,18.0,0.39,,,,,,,,,,,,,
Tamil Nadu,23. Sivaganga,2016,Sesamum,Rabi,133.0,50.0,0.38,,,,,,,,,,,,,
Tamil Nadu,23. Sivaganga,2016,Small millets,Rabi,1.0,,0.0,,,,,,,,,,,,,
Tamil Nadu,23. Sivaganga,2016,Urad,Kharif,393.0,304.0,0.77,,,,,,,,,,,,,
Tamil Nadu,23. Sivaganga,2016,Urad,Rabi,429.0,155.0,0.36,,,,,,,,,,,,,
Tamil Nadu,23. Sivaganga,2016,Arhar/Tur,Kharif,54.0,35.0,0.65,,,,,,,,,,,,,
Tamil Nadu,23. Sivaganga,2016,Other Cereals,Kharif,14.0,,0.0,,,,,,,,,,,,,
Tamil Nadu,23. Sivaganga,2016,Other Cereals,Rabi,20.0,,0.0,,,,,,,,,,,,,
Tamil Nadu,23. Sivaganga,2017,Bajra,Kharif,1.0,2.0,2.0,,,,,,,,,,,,,
Tamil Nadu,23. Sivaganga,2017,Bajra,Rabi,3.0,6.0,2.0,,,,,,,,,,,,,
Tamil Nadu,23. Sivaganga,2017,Castor seed,Kharif,1.0,,0.0,,,,,,,,,,,,,
Tamil Nadu,23. Sivaganga,2017,Cotton(lint),Kharif,256.0,1.0,0.0,,,,,,,,,,,,,
Tamil Nadu,23. Sivaganga,2017,Cotton(lint),Rabi,434.0,1.0,0.0,,,,,,,,,,,,,
Tamil Nadu,23. Sivaganga,2017,Groundnut,Kharif,2074.0,2478.0,1.19,,,,,,,,,,,,,
Tamil Nadu,23. Sivaganga,2017,Groundnut,Rabi,989.0,3874.0,3.92,,,,,,,,,,,,,
Tamil Nadu,23. Sivaganga,2017,Horse-gram,Kharif,7.0,4.0,0.57,,,,,,,,,,,,,
Tamil Nadu,23. Sivaganga,2017,Horse-gram,Rabi,140.0,111.0,0.79,,,,,,,,,,,,,
Tamil Nadu,23. Sivaganga,2017,Jowar,Kharif,53.0,60.0,1.13,,,,,,,,,,,,,
Tamil Nadu,23. Sivaganga,2017,Jowar,Rabi,165.0,178.0,1.08,,,,,,,,,,,,,
Tamil Nadu,23. Sivaganga,2017,Maize,Kharif,19.0,175.0,9.21,,,,,,,,,,,,,
Tamil Nadu,23. Sivaganga,2017,Maize,Rabi,12.0,80.0,6.67,,,,,,,,,,,,,
Tamil Nadu,23. Sivaganga,2017,Moong(Green Gram),Kharif,17.0,10.0,0.59,,,,,,,,,,,,,
Tamil Nadu,23. Sivaganga,2017,Moong(Green Gram),Rabi,7.0,3.0,0.43,,,,,,,,,,,,,
Tamil Nadu,23. Sivaganga,2017,Onion,Kharif,7.0,68.0,9.71,,,,,,,,,,,,,
Tamil Nadu,23. Sivaganga,2017,Onion,Rabi,39.0,363.0,9.31,,,,,,,,,,,,,
Tamil Nadu,23. Sivaganga,2017,Other Kharif pulses,Kharif,15.0,10.0,0.67,,,,,,,,,,,,,
Tamil Nadu,23. Sivaganga,2017,Ragi,Kharif,49.0,168.0,3.43,,,,,,,,,,,,,
Tamil Nadu,23. Sivaganga,2017,Ragi,Rabi,35.0,156.0,4.46,,,,,,,,,,,,,
Tamil Nadu,23. Sivaganga,2017,Rice,Autumn,42.0,162.0,3.86,,,,,,,,,,,,,
Tamil Nadu,23. Sivaganga,2017,Rice,Winter,71978.0,63773.0,0.89,,,,,,,,,,,,,
Tamil Nadu,23. Sivaganga,2017,Sesamum,Kharif,91.0,39.0,0.43,,,,,,,,,,,,,
Tamil Nadu,23. Sivaganga,2017,Sesamum,Rabi,58.0,36.0,0.62,,,,,,,,,,,,,
Tamil Nadu,23. Sivaganga,2017,Small millets,Kharif,1.0,2.0,2.0,,,,,,,,,,,,,
Tamil Nadu,23. Sivaganga,2017,Small millets,Rabi,2.0,4.0,2.0,,,,,,,,,,,,,
Tamil Nadu,23. Sivaganga,2017,Urad,Kharif,686.0,625.0,0.91,,,,,,,,,,,,,
Tamil Nadu,23. Sivaganga,2017,Urad,Rabi,661.0,446.0,0.67,,,,,,,,,,,,,
Tamil Nadu,23. Sivaganga,2017,Arhar/Tur,Kharif,83.0,91.0,1.1,,,,,,,,,,,,,
Tamil Nadu,23. Sivaganga,2017,Other Cereals,Kharif,14.0,19.0,1.36,,,,,,,,,,,,,
Tamil Nadu,23. Sivaganga,2017,Other Cereals,Rabi,20.0,27.0,1.35,,,,,,,,,,,,,
Tamil Nadu,23. Sivaganga,2017,Cowpea(Lobia),Kharif,232.0,166.0,0.72,,,,,,,,,,,,,
Tamil Nadu,23. Sivaganga,2017,Cowpea(Lobia),Rabi,138.0,89.0,0.64,,,,,,,,,,,,,
Tamil Nadu,23. Sivaganga,2017,Other Rabi pulses,Rabi,5.0,3.0,0.6,,,,,,,,,,,,,
Tamil Nadu,23. Sivaganga,2017,Gram,Rabi,6.0,6.0,1.0,,,,,,,,,,,,,
Tamil Nadu,23. Sivaganga,2018,Bajra,Kharif,3.0,9.0,3.0,,,,,,,,,,,,,
Tamil Nadu,23. Sivaganga,2018,Bajra,Rabi,1.0,2.0,2.0,,,,,,,,,,,,,
Tamil Nadu,23. Sivaganga,2018,Castor seed,Kharif,2.0,1.0,0.5,,,,,,,,,,,,,
Tamil Nadu,23. Sivaganga,2018,Cotton(lint),Kharif,269.0,582.0,2.16,,,,,,,,,,,,,
Tamil Nadu,23. Sivaganga,2018,Cotton(lint),Rabi,259.0,672.0,2.59,,,,,,,,,,,,,
Tamil Nadu,23. Sivaganga,2018,Groundnut,Kharif,2005.0,1744.0,0.87,,,,,,,,,,,,,
Tamil Nadu,23. Sivaganga,2018,Groundnut,Rabi,925.0,3231.0,3.49,,,,,,,,,,,,,
Tamil Nadu,23. Sivaganga,2018,Horse-gram,Kharif,8.0,6.0,0.75,,,,,,,,,,,,,
Tamil Nadu,23. Sivaganga,2018,Horse-gram,Rabi,103.0,71.0,0.69,,,,,,,,,,,,,
Tamil Nadu,23. Sivaganga,2018,Jowar,Kharif,129.0,148.0,1.15,,,,,,,,,,,,,
Tamil Nadu,23. Sivaganga,2018,Jowar,Rabi,66.0,82.0,1.24,,,,,,,,,,,,,
Tamil Nadu,23. Sivaganga,2018,Maize,Kharif,10.0,77.0,7.7,,,,,,,,,,,,,
Tamil Nadu,23. Sivaganga,2018,Maize,Rabi,12.0,81.0,6.75,,,,,,,,,,,,,
Tamil Nadu,23. Sivaganga,2018,Moong(Green Gram),Kharif,21.0,14.0,0.67,,,,,,,,,,,,,
Tamil Nadu,23. Sivaganga,2018,Onion,Kharif,10.0,91.0,9.1,,,,,,,,,,,,,
Tamil Nadu,23. Sivaganga,2018,Onion,Rabi,63.0,359.0,5.7,,,,,,,,,,,,,
Tamil Nadu,23. Sivaganga,2018,Other Kharif pulses,Kharif,14.0,7.0,0.5,,,,,,,,,,,,,
Tamil Nadu,23. Sivaganga,2018,Ragi,Kharif,19.0,61.0,3.21,,,,,,,,,,,,,
Tamil Nadu,23. Sivaganga,2018,Ragi,Rabi,123.0,436.0,3.54,,,,,,,,,,,,,
Tamil Nadu,23. Sivaganga,2018,Rice,Autumn,20.0,84.0,4.2,,,,,,,,,,,,,
Tamil Nadu,23. Sivaganga,2018,Rice,Winter,62995.0,39200.0,0.62,,,,,,,,,,,,,
Tamil Nadu,23. Sivaganga,2018,Sesamum,Kharif,48.0,23.0,0.48,,,,,,,,,,,,,
Tamil Nadu,23. Sivaganga,2018,Sesamum,Rabi,106.0,60.0,0.57,,,,,,,,,,,,,
Tamil Nadu,23. Sivaganga,2018,Small millets,Rabi,2.0,4.0,2.0,,,,,,,,,,,,,
Tamil Nadu,23. Sivaganga,2018,Urad,Kharif,310.0,236.0,0.76,,,,,,,,,,,,,
Tamil Nadu,23. Sivaganga,2018,Urad,Rabi,507.0,307.0,0.61,,,,,,,,,,,,,
Tamil Nadu,23. Sivaganga,2018,Arhar/Tur,Kharif,48.0,59.0,1.23,,,,,,,,,,,,,
Tamil Nadu,23. Sivaganga,2018,Other Cereals,Kharif,17.0,23.0,1.35,,,,,,,,,,,,,
Tamil Nadu,23. Sivaganga,2018,Other Cereals,Rabi,22.0,52.0,2.36,,,,,,,,,,,,,
Tamil Nadu,23. Sivaganga,2018,Cowpea(Lobia),Kharif,234.0,185.0,0.79,,,,,,,,,,,,,
Tamil Nadu,23. Sivaganga,2018,Cowpea(Lobia),Rabi,158.0,134.0,0.85,,,,,,,,,,,,,
Tamil Nadu,23. Sivaganga,2018,Other Rabi pulses,Rabi,5.0,3.0,0.6,,,,,,,,,,,,,
Tamil Nadu,23. Sivaganga,2019,Bajra,Kharif,29.0,82.0,2.83,,,,,,,,,,,,,
Tamil Nadu,23. Sivaganga,2019,Bajra,Rabi,7.0,18.0,2.57,,,,,,,,,,,,,
Tamil Nadu,23. Sivaganga,2019,Castor seed,Kharif,1.0,,0.0,,,,,,,,,,,,,
Tamil Nadu,23. Sivaganga,2019,Cotton(lint),Kharif,94.0,232.0,2.47,,,,,,,,,,,,,
Tamil Nadu,23. Sivaganga,2019,Cotton(lint),Rabi,877.0,2201.0,2.51,,,,,,,,,,,,,
Tamil Nadu,23. Sivaganga,2019,Groundnut,Kharif,1654.0,2385.0,1.44,,,,,,,,,,,,,
Tamil Nadu,23. Sivaganga,2019,Groundnut,Rabi,935.0,3501.0,3.74,,,,,,,,,,,,,
Tamil Nadu,23. Sivaganga,2019,Horse-gram,Kharif,18.0,14.0,0.78,,,,,,,,,,,,,
Tamil Nadu,23. Sivaganga,2019,Horse-gram,Rabi,114.0,89.0,0.78,,,,,,,,,,,,,
Tamil Nadu,23. Sivaganga,2019,Jowar,Kharif,267.0,318.0,1.19,,,,,,,,,,,,,
Tamil Nadu,23. Sivaganga,2019,Jowar,Rabi,219.0,244.0,1.11,,,,,,,,,,,,,
Tamil Nadu,23. Sivaganga,2019,Maize,Kharif,12.0,107.0,8.92,,,,,,,,,,,,,
Tamil Nadu,23. Sivaganga,2019,Maize,Rabi,17.0,113.0,6.65,,,,,,,,,,,,,
Tamil Nadu,23. Sivaganga,2019,Moong(Green Gram),Kharif,31.0,18.0,0.58,,,,,,,,,,,,,
Tamil Nadu,23. Sivaganga,2019,Moong(Green Gram),Rabi,1.0,1.0,1.0,,,,,,,,,,,,,
Tamil Nadu,23. Sivaganga,2019,Onion,Kharif,48.0,435.0,9.06,,,,,,,,,,,,,
Tamil Nadu,23. Sivaganga,2019,Onion,Rabi,120.0,843.0,7.03,,,,,,,,,,,,,
Tamil Nadu,23. Sivaganga,2019,Other Kharif pulses,Kharif,24.0,22.0,0.92,,,,,,,,,,,,,
Tamil Nadu,23. Sivaganga,2019,Ragi,Kharif,445.0,1332.0,2.99,,,,,,,,,,,,,
Tamil Nadu,23. Sivaganga,2019,Ragi,Rabi,423.0,1702.0,4.02,,,,,,,,,,,,,
Tamil Nadu,23. Sivaganga,2019,Rice,Autumn,131.0,537.0,4.1,,,,,,,,,,,,,
Tamil Nadu,23. Sivaganga,2019,Rice,Winter,69423.0,184267.0,2.65,,,,,,,,,,,,,
Tamil Nadu,23. Sivaganga,2019,Sesamum,Kharif,34.0,19.0,0.56,,,,,,,,,,,,,
Tamil Nadu,23. Sivaganga,2019,Sesamum,Rabi,58.0,42.0,0.72,,,,,,,,,,,,,
Tamil Nadu,23. Sivaganga,2019,Urad,Kharif,195.0,165.0,0.85,,,,,,,,,,,,,
Tamil Nadu,23. Sivaganga,2019,Urad,Rabi,803.0,623.0,0.78,,,,,,,,,,,,,
Tamil Nadu,23. Sivaganga,2019,Arhar/Tur,Kharif,25.0,32.0,1.28,,,,,,,,,,,,,
Tamil Nadu,23. Sivaganga,2019,Arhar/Tur,Rabi,32.0,40.0,1.25,,,,,,,,,,,,,
Tamil Nadu,23. Sivaganga,2019,Other Cereals,Kharif,149.0,199.0,1.34,,,,,,,,,,,,,
Tamil Nadu,23. Sivaganga,2019,Other Cereals,Rabi,241.0,321.0,1.33,,,,,,,,,,,,,
Tamil Nadu,23. Sivaganga,2019,Cowpea(Lobia),Kharif,259.0,204.0,0.79,,,,,,,,,,,,,
Tamil Nadu,23. Sivaganga,2019,Cowpea(Lobia),Rabi,141.0,99.0,0.7,,,,,,,,,,,,,
Tamil Nadu,23. Sivaganga,2019,Other Rabi pulses,Rabi,9.0,8.0,0.89,,,,,,,,,,,,,
Tamil Nadu,23. Sivaganga,2019,Potato,Rabi,1.0,17.0,17.0,,,,,,,,,,,,,
Tamil Nadu,23. Sivaganga,2020,Bajra,Kharif,2.0,6.0,3.0,,,,,,,,,,,,,
Tamil Nadu,23. Sivaganga,2020,Castor seed,Kharif,2.0,1.0,0.5,,,,,,,,,,,,,
Tamil Nadu,23. Sivaganga,2020,Cotton(lint),Kharif,98.0,190.0,1.94,,,,,,,,,,,,,
Tamil Nadu,23. Sivaganga,2020,Cotton(lint),Rabi,469.0,1135.0,2.42,,,,,,,,,,,,,
Tamil Nadu,23. Sivaganga,2020,Groundnut,Kharif,1930.0,4365.0,2.26,,,,,,,,,,,,,
Tamil Nadu,23. Sivaganga,2020,Groundnut,Rabi,1070.0,3451.0,3.23,,,,,,,,,,,,,
Tamil Nadu,23. Sivaganga,2020,Horse-gram,Kharif,13.0,10.0,0.77,,,,,,,,,,,,,
Tamil Nadu,23. Sivaganga,2020,Horse-gram,Rabi,81.0,60.0,0.74,,,,,,,,,,,,,
Tamil Nadu,23. Sivaganga,2020,Jowar,Kharif,102.0,116.0,1.14,,,,,,,,,,,,,
Tamil Nadu,23. Sivaganga,2020,Jowar,Rabi,63.0,60.0,0.95,,,,,,,,,,,,,
Tamil Nadu,23. Sivaganga,2020,Maize,Kharif,14.0,105.0,7.5,,,,,,,,,,,,,
Tamil Nadu,23. Sivaganga,2020,Maize,Rabi,9.0,45.0,5.0,,,,,,,,,,,,,
Tamil Nadu,23. Sivaganga,2020,Moong(Green Gram),Kharif,14.0,13.0,0.93,,,,,,,,,,,,,
Tamil Nadu,23. Sivaganga,2020,Moong(Green Gram),Rabi,7.0,2.0,0.29,,,,,,,,,,,,,
Tamil Nadu,23. Sivaganga,2020,Onion,Kharif,44.0,430.0,9.77,,,,,,,,,,,,,
Tamil Nadu,23. Sivaganga,2020,Onion,Rabi,139.0,770.0,5.54,,,,,,,,,,,,,
Tamil Nadu,23. Sivaganga,2020,Other Kharif pulses,Kharif,23.0,13.0,0.57,,,,,,,,,,,,,
Tamil Nadu,23. Sivaganga,2020,Ragi,Kharif,159.0,518.0,3.26,,,,,,,,,,,,,
Tamil Nadu,23. Sivaganga,2020,Ragi,Rabi,166.0,691.0,4.16,,,,,,,,,,,,,
Tamil Nadu,23. Sivaganga,2020,Rice,Autumn,71.0,309.0,4.35,,,,,,,,,,,,,
Tamil Nadu,23. Sivaganga,2020,Rice,Winter,76739.0,190659.0,2.48,,,,,,,,,,,,,
Tamil Nadu,23. Sivaganga,2020,Sesamum,Kharif,58.0,35.0,0.6,,,,,,,,,,,,,
Tamil Nadu,23. Sivaganga,2020,Sesamum,Rabi,101.0,69.0,0.68,,,,,,,,,,,,,
Tamil Nadu,23. Sivaganga,2020,Small millets,Kharif,1.0,1.0,1.0,,,,,,,,,,,,,
Tamil Nadu,23. Sivaganga,2020,Small millets,Rabi,3.0,4.0,1.33,,,,,,,,,,,,,
Tamil Nadu,23. Sivaganga,2020,Urad,Kharif,401.0,357.0,0.89,,,,,,,,,,,,,
Tamil Nadu,23. Sivaganga,2020,Urad,Rabi,742.0,383.0,0.52,,,,,,,,,,,,,
Tamil Nadu,23. Sivaganga,2020,Arhar/Tur,Kharif,29.0,30.0,1.03,,,,,,,,,,,,,
Tamil Nadu,23. Sivaganga,2020,Arhar/Tur,Rabi,19.0,19.0,1.0,,,,,,,,,,,,,
Tamil Nadu,23. Sivaganga,2020,Other Cereals,Kharif,66.0,88.0,1.33,,,,,,,,,,,,,
Tamil Nadu,23. Sivaganga,2020,Other Cereals,Rabi,75.0,100.0,1.33,,,,,,,,,,,,,
Tamil Nadu,23. Sivaganga,2020,Cowpea(Lobia),Kharif,213.0,180.0,0.85,,,,,,,,,,,,,
Tamil Nadu,23. Sivaganga,2020,Cowpea(Lobia),Rabi,89.0,59.0,0.66,,,,,,,,,,,,,
Tamil Nadu,23. Sivaganga,2020,Other Rabi pulses,Rabi,13.0,8.0,0.62,,,,,,,,,,,,,
Tamil Nadu,23. Sivaganga,2021,Bajra,Kharif,3.0,9.0,3.0,,,,,,,,,,,,,
Tamil Nadu,23. Sivaganga,2021,Bajra,Rabi,2.0,3.0,1.5,,,,,,,,,,,,,
Tamil Nadu,23. Sivaganga,2021,Castor seed,Kharif,3.0,1.0,0.33,,,,,,,,,,,,,
Tamil Nadu,23. Sivaganga,2021,Cotton(lint),Kharif,46.0,75.0,1.63,,,,,,,,,,,,,
Tamil Nadu,23. Sivaganga,2021,Cotton(lint),Rabi,611.0,1456.0,2.38,,,,,,,,,,,,,
Tamil Nadu,23. Sivaganga,2021,Groundnut,Kharif,1442.0,1928.0,1.34,,,,,,,,,,,,,
Tamil Nadu,23. Sivaganga,2021,Groundnut,Rabi,778.0,3034.0,3.9,,,,,,,,,,,,,
Tamil Nadu,23. Sivaganga,2021,Horse-gram,Rabi,99.0,68.0,0.69,,,,,,,,,,,,,
Tamil Nadu,23. Sivaganga,2021,Jowar,Kharif,20.0,22.0,1.1,,,,,,,,,,,,,
Tamil Nadu,23. Sivaganga,2021,Jowar,Rabi,13.0,10.0,0.77,,,,,,,,,,,,,
Tamil Nadu,23. Sivaganga,2021,Maize,Kharif,17.0,137.0,8.06,,,,,,,,,,,,,
Tamil Nadu,23. Sivaganga,2021,Maize,Rabi,23.0,139.0,6.04,,,,,,,,,,,,,
Tamil Nadu,23. Sivaganga,2021,Moong(Green Gram),Kharif,14.0,11.0,0.79,,,,,,,,,,,,,
Tamil Nadu,23. Sivaganga,2021,Moong(Green Gram),Rabi,1.0,1.0,1.0,,,,,,,,,,,,,
Tamil Nadu,23. Sivaganga,2021,Onion,Kharif,58.0,529.0,9.12,,,,,,,,,,,,,
Tamil Nadu,23. Sivaganga,2021,Onion,Rabi,90.0,541.0,6.01,,,,,,,,,,,,,
Tamil Nadu,23. Sivaganga,2021,Other Kharif pulses,Kharif,29.0,17.0,0.59,,,,,,,,,,,,,
Tamil Nadu,23. Sivaganga,2021,Other Kharif pulses,Rabi,4.0,2.0,0.5,,,,,,,,,,,,,
Tamil Nadu,23. Sivaganga,2021,Ragi,Kharif,82.0,232.0,2.83,,,,,,,,,,,,,
Tamil Nadu,23. Sivaganga,2021,Ragi,Rabi,114.0,463.0,4.06,,,,,,,,,,,,,
Tamil Nadu,23. Sivaganga,2021,Rice,Autumn,742.0,3030.0,4.08,,,,,,,,,,,,,
Tamil Nadu,23. Sivaganga,2021,Rice,Winter,81924.0,218729.0,2.67,,,,,,,,,,,,,
Tamil Nadu,23. Sivaganga,2021,Sesamum,Kharif,30.0,20.0,0.67,,,,,,,,,,,,,
Tamil Nadu,23. Sivaganga,2021,Sesamum,Rabi,64.0,36.0,0.56,,,,,,,,,,,,,
Tamil Nadu,23. Sivaganga,2021,Small millets,Kharif,4.0,4.0,1.0,,,,,,,,,,,,,
Tamil Nadu,23. Sivaganga,2021,Small millets,Rabi,9.0,16.0,1.78,,,,,,,,,,,,,
Tamil Nadu,23. Sivaganga,2021,Urad,Kharif,294.0,259.0,0.88,,,,,,,,,,,,,
Tamil Nadu,23. Sivaganga,2021,Urad,Rabi,1098.0,696.0,0.63,,,,,,,,,,,,,
Tamil Nadu,23. Sivaganga,2021,Arhar/Tur,Kharif,11.0,10.0,0.91,,,,,,,,,,,,,
Tamil Nadu,23. Sivaganga,2021,Arhar/Tur,Rabi,16.0,13.0,0.81,,,,,,,,,,,,,
Tamil Nadu,23. Sivaganga,2021,Other Cereals,Kharif,34.0,45.0,1.32,,,,,,,,,,,,,
Tamil Nadu,23. Sivaganga,2021,Other Cereals,Rabi,130.0,173.0,1.33,,,,,,,,,,,,,
Tamil Nadu,23. Sivaganga,2021,Cowpea(Lobia),Kharif,133.0,105.0,0.79,,,,,,,,,,,,,
Tamil Nadu,23. Sivaganga,2021,Cowpea(Lobia),Rabi,99.0,61.0,0.62,,,,,,,,,,,,,
Tamil Nadu,23. Sivaganga,2022,Bajra,Rabi,3.0,7.0,2.33,,,,,,,,,,,,,
Tamil Nadu,23. Sivaganga,2022,Cotton(lint),Kharif,91.0,173.0,1.9,,,,,,,,,,,,,
Tamil Nadu,23. Sivaganga,2022,Cotton(lint),Rabi,746.0,1334.0,1.79,,,,,,,,,,,,,
Tamil Nadu,23. Sivaganga,2022,Groundnut,Kharif,1049.0,1135.0,1.08,,,,,,,,,,,,,
Tamil Nadu,23. Sivaganga,2022,Groundnut,Rabi,937.0,3271.0,3.49,,,,,,,,,,,,,
Tamil Nadu,23. Sivaganga,2022,Horse-gram,Rabi,49.0,38.0,0.78,,,,,,,,,,,,,
Tamil Nadu,23. Sivaganga,2022,Jowar,Kharif,16.0,14.0,0.88,,,,,,,,,,,,,
Tamil Nadu,23. Sivaganga,2022,Jowar,Rabi,25.0,21.0,0.84,,,,,,,,,,,,,
Tamil Nadu,23. Sivaganga,2022,Maize,Kharif,16.0,124.0,7.75,,,,,,,,,,,,,
Tamil Nadu,23. Sivaganga,2022,Maize,Rabi,23.0,144.0,6.26,,,,,,,,,,,,,
Tamil Nadu,23. Sivaganga,2022,Moong(Green Gram),Kharif,1.0,1.0,1.0,,,,,,,,,,,,,
Tamil Nadu,23. Sivaganga,2022,Moong(Green Gram),Rabi,6.0,2.0,0.33,,,,,,,,,,,,,
Tamil Nadu,23. Sivaganga,2022,Onion,Kharif,19.0,181.0,9.53,,,,,,,,,,,,,
Tamil Nadu,23. Sivaganga,2022,Onion,Rabi,52.0,396.0,7.62,,,,,,,,,,,,,
Tamil Nadu,23. Sivaganga,2022,Ragi,Kharif,75.0,200.0,2.67,,,,,,,,,,,,,
Tamil Nadu,23. Sivaganga,2022,Ragi,Rabi,93.0,387.0,4.16,,,,,,,,,,,,,
Tamil Nadu,23. Sivaganga,2022,Rice,Autumn,1047.0,4031.0,3.85,,,,,,,,,,,,,
Tamil Nadu,23. Sivaganga,2022,Rice,Winter,80348.0,205864.0,2.56,,,,,,,,,,,,,
Tamil Nadu,23. Sivaganga,2022,Sesamum,Kharif,32.0,15.0,0.47,,,,,,,,,,,,,
Tamil Nadu,23. Sivaganga,2022,Sesamum,Rabi,84.0,45.0,0.54,,,,,,,,,,,,,
Tamil Nadu,23. Sivaganga,2022,Small millets,Kharif,4.0,7.0,1.75,,,,,,,,,,,,,
Tamil Nadu,23. Sivaganga,2022,Small millets,Rabi,18.0,34.0,1.89,,,,,,,,,,,,,
Tamil Nadu,23. Sivaganga,2022,Urad,Kharif,243.0,208.0,0.86,,,,,,,,,,,,,
Tamil Nadu,23. Sivaganga,2022,Urad,Rabi,879.0,576.0,0.66,,,,,,,,,,,,,
Tamil Nadu,23. Sivaganga,2022,Arhar/Tur,Kharif,6.0,6.0,1.0,,,,,,,,,,,,,
Tamil Nadu,23. Sivaganga,2022,Arhar/Tur,Rabi,16.0,17.0,1.06,,,,,,,,,,,,,
Tamil Nadu,23. Sivaganga,2022,Other Cereals,Kharif,34.0,45.0,1.32,,,,,,,,,,,,,
Tamil Nadu,23. Sivaganga,2022,Other Cereals,Rabi,127.0,169.0,1.33,,,,,,,,,,,,,
Tamil Nadu,23. Sivaganga,2022,Cowpea(Lobia),Kharif,66.0,53.0,0.8,,,,,,,,,,,,,
Tamil Nadu,23. Sivaganga,2022,Cowpea(Lobia),Rabi,88.0,41.0,0.47,,,,,,,,,,,,,
Tamil Nadu,23. Sivaganga,2022,Other Rabi pulses,Rabi,19.0,12.0,0.63,,,,,,,,,,,,,
Tamil Nadu,24. Thanjavur,2015,Bajra,Rabi,1.0,2.0,2.0,,,,,,,,,,,,,
Tamil Nadu,24. Thanjavur,2015,Cotton(lint),Kharif,226.0,421.0,1.86,,,,,,,,,,,,,
Tamil Nadu,24. Thanjavur,2015,Cotton(lint),Rabi,1463.0,3761.0,2.57,,,,,,,,,,,,,
Tamil Nadu,24. Thanjavur,2015,Groundnut,Kharif,1273.0,4175.0,3.28,,,,,,,,,,,,,
Tamil Nadu,24. Thanjavur,2015,Groundnut,Rabi,3570.0,18014.0,5.05,,,,,,,,,,,,,
Tamil Nadu,24. Thanjavur,2015,Jowar,Kharif,4.0,4.0,1.0,,,,,,,,,,,,,
Tamil Nadu,24. Thanjavur,2015,Jowar,Rabi,28.0,45.0,1.61,,,,,,,,,,,,,
Tamil Nadu,24. Thanjavur,2015,Maize,Kharif,440.0,3235.0,7.35,,,,,,,,,,,,,
Tamil Nadu,24. Thanjavur,2015,Maize,Rabi,190.0,1300.0,6.84,,,,,,,,,,,,,
Tamil Nadu,24. Thanjavur,2015,Masoor,Kharif,39.0,40.0,1.03,,,,,,,,,,,,,
Tamil Nadu,24. Thanjavur,2015,Moong(Green Gram),Kharif,13.0,10.0,0.77,,,,,,,,,,,,,
Tamil Nadu,24. Thanjavur,2015,Moong(Green Gram),Rabi,6247.0,2886.0,0.46,,,,,,,,,,,,,
Tamil Nadu,24. Thanjavur,2015,Onion,Kharif,38.0,366.0,9.63,,,,,,,,,,,,,
Tamil Nadu,24. Thanjavur,2015,Onion,Rabi,3.0,19.0,6.33,,,,,,,,,,,,,
Tamil Nadu,24. Thanjavur,2015,Ragi,Kharif,5.0,15.0,3.0,,,,,,,,,,,,,
Tamil Nadu,24. Thanjavur,2015,Rice,Kharif,177426.0,636999.0,3.59,,,,,,,,,,,,,
Tamil Nadu,24. Thanjavur,2015,Sesamum,Kharif,754.0,504.0,0.67,,,,,,,,,,,,,
Tamil Nadu,24. Thanjavur,2015,Sesamum,Rabi,3617.0,1544.0,0.43,,,,,,,,,,,,,
Tamil Nadu,24. Thanjavur,2015,Sunflower,Kharif,4.0,6.0,1.5,,,,,,,,,,,,,
Tamil Nadu,24. Thanjavur,2015,Urad,Kharif,4029.0,2969.0,0.74,,,,,,,,,,,,,
Tamil Nadu,24. Thanjavur,2015,Urad,Rabi,14989.0,7584.0,0.51,,,,,,,,,,,,,
Tamil Nadu,24. Thanjavur,2016,Castor seed,Kharif,5.0,,0.0,,,,,,,,,,,,,
Tamil Nadu,24. Thanjavur,2016,Cotton(lint),Kharif,81.0,105.0,1.3,,,,,,,,,,,,,
Tamil Nadu,24. Thanjavur,2016,Cotton(lint),Rabi,1659.0,7609.0,4.59,,,,,,,,,,,,,
Tamil Nadu,24. Thanjavur,2016,Groundnut,Kharif,635.0,995.0,1.57,,,,,,,,,,,,,
Tamil Nadu,24. Thanjavur,2016,Groundnut,Rabi,6596.0,25613.0,3.88,,,,,,,,,,,,,
Tamil Nadu,24. Thanjavur,2016,Maize,Kharif,326.0,1484.0,4.55,,,,,,,,,,,,,
Tamil Nadu,24. Thanjavur,2016,Maize,Rabi,214.0,269.0,1.26,,,,,,,,,,,,,
Tamil Nadu,24. Thanjavur,2016,Moong(Green Gram),Kharif,14.0,11.0,0.79,,,,,,,,,,,,,
Tamil Nadu,24. Thanjavur,2016,Moong(Green Gram),Rabi,1552.0,549.0,0.35,,,,,,,,,,,,,
Tamil Nadu,24. Thanjavur,2016,Onion,Kharif,20.0,206.0,10.3,,,,,,,,,,,,,
Tamil Nadu,24. Thanjavur,2016,Onion,Rabi,2.0,10.0,5.0,,,,,,,,,,,,,
Tamil Nadu,24. Thanjavur,2016,Ragi,Kharif,4.0,7.0,1.75,,,,,,,,,,,,,
Tamil Nadu,24. Thanjavur,2016,Ragi,Rabi,1.0,3.0,3.0,,,,,,,,,,,,,
Tamil Nadu,24. Thanjavur,2016,Rice,Kharif,147193.0,410117.0,2.79,,,,,,,,,,,,,
Tamil Nadu,24. Thanjavur,2016,Sesamum,Kharif,830.0,630.0,0.76,,,,,,,,,,,,,
Tamil Nadu,24. Thanjavur,2016,Sesamum,Rabi,4154.0,937.0,0.23,,,,,,,,,,,,,
Tamil Nadu,24. Thanjavur,2016,Sunflower,Kharif,1.0,1.0,1.0,,,,,,,,,,,,,
Tamil Nadu,24. Thanjavur,2016,Urad,Kharif,10184.0,12048.0,1.18,,,,,,,,,,,,,
Tamil Nadu,24. Thanjavur,2016,Urad,Rabi,14159.0,5574.0,0.39,,,,,,,,,,,,,
Tamil Nadu,24. Thanjavur,2016,Arhar/Tur,Kharif,75.0,49.0,0.65,,,,,,,,,,,,,
Tamil Nadu,24. Thanjavur,2017,Bajra,Kharif,2.0,5.0,2.5,,,,,,,,,,,,,
Tamil Nadu,24. Thanjavur,2017,Bajra,Rabi,1.0,2.0,2.0,,,,,,,,,,,,,
Tamil Nadu,24. Thanjavur,2017,Castor seed,Kharif,5.0,1.95,0.39,,,,,,,,,,,,,
Tamil Nadu,24. Thanjavur,2017,Cotton(lint),Kharif,122.0,,0.0,,,,,,,,,,,,,
Tamil Nadu,24. Thanjavur,2017,Cotton(lint),Rabi,693.0,3.0,0.0,,,,,,,,,,,,,
Tamil Nadu,24. Thanjavur,2017,Groundnut,Kharif,1300.0,3198.0,2.46,,,,,,,,,,,,,
Tamil Nadu,24. Thanjavur,2017,Groundnut,Rabi,6710.0,29564.0,4.41,,,,,,,,,,,,,
Tamil Nadu,24. Thanjavur,2017,Jowar,Kharif,4.0,5.0,1.25,,,,,,,,,,,,,
Tamil Nadu,24. Thanjavur,2017,Jowar,Rabi,4.0,4.0,1.0,,,,,,,,,,,,,
Tamil Nadu,24. Thanjavur,2017,Maize,Kharif,593.0,5467.0,9.22,,,,,,,,,,,,,
Tamil Nadu,24. Thanjavur,2017,Maize,Rabi,307.0,2054.0,6.69,,,,,,,,,,,,,
Tamil Nadu,24. Thanjavur,2017,Moong(Green Gram),Kharif,1.0,1.0,1.0,,,,,,,,,,,,,
Tamil Nadu,24. Thanjavur,2017,Moong(Green Gram),Rabi,3488.0,1406.0,0.4,,,,,,,,,,,,,
Tamil Nadu,24. Thanjavur,2017,Onion,Kharif,27.0,262.0,9.7,,,,,,,,,,,,,
Tamil Nadu,24. Thanjavur,2017,Onion,Rabi,29.0,270.0,9.31,,,,,,,,,,,,,
Tamil Nadu,24. Thanjavur,2017,Other Kharif pulses,Kharif,1.0,1.0,1.0,,,,,,,,,,,,,
Tamil Nadu,24. Thanjavur,2017,Ragi,Kharif,2.0,7.0,3.5,,,,,,,,,,,,,
Tamil Nadu,24. Thanjavur,2017,Ragi,Rabi,1.0,4.0,4.0,,,,,,,,,,,,,
Tamil Nadu,24. Thanjavur,2017,Rice,Autumn,33386.0,118353.0,3.54,,,,,,,,,,,,,
Tamil Nadu,24. Thanjavur,2017,Rice,Winter,123773.0,491007.0,3.97,,,,,,,,,,,,,
Tamil Nadu,24. Thanjavur,2017,Sesamum,Kharif,1011.0,284.0,0.28,,,,,,,,,,,,,
Tamil Nadu,24. Thanjavur,2017,Sesamum,Rabi,2559.0,829.0,0.32,,,,,,,,,,,,,
Tamil Nadu,24. Thanjavur,2017,Small millets,Kharif,17.0,34.0,2.0,,,,,,,,,,,,,
Tamil Nadu,24. Thanjavur,2017,Small millets,Rabi,2.0,,0.0,,,,,,,,,,,,,
Tamil Nadu,24. Thanjavur,2017,Urad,Kharif,11864.0,14367.0,1.21,,,,,,,,,,,,,
Tamil Nadu,24. Thanjavur,2017,Urad,Rabi,19515.0,15963.0,0.82,,,,,,,,,,,,,
Tamil Nadu,24. Thanjavur,2017,Arhar/Tur,Kharif,72.0,78.0,1.08,,,,,,,,,,,,,
Tamil Nadu,24. Thanjavur,2017,Gram,Rabi,3.0,3.0,1.0,,,,,,,,,,,,,
Tamil Nadu,24. Thanjavur,2018,Bajra,Kharif,2.0,6.0,3.0,,,,,,,,,,,,,
Tamil Nadu,24. Thanjavur,2018,Cotton(lint),Kharif,88.0,190.0,2.16,,,,,,,,,,,,,
Tamil Nadu,24. Thanjavur,2018,Cotton(lint),Rabi,1520.0,7980.0,5.25,,,,,,,,,,,,,
Tamil Nadu,24. Thanjavur,2018,Groundnut,Kharif,414.0,897.0,2.17,,,,,,,,,,,,,
Tamil Nadu,24. Thanjavur,2018,Groundnut,Rabi,5580.0,25956.0,4.65,,,,,,,,,,,,,
Tamil Nadu,24. Thanjavur,2018,Jowar,Kharif,3.0,4.0,1.33,,,,,,,,,,,,,
Tamil Nadu,24. Thanjavur,2018,Jowar,Rabi,9.0,12.0,1.33,,,,,,,,,,,,,
Tamil Nadu,24. Thanjavur,2018,Maize,Kharif,884.0,6717.0,7.6,,,,,,,,,,,,,
Tamil Nadu,24. Thanjavur,2018,Maize,Rabi,156.0,829.0,5.31,,,,,,,,,,,,,
Tamil Nadu,24. Thanjavur,2018,Moong(Green Gram),Kharif,35.0,24.0,0.69,,,,,,,,,,,,,
Tamil Nadu,24. Thanjavur,2018,Moong(Green Gram),Rabi,2381.0,1130.0,0.47,,,,,,,,,,,,,
Tamil Nadu,24. Thanjavur,2018,Onion,Kharif,24.0,213.0,8.88,,,,,,,,,,,,,
Tamil Nadu,24. Thanjavur,2018,Onion,Rabi,22.0,125.0,5.68,,,,,,,,,,,,,
Tamil Nadu,24. Thanjavur,2018,Ragi,Kharif,1.0,3.0,3.0,,,,,,,,,,,,,
Tamil Nadu,24. Thanjavur,2018,Ragi,Rabi,1.0,2.0,2.0,,,,,,,,,,,,,
Tamil Nadu,24. Thanjavur,2018,Rice,Autumn,41900.0,168773.0,4.03,,,,,,,,,,,,,
Tamil Nadu,24. Thanjavur,2018,Rice,Winter,128219.0,455399.0,3.55,,,,,,,,,,,,,
Tamil Nadu,24. Thanjavur,2018,Sesamum,Kharif,651.0,319.0,0.49,,,,,,,,,,,,,
Tamil Nadu,24. Thanjavur,2018,Sesamum,Rabi,3789.0,1904.0,0.5,,,,,,,,,,,,,
Tamil Nadu,24. Thanjavur,2018,Small millets,Kharif,1.0,,0.0,,,,,,,,,,,,,
Tamil Nadu,24. Thanjavur,2018,Urad,Kharif,4031.0,5613.0,1.39,,,,,,,,,,,,,
Tamil Nadu,24. Thanjavur,2018,Urad,Rabi,19710.0,10956.0,0.56,,,,,,,,,,,,,
Tamil Nadu,24. Thanjavur,2018,Arhar/Tur,Kharif,32.0,40.0,1.25,,,,,,,,,,,,,
Tamil Nadu,24. Thanjavur,2018,Rapeseed &Mustard,Rabi,10.0,,0.0,,,,,,,,,,,,,
Tamil Nadu,24. Thanjavur,2019,Bajra,Rabi,5.0,13.0,2.6,,,,,,,,,,,,,
Tamil Nadu,24. Thanjavur,2019,Castor seed,Kharif,1.0,,0.0,,,,,,,,,,,,,
Tamil Nadu,24. Thanjavur,2019,Cotton(lint),Kharif,54.0,130.0,2.41,,,,,,,,,,,,,
Tamil Nadu,24. Thanjavur,2019,Cotton(lint),Rabi,2068.0,5191.0,2.51,,,,,,,,,,,,,
Tamil Nadu,24. Thanjavur,2019,Groundnut,Kharif,900.0,2231.0,2.48,,,,,,,,,,,,,
Tamil Nadu,24. Thanjavur,2019,Groundnut,Rabi,7197.0,40481.0,5.62,,,,,,,,,,,,,
Tamil Nadu,24. Thanjavur,2019,Jowar,Kharif,67.0,79.0,1.18,,,,,,,,,,,,,
Tamil Nadu,24. Thanjavur,2019,Jowar,Rabi,18.0,21.0,1.17,,,,,,,,,,,,,
Tamil Nadu,24. Thanjavur,2019,Maize,Kharif,971.0,8674.0,8.93,,,,,,,,,,,,,
Tamil Nadu,24. Thanjavur,2019,Maize,Rabi,302.0,2031.0,6.73,,,,,,,,,,,,,
Tamil Nadu,24. Thanjavur,2019,Moong(Green Gram),Kharif,3.0,2.0,0.67,,,,,,,,,,,,,
Tamil Nadu,24. Thanjavur,2019,Moong(Green Gram),Rabi,1330.0,610.0,0.46,,,,,,,,,,,,,
Tamil Nadu,24. Thanjavur,2019,Onion,Kharif,27.0,247.0,9.15,,,,,,,,,,,,,
Tamil Nadu,24. Thanjavur,2019,Onion,Rabi,26.0,184.0,7.08,,,,,,,,,,,,,
Tamil Nadu,24. Thanjavur,2019,Ragi,Rabi,3.0,12.0,4.0,,,,,,,,,,,,,
Tamil Nadu,24. Thanjavur,2019,Rice,Autumn,37085.0,139259.0,3.76,,,,,,,,,,,,,
Tamil Nadu,24. Thanjavur,2019,Rice,Winter,135102.0,494543.0,3.66,,,,,,,,,,,,,
Tamil Nadu,24. Thanjavur,2019,Sesamum,Kharif,1156.0,690.0,0.6,,,,,,,,,,,,,
Tamil Nadu,24. Thanjavur,2019,Sesamum,Rabi,3952.0,2039.0,0.52,,,,,,,,,,,,,
Tamil Nadu,24. Thanjavur,2019,Small millets,Kharif,46.0,20.0,0.43,,,,,,,,,,,,,
Tamil Nadu,24. Thanjavur,2019,Sunflower,Kharif,3.0,3.0,1.0,,,,,,,,,,,,,
Tamil Nadu,24. Thanjavur,2019,Urad,Kharif,5519.0,5697.0,1.03,,,,,,,,,,,,,
Tamil Nadu,24. Thanjavur,2019,Urad,Rabi,18530.0,17906.0,0.97,,,,,,,,,,,,,
Tamil Nadu,24. Thanjavur,2019,Arhar/Tur,Kharif,22.0,28.0,1.27,,,,,,,,,,,,,
Tamil Nadu,24. Thanjavur,2019,Arhar/Tur,Rabi,44.0,56.0,1.27,,,,,,,,,,,,,
Tamil Nadu,24. Thanjavur,2019,Other Cereals,Kharif,1.0,1.0,1.0,,,,,,,,,,,,,
Tamil Nadu,24. Thanjavur,2019,Other Cereals,Rabi,2.0,3.0,1.5,,,,,,,,,,,,,
Tamil Nadu,24. Thanjavur,2020,Castor seed,Kharif,1.0,0.0,0.0,,,,,,,,,,,,,
Tamil Nadu,24. Thanjavur,2020,Cotton(lint),Kharif,214.0,416.0,1.94,,,,,,,,,,,,,
Tamil Nadu,24. Thanjavur,2020,Cotton(lint),Rabi,1647.0,3981.0,2.42,,,,,,,,,,,,,
Tamil Nadu,24. Thanjavur,2020,Groundnut,Kharif,1598.0,3407.0,2.13,,,,,,,,,,,,,
Tamil Nadu,24. Thanjavur,2020,Groundnut,Rabi,8694.0,39874.0,4.59,,,,,,,,,,,,,
Tamil Nadu,24. Thanjavur,2020,Jowar,Kharif,21.0,24.0,1.14,,,,,,,,,,,,,
Tamil Nadu,24. Thanjavur,2020,Jowar,Rabi,12.0,12.0,1.0,,,,,,,,,,,,,
Tamil Nadu,24. Thanjavur,2020,Maize,Kharif,782.0,5692.0,7.28,,,,,,,,,,,,,
Tamil Nadu,24. Thanjavur,2020,Maize,Rabi,128.0,676.0,5.28,,,,,,,,,,,,,
Tamil Nadu,24. Thanjavur,2020,Moong(Green Gram),Kharif,22.0,19.0,0.86,,,,,,,,,,,,,
Tamil Nadu,24. Thanjavur,2020,Moong(Green Gram),Rabi,580.0,228.0,0.39,,,,,,,,,,,,,
Tamil Nadu,24. Thanjavur,2020,Onion,Kharif,39.0,381.0,9.77,,,,,,,,,,,,,
Tamil Nadu,24. Thanjavur,2020,Onion,Rabi,3.0,18.0,6.0,,,,,,,,,,,,,
Tamil Nadu,24. Thanjavur,2020,Ragi,Kharif,5.0,15.0,3.0,,,,,,,,,,,,,
Tamil Nadu,24. Thanjavur,2020,Ragi,Rabi,5.0,19.0,3.8,,,,,,,,,,,,,
Tamil Nadu,24. Thanjavur,2020,Rice,Autumn,59272.0,242403.0,4.09,,,,,,,,,,,,,
Tamil Nadu,24. Thanjavur,2020,Rice,Winter,136338.0,285926.0,2.1,,,,,,,,,,,,,
Tamil Nadu,24. Thanjavur,2020,Sesamum,Kharif,1460.0,801.0,0.55,,,,,,,,,,,,,
Tamil Nadu,24. Thanjavur,2020,Sesamum,Rabi,4382.0,1869.0,0.43,,,,,,,,,,,,,
Tamil Nadu,24. Thanjavur,2020,Small millets,Kharif,6.0,8.0,1.33,,,,,,,,,,,,,
Tamil Nadu,24. Thanjavur,2020,Sunflower,Kharif,4.0,6.0,1.5,,,,,,,,,,,,,
Tamil Nadu,24. Thanjavur,2020,Urad,Kharif,4311.0,4988.0,1.16,,,,,,,,,,,,,
Tamil Nadu,24. Thanjavur,2020,Urad,Rabi,9692.0,8339.0,0.86,,,,,,,,,,,,,
Tamil Nadu,24. Thanjavur,2020,Arhar/Tur,Kharif,29.0,31.0,1.07,,,,,,,,,,,,,
Tamil Nadu,24. Thanjavur,2020,Arhar/Tur,Rabi,12.0,13.0,1.08,,,,,,,,,,,,,
Tamil Nadu,24. Thanjavur,2020,Other Cereals,Rabi,17.0,23.0,1.35,,,,,,,,,,,,,
Tamil Nadu,24. Thanjavur,2020,Gram,Rabi,2.0,2.0,1.0,,,,,,,,,,,,,
Tamil Nadu,24. Thanjavur,2021,Castor seed,Kharif,1.0,0.0,0.0,,,,,,,,,,,,,
Tamil Nadu,24. Thanjavur,2021,Cotton(lint),Kharif,233.0,376.0,1.61,,,,,,,,,,,,,
Tamil Nadu,24. Thanjavur,2021,Cotton(lint),Rabi,2868.0,6846.0,2.39,,,,,,,,,,,,,
Tamil Nadu,24. Thanjavur,2021,Groundnut,Kharif,1017.0,4082.0,4.01,,,,,,,,,,,,,
Tamil Nadu,24. Thanjavur,2021,Groundnut,Rabi,7684.0,29666.0,3.86,,,,,,,,,,,,,
Tamil Nadu,24. Thanjavur,2021,Jowar,Kharif,21.0,23.0,1.1,,,,,,,,,,,,,
Tamil Nadu,24. Thanjavur,2021,Jowar,Rabi,3.0,2.0,0.67,,,,,,,,,,,,,
Tamil Nadu,24. Thanjavur,2021,Maize,Kharif,686.0,5534.0,8.07,,,,,,,,,,,,,
Tamil Nadu,24. Thanjavur,2021,Maize,Rabi,244.0,1482.0,6.07,,,,,,,,,,,,,
Tamil Nadu,24. Thanjavur,2021,Moong(Green Gram),Kharif,20.0,16.0,0.8,,,,,,,,,,,,,
Tamil Nadu,24. Thanjavur,2021,Moong(Green Gram),Rabi,1426.0,482.0,0.34,,,,,,,,,,,,,
Tamil Nadu,24. Thanjavur,2021,Onion,Kharif,23.0,209.0,9.09,,,,,,,,,,,,,
Tamil Nadu,24. Thanjavur,2021,Onion,Rabi,1.0,7.0,7.0,,,,,,,,,,,,,
Tamil Nadu,24. Thanjavur,2021,Ragi,Rabi,4.0,17.0,4.25,,,,,,,,,,,,,
Tamil Nadu,24. Thanjavur,2021,Rice,Autumn,66260.0,282766.0,4.27,,,,,,,,,,,,,
Tamil Nadu,24. Thanjavur,2021,Rice,Winter,140009.0,546939.0,3.91,,,,,,,,,,,,,
Tamil Nadu,24. Thanjavur,2021,Sesamum,Kharif,1696.0,962.0,0.57,,,,,,,,,,,,,
Tamil Nadu,24. Thanjavur,2021,Sesamum,Rabi,4820.0,1456.0,0.3,,,,,,,,,,,,,
Tamil Nadu,24. Thanjavur,2021,Small millets,Kharif,1.0,2.0,2.0,,,,,,,,,,,,,
Tamil Nadu,24. Thanjavur,2021,Urad,Kharif,5320.0,5748.0,1.08,,,,,,,,,,,,,
Tamil Nadu,24. Thanjavur,2021,Urad,Rabi,29939.0,19788.0,0.66,,,,,,,,,,,,,
Tamil Nadu,24. Thanjavur,2021,Arhar/Tur,Rabi,10.0,9.0,0.9,,,,,,,,,,,,,
Tamil Nadu,24. Thanjavur,2021,Other Cereals,Kharif,12.0,16.0,1.33,,,,,,,,,,,,,
Tamil Nadu,24. Thanjavur,2022,Bajra,Rabi,2.0,4.0,2.0,,,,,,,,,,,,,
Tamil Nadu,24. Thanjavur,2022,Cotton(lint),Kharif,398.0,760.0,1.91,,,,,,,,,,,,,
Tamil Nadu,24. Thanjavur,2022,Cotton(lint),Rabi,3546.0,6344.0,1.79,,,,,,,,,,,,,
Tamil Nadu,24. Thanjavur,2022,Groundnut,Kharif,605.0,1280.0,2.12,,,,,,,,,,,,,
Tamil Nadu,24. Thanjavur,2022,Groundnut,Rabi,7205.0,19707.0,2.74,,,,,,,,,,,,,
Tamil Nadu,24. Thanjavur,2022,Jowar,Kharif,1.0,1.0,1.0,,,,,,,,,,,,,
Tamil Nadu,24. Thanjavur,2022,Maize,Kharif,698.0,5443.0,7.8,,,,,,,,,,,,,
Tamil Nadu,24. Thanjavur,2022,Maize,Rabi,314.0,1929.0,6.14,,,,,,,,,,,,,
Tamil Nadu,24. Thanjavur,2022,Moong(Green Gram),Kharif,2.0,2.0,1.0,,,,,,,,,,,,,
Tamil Nadu,24. Thanjavur,2022,Moong(Green Gram),Rabi,1266.0,455.0,0.36,,,,,,,,,,,,,
Tamil Nadu,24. Thanjavur,2022,Onion,Kharif,6.0,57.0,9.5,,,,,,,,,,,,,
Tamil Nadu,24. Thanjavur,2022,Onion,Rabi,1.0,8.0,8.0,,,,,,,,,,,,,
Tamil Nadu,24. Thanjavur,2022,Ragi,Kharif,44.0,116.0,2.64,,,,,,,,,,,,,
Tamil Nadu,24. Thanjavur,2022,Ragi,Rabi,62.0,256.0,4.13,,,,,,,,,,,,,
Tamil Nadu,24. Thanjavur,2022,Rice,Autumn,72005.0,276157.0,3.84,,,,,,,,,,,,,
Tamil Nadu,24. Thanjavur,2022,Rice,Winter,136857.0,506478.0,3.7,,,,,,,,,,,,,
Tamil Nadu,24. Thanjavur,2022,Sesamum,Kharif,1351.0,668.0,0.49,,,,,,,,,,,,,
Tamil Nadu,24. Thanjavur,2022,Sesamum,Rabi,3197.0,1030.0,0.32,,,,,,,,,,,,,
Tamil Nadu,24. Thanjavur,2022,Small millets,Kharif,1.0,2.0,2.0,,,,,,,,,,,,,
Tamil Nadu,24. Thanjavur,2022,Sunflower,Kharif,2.0,4.0,2.0,,,,,,,,,,,,,
Tamil Nadu,24. Thanjavur,2022,Urad,Kharif,2803.0,2630.0,0.94,,,,,,,,,,,,,
Tamil Nadu,24. Thanjavur,2022,Urad,Rabi,31964.0,30572.0,0.96,,,,,,,,,,,,,
Tamil Nadu,24. Thanjavur,2022,Arhar/Tur,Kharif,2.0,2.0,1.0,,,,,,,,,,,,,
Tamil Nadu,24. Thanjavur,2022,Arhar/Tur,Rabi,3.0,3.0,1.0,,,,,,,,,,,,,
Tamil Nadu,24. Thanjavur,2022,Gram,Rabi,2.0,2.0,1.0,,,,,,,,,,,,,
Tamil Nadu,25. The nilgiris,2015,Groundnut,Kharif,4.0,9.0,2.25,,,,,,,,,,,,,
Tamil Nadu,25. The nilgiris,2015,Moong(Green Gram),Kharif,1.0,1.0,1.0,,,,,,,,,,,,,
Tamil Nadu,25. The nilgiris,2015,Rice,Kharif,318.0,1418.0,4.46,,,,,,,,,,,,,
Tamil Nadu,25. The nilgiris,2015,Potato,Kharif,939.0,31176.0,33.2,,,,,,,,,,,,,
Tamil Nadu,25. The nilgiris,2015,Potato,Rabi,503.0,11896.0,23.65,,,,,,,,,,,,,
Tamil Nadu,25. The nilgiris,2016,Groundnut,Kharif,4.0,6.0,1.5,,,,,,,,,,,,,
Tamil Nadu,25. The nilgiris,2016,Moong(Green Gram),Kharif,2.0,2.0,1.0,,,,,,,,,,,,,
Tamil Nadu,25. The nilgiris,2016,Rice,Kharif,243.0,1043.0,4.29,,,,,,,,,,,,,
Tamil Nadu,25. The nilgiris,2016,Small millets,Kharif,5.0,1.0,0.2,,,,,,,,,,,,,
Tamil Nadu,25. The nilgiris,2016,Other Cereals,Kharif,6.0,,0.0,,,,,,,,,,,,,
Tamil Nadu,25. The nilgiris,2016,Potato,Kharif,933.0,38140.0,40.88,,,,,,,,,,,,,
Tamil Nadu,25. The nilgiris,2016,Potato,Rabi,451.0,10994.0,24.38,,,,,,,,,,,,,
Tamil Nadu,25. The nilgiris,2016,Wheat,Rabi,6.0,,0.0,,,,,,,,,,,,,
Tamil Nadu,25. The nilgiris,2017,Groundnut,Kharif,5.0,12.0,2.4,,,,,,,,,,,,,
Tamil Nadu,25. The nilgiris,2017,Groundnut,Rabi,2.0,8.0,4.0,,,,,,,,,,,,,
Tamil Nadu,25. The nilgiris,2017,Moong(Green Gram),Kharif,2.0,1.0,0.5,,,,,,,,,,,,,
Tamil Nadu,25. The nilgiris,2017,Rice,Autumn,239.0,921.0,3.85,,,,,,,,,,,,,
Tamil Nadu,25. The nilgiris,2017,Other Cereals,Kharif,6.0,,0.0,,,,,,,,,,,,,
Tamil Nadu,25. The nilgiris,2017,Potato,Kharif,628.0,14173.0,22.57,,,,,,,,,,,,,
Tamil Nadu,25. The nilgiris,2017,Potato,Rabi,314.0,6836.0,21.77,,,,,,,,,,,,,
Tamil Nadu,25. The nilgiris,2018,Moong(Green Gram),Kharif,1.0,1.0,1.0,,,,,,,,,,,,,
Tamil Nadu,25. The nilgiris,2018,Rice,Autumn,207.0,888.0,4.29,,,,,,,,,,,,,
Tamil Nadu,25. The nilgiris,2018,Other Cereals,Kharif,7.0,9.51,1.36,,,,,,,,,,,,,
Tamil Nadu,25. The nilgiris,2018,Potato,Kharif,404.0,10140.0,25.1,,,,,,,,,,,,,
Tamil Nadu,25. The nilgiris,2018,Potato,Rabi,219.0,5713.0,26.09,,,,,,,,,,,,,
Tamil Nadu,25. The nilgiris,2019,Maize,Kharif,1.0,11.0,11.0,,,,,,,,,,,,,
Tamil Nadu,25. The nilgiris,2019,Ragi,Kharif,1.0,2.0,2.0,,,,,,,,,,,,,
Tamil Nadu,25. The nilgiris,2019,Rice,Autumn,170.0,698.0,4.11,,,,,,,,,,,,,
Tamil Nadu,25. The nilgiris,2019,Other Cereals,Kharif,7.0,,0.0,,,,,,,,,,,,,
Tamil Nadu,25. The nilgiris,2019,Rapeseed &Mustard,Rabi,1.0,,0.0,,,,,,,,,,,,,
Tamil Nadu,25. The nilgiris,2019,Potato,Kharif,463.0,9897.0,21.38,,,,,,,,,,,,,
Tamil Nadu,25. The nilgiris,2019,Potato,Rabi,341.0,6710.0,19.68,,,,,,,,,,,,,
Tamil Nadu,25. The nilgiris,2020,Jowar,Kharif,1.0,1.0,1.0,,,,,,,,,,,,,
Tamil Nadu,25. The nilgiris,2020,Maize,Kharif,2.0,18.0,9.0,,,,,,,,,,,,,
Tamil Nadu,25. The nilgiris,2020,Maize,Rabi,1.0,6.0,6.0,,,,,,,,,,,,,
Tamil Nadu,25. The nilgiris,2020,Onion,Rabi,1.0,7.0,7.0,,,,,,,,,,,,,
Tamil Nadu,25. The nilgiris,2020,Ragi,Kharif,44.0,145.0,3.3,,,,,,,,,,,,,
Tamil Nadu,25. The nilgiris,2020,Ragi,Rabi,1.0,5.0,5.0,,,,,,,,,,,,,
Tamil Nadu,25. The nilgiris,2020,Rice,Autumn,180.0,782.0,4.34,,,,,,,,,,,,,
Tamil Nadu,25. The nilgiris,2020,Small millets,Kharif,1.0,0.0,0.0,,,,,,,,,,,,,
Tamil Nadu,25. The nilgiris,2020,Other Cereals,Kharif,7.0,10.0,1.43,,,,,,,,,,,,,
Tamil Nadu,25. The nilgiris,2020,Potato,Kharif,568.0,12734.0,22.42,,,,,,,,,,,,,
Tamil Nadu,25. The nilgiris,2020,Potato,Rabi,351.0,7825.0,22.29,,,,,,,,,,,,,
Tamil Nadu,25. The nilgiris,2021,Maize,Kharif,3.0,32.0,10.67,,,,,,,,,,,,,
Tamil Nadu,25. The nilgiris,2021,Onion,Kharif,3.0,30.0,10.0,,,,,,,,,,,,,
Tamil Nadu,25. The nilgiris,2021,Ragi,Kharif,2.0,4.0,2.0,,,,,,,,,,,,,
Tamil Nadu,25. The nilgiris,2021,Rice,Autumn,159.0,649.0,4.08,,,,,,,,,,,,,
Tamil Nadu,25. The nilgiris,2021,Small millets,Kharif,1.0,0.0,0.0,,,,,,,,,,,,,
Tamil Nadu,25. The nilgiris,2021,Small millets,Rabi,1.0,1.0,1.0,,,,,,,,,,,,,
Tamil Nadu,25. The nilgiris,2021,Other Cereals,Kharif,6.0,0.0,0.0,,,,,,,,,,,,,
Tamil Nadu,25. The nilgiris,2021,Potato,Kharif,583.0,12099.0,20.75,,,,,,,,,,,,,
Tamil Nadu,25. The nilgiris,2021,Potato,Rabi,327.0,6838.0,20.91,,,,,,,,,,,,,
Tamil Nadu,25. The nilgiris,2022,Bajra,Kharif,1.0,4.0,4.0,,,,,,,,,,,,,
Tamil Nadu,25. The nilgiris,2022,Maize,Kharif,2.0,12.0,6.0,,,,,,,,,,,,,
Tamil Nadu,25. The nilgiris,2022,Maize,Rabi,2.0,15.0,7.5,,,,,,,,,,,,,
Tamil Nadu,25. The nilgiris,2022,Onion,Kharif,1.0,10.0,10.0,,,,,,,,,,,,,
Tamil Nadu,25. The nilgiris,2022,Ragi,Kharif,3.0,7.0,2.33,,,,,,,,,,,,,
Tamil Nadu,25. The nilgiris,2022,Ragi,Rabi,1.0,4.0,4.0,,,,,,,,,,,,,
Tamil Nadu,25. The nilgiris,2022,Rice,Autumn,91.0,349.0,3.84,,,,,,,,,,,,,
Tamil Nadu,25. The nilgiris,2022,Small millets,Kharif,1.0,2.0,2.0,,,,,,,,,,,,,
Tamil Nadu,25. The nilgiris,2022,Other Cereals,Kharif,6.0,0.0,0.0,,,,,,,,,,,,,
Tamil Nadu,25. The nilgiris,2022,Potato,Kharif,506.0,11867.0,23.45,,,,,,,,,,,,,
Tamil Nadu,25. The nilgiris,2022,Potato,Rabi,412.0,10555.0,25.62,,,,,,,,,,,,,
Tamil Nadu,26. Theni,2015,Bajra,Kharif,1307.0,4168.0,3.19,,,,,,,,,,,,,
Tamil Nadu,26. Theni,2015,Bajra,Rabi,347.0,1179.0,3.4,,,,,,,,,,,,,
Tamil Nadu,26. Theni,2015,Castor seed,Kharif,136.0,38.0,0.28,,,,,,,,,,,,,
Tamil Nadu,26. Theni,2015,Cotton(lint),Kharif,913.0,4318.0,4.73,,,,,,,,,,,,,
Tamil Nadu,26. Theni,2015,Cotton(lint),Rabi,877.0,3916.0,4.47,,,,,,,,,,,,,
Tamil Nadu,26. Theni,2015,Groundnut,Kharif,2216.0,7519.0,3.39,,,,,,,,,,,,,
Tamil Nadu,26. Theni,2015,Groundnut,Rabi,221.0,728.0,3.29,,,,,,,,,,,,,
Tamil Nadu,26. Theni,2015,Horse-gram,Kharif,594.0,349.0,0.59,,,,,,,,,,,,,
Tamil Nadu,26. Theni,2015,Horse-gram,Rabi,56.0,33.0,0.59,,,,,,,,,,,,,
Tamil Nadu,26. Theni,2015,Jowar,Kharif,5920.0,15356.0,2.59,,,,,,,,,,,,,
Tamil Nadu,26. Theni,2015,Jowar,Rabi,2377.0,8759.0,3.68,,,,,,,,,,,,,
Tamil Nadu,26. Theni,2015,Maize,Kharif,4745.0,40280.0,8.49,,,,,,,,,,,,,
Tamil Nadu,26. Theni,2015,Maize,Rabi,5248.0,29767.0,5.67,,,,,,,,,,,,,
Tamil Nadu,26. Theni,2015,Masoor,Kharif,2118.0,3402.0,1.61,,,,,,,,,,,,,
Tamil Nadu,26. Theni,2015,Moong(Green Gram),Kharif,918.0,728.0,0.79,,,,,,,,,,,,,
Tamil Nadu,26. Theni,2015,Moong(Green Gram),Rabi,640.0,335.0,0.52,,,,,,,,,,,,,
Tamil Nadu,26. Theni,2015,Onion,Kharif,691.0,8082.0,11.7,,,,,,,,,,,,,
Tamil Nadu,26. Theni,2015,Onion,Rabi,231.0,2516.0,10.89,,,,,,,,,,,,,
Tamil Nadu,26. Theni,2015,Other Kharif pulses,Kharif,7781.0,4552.0,0.59,,,,,,,,,,,,,
Tamil Nadu,26. Theni,2015,Ragi,Kharif,22.0,66.0,3.0,,,,,,,,,,,,,
Tamil Nadu,26. Theni,2015,Ragi,Rabi,4.0,14.0,3.5,,,,,,,,,,,,,
Tamil Nadu,26. Theni,2015,Rice,Kharif,14631.0,79374.0,5.43,,,,,,,,,,,,,
Tamil Nadu,26. Theni,2015,Sesamum,Kharif,914.0,1135.0,1.24,,,,,,,,,,,,,
Tamil Nadu,26. Theni,2015,Sesamum,Rabi,813.0,502.0,0.62,,,,,,,,,,,,,
Tamil Nadu,26. Theni,2015,Small millets,Kharif,32.0,42.0,1.31,,,,,,,,,,,,,
Tamil Nadu,26. Theni,2015,Small millets,Rabi,3.0,4.0,1.33,,,,,,,,,,,,,
Tamil Nadu,26. Theni,2015,Sunflower,Kharif,150.0,212.0,1.41,,,,,,,,,,,,,
Tamil Nadu,26. Theni,2015,Urad,Kharif,519.0,359.0,0.69,,,,,,,,,,,,,
Tamil Nadu,26. Theni,2015,Urad,Rabi,633.0,444.0,0.7,,,,,,,,,,,,,
Tamil Nadu,26. Theni,2015,Gram,Rabi,2.0,1.0,0.5,,,,,,,,,,,,,
Tamil Nadu,26. Theni,2016,Bajra,Kharif,362.0,523.0,1.44,,,,,,,,,,,,,
Tamil Nadu,26. Theni,2016,Bajra,Rabi,2578.0,1307.0,0.51,,,,,,,,,,,,,
Tamil Nadu,26. Theni,2016,Castor seed,Kharif,100.0,33.0,0.33,,,,,,,,,,,,,
Tamil Nadu,26. Theni,2016,Cotton(lint),Kharif,318.0,410.0,1.29,,,,,,,,,,,,,
Tamil Nadu,26. Theni,2016,Cotton(lint),Rabi,1424.0,347.0,0.24,,,,,,,,,,,,,
Tamil Nadu,26. Theni,2016,Groundnut,Kharif,1014.0,2582.0,2.55,,,,,,,,,,,,,
Tamil Nadu,26. Theni,2016,Groundnut,Rabi,414.0,1339.0,3.23,,,,,,,,,,,,,
Tamil Nadu,26. Theni,2016,Horse-gram,Kharif,186.0,59.0,0.32,,,,,,,,,,,,,
Tamil Nadu,26. Theni,2016,Horse-gram,Rabi,682.0,219.0,0.32,,,,,,,,,,,,,
Tamil Nadu,26. Theni,2016,Jowar,Kharif,812.0,926.0,1.14,,,,,,,,,,,,,
Tamil Nadu,26. Theni,2016,Jowar,Rabi,5091.0,10607.0,2.08,,,,,,,,,,,,,
Tamil Nadu,26. Theni,2016,Maize,Kharif,2392.0,10892.0,4.55,,,,,,,,,,,,,
Tamil Nadu,26. Theni,2016,Maize,Rabi,5412.0,6795.0,1.26,,,,,,,,,,,,,
Tamil Nadu,26. Theni,2016,Moong(Green Gram),Kharif,370.0,299.0,0.81,,,,,,,,,,,,,
Tamil Nadu,26. Theni,2016,Moong(Green Gram),Rabi,1428.0,342.0,0.24,,,,,,,,,,,,,
Tamil Nadu,26. Theni,2016,Onion,Kharif,528.0,7374.0,13.97,,,,,,,,,,,,,
Tamil Nadu,26. Theni,2016,Onion,Rabi,247.0,3108.0,12.58,,,,,,,,,,,,,
Tamil Nadu,26. Theni,2016,Ragi,Kharif,7.0,12.0,1.71,,,,,,,,,,,,,
Tamil Nadu,26. Theni,2016,Ragi,Rabi,36.0,112.0,3.11,,,,,,,,,,,,,
Tamil Nadu,26. Theni,2016,Rice,Kharif,6210.0,37442.0,6.03,,,,,,,,,,,,,
Tamil Nadu,26. Theni,2016,Sesamum,Kharif,1029.0,361.0,0.35,,,,,,,,,,,,,
Tamil Nadu,26. Theni,2016,Sesamum,Rabi,154.0,58.0,0.38,,,,,,,,,,,,,
Tamil Nadu,26. Theni,2016,Small millets,Kharif,22.0,23.0,1.05,,,,,,,,,,,,,
Tamil Nadu,26. Theni,2016,Small millets,Rabi,9.0,8.0,0.89,,,,,,,,,,,,,
Tamil Nadu,26. Theni,2016,Sunflower,Kharif,25.0,17.0,0.68,,,,,,,,,,,,,
Tamil Nadu,26. Theni,2016,Sunflower,Rabi,4.0,1.0,0.25,,,,,,,,,,,,,
Tamil Nadu,26. Theni,2016,Urad,Kharif,580.0,448.0,0.77,,,,,,,,,,,,,
Tamil Nadu,26. Theni,2016,Urad,Rabi,2484.0,897.0,0.36,,,,,,,,,,,,,
Tamil Nadu,26. Theni,2016,Arhar/Tur,Kharif,2259.0,841.0,0.37,,,,,,,,,,,,,
Tamil Nadu,26. Theni,2016,Other Cereals,Kharif,13.0,,0.0,,,,,,,,,,,,,
Tamil Nadu,26. Theni,2016,Other Cereals,Rabi,26.0,,0.0,,,,,,,,,,,,,
Tamil Nadu,26. Theni,2017,Bajra,Kharif,637.0,1189.0,1.87,,,,,,,,,,,,,
Tamil Nadu,26. Theni,2017,Bajra,Rabi,849.0,1753.0,2.06,,,,,,,,,,,,,
Tamil Nadu,26. Theni,2017,Castor seed,Kharif,65.0,22.0,0.34,,,,,,,,,,,,,
Tamil Nadu,26. Theni,2017,Cotton(lint),Kharif,1246.0,3.0,0.0,,,,,,,,,,,,,
Tamil Nadu,26. Theni,2017,Cotton(lint),Rabi,1162.0,3.0,0.0,,,,,,,,,,,,,
Tamil Nadu,26. Theni,2017,Groundnut,Kharif,1479.0,3208.0,2.17,,,,,,,,,,,,,
Tamil Nadu,26. Theni,2017,Groundnut,Rabi,242.0,948.0,3.92,,,,,,,,,,,,,
Tamil Nadu,26. Theni,2017,Horse-gram,Kharif,271.0,209.0,0.77,,,,,,,,,,,,,
Tamil Nadu,26. Theni,2017,Horse-gram,Rabi,279.0,220.0,0.79,,,,,,,,,,,,,
Tamil Nadu,26. Theni,2017,Jowar,Kharif,4765.0,16921.0,3.55,,,,,,,,,,,,,
Tamil Nadu,26. Theni,2017,Jowar,Rabi,5295.0,22848.0,4.32,,,,,,,,,,,,,
Tamil Nadu,26. Theni,2017,Maize,Kharif,2943.0,27132.0,9.22,,,,,,,,,,,,,
Tamil Nadu,26. Theni,2017,Maize,Rabi,4029.0,35665.0,8.85,,,,,,,,,,,,,
Tamil Nadu,26. Theni,2017,Moong(Green Gram),Kharif,1131.0,932.0,0.82,,,,,,,,,,,,,
Tamil Nadu,26. Theni,2017,Moong(Green Gram),Rabi,1075.0,429.0,0.4,,,,,,,,,,,,,
Tamil Nadu,26. Theni,2017,Onion,Kharif,490.0,6207.0,12.67,,,,,,,,,,,,,
Tamil Nadu,26. Theni,2017,Onion,Rabi,431.0,4875.0,11.31,,,,,,,,,,,,,
Tamil Nadu,26. Theni,2017,Other Kharif pulses,Kharif,2131.0,1407.0,0.66,,,,,,,,,,,,,
Tamil Nadu,26. Theni,2017,Ragi,Kharif,14.0,48.0,3.43,,,,,,,,,,,,,
Tamil Nadu,26. Theni,2017,Ragi,Rabi,7.0,31.0,4.43,,,,,,,,,,,,,
Tamil Nadu,26. Theni,2017,Rice,Autumn,1475.0,8036.0,5.45,,,,,,,,,,,,,
Tamil Nadu,26. Theni,2017,Rice,Winter,5269.0,27831.0,5.28,,,,,,,,,,,,,
Tamil Nadu,26. Theni,2017,Sesamum,Kharif,796.0,174.0,0.22,,,,,,,,,,,,,
Tamil Nadu,26. Theni,2017,Sesamum,Rabi,381.0,153.0,0.4,,,,,,,,,,,,,
Tamil Nadu,26. Theni,2017,Small millets,Kharif,10.0,13.0,1.3,,,,,,,,,,,,,
Tamil Nadu,26. Theni,2017,Small millets,Rabi,57.0,59.0,1.04,,,,,,,,,,,,,
Tamil Nadu,26. Theni,2017,Sunflower,Kharif,7.0,14.0,2.0,,,,,,,,,,,,,
Tamil Nadu,26. Theni,2017,Urad,Kharif,1257.0,1145.0,0.91,,,,,,,,,,,,,
Tamil Nadu,26. Theni,2017,Urad,Rabi,1423.0,961.0,0.68,,,,,,,,,,,,,
Tamil Nadu,26. Theni,2017,Arhar/Tur,Kharif,2045.0,2028.0,0.99,,,,,,,,,,,,,
Tamil Nadu,26. Theni,2017,Other Cereals,Kharif,21.0,28.0,1.33,,,,,,,,,,,,,
Tamil Nadu,26. Theni,2017,Other Cereals,Rabi,24.0,32.0,1.33,,,,,,,,,,,,,
Tamil Nadu,26. Theni,2017,Cowpea(Lobia),Kharif,2710.0,1968.0,0.73,,,,,,,,,,,,,
Tamil Nadu,26. Theni,2017,Cowpea(Lobia),Rabi,1645.0,1024.0,0.62,,,,,,,,,,,,,
Tamil Nadu,26. Theni,2017,Other Rabi pulses,Rabi,975.0,644.0,0.66,,,,,,,,,,,,,
Tamil Nadu,26. Theni,2017,Rapeseed &Mustard,Rabi,7.0,2.0,0.29,,,,,,,,,,,,,
Tamil Nadu,26. Theni,2017,Potato,Kharif,4.0,69.0,17.25,,,,,,,,,,,,,
Tamil Nadu,26. Theni,2018,Bajra,Kharif,1313.0,4602.0,3.5,,,,,,,,,,,,,
Tamil Nadu,26. Theni,2018,Bajra,Rabi,1045.0,4037.0,3.86,,,,,,,,,,,,,
Tamil Nadu,26. Theni,2018,Castor seed,Kharif,119.0,40.0,0.34,,,,,,,,,,,,,
Tamil Nadu,26. Theni,2018,Cotton(lint),Kharif,981.0,2125.0,2.17,,,,,,,,,,,,,
Tamil Nadu,26. Theni,2018,Cotton(lint),Rabi,2474.0,6426.0,2.6,,,,,,,,,,,,,
Tamil Nadu,26. Theni,2018,Groundnut,Kharif,1588.0,5277.0,3.32,,,,,,,,,,,,,
Tamil Nadu,26. Theni,2018,Groundnut,Rabi,623.0,2176.0,3.49,,,,,,,,,,,,,
Tamil Nadu,26. Theni,2018,Horse-gram,Kharif,254.0,176.0,0.69,,,,,,,,,,,,,
Tamil Nadu,26. Theni,2018,Horse-gram,Rabi,354.0,244.0,0.69,,,,,,,,,,,,,
Tamil Nadu,26. Theni,2018,Jowar,Kharif,1853.0,9689.0,5.23,,,,,,,,,,,,,
Tamil Nadu,26. Theni,2018,Jowar,Rabi,8025.0,44382.0,5.53,,,,,,,,,,,,,
Tamil Nadu,26. Theni,2018,Maize,Kharif,2207.0,16768.0,7.6,,,,,,,,,,,,,
Tamil Nadu,26. Theni,2018,Maize,Rabi,4328.0,30288.0,7.0,,,,,,,,,,,,,
Tamil Nadu,26. Theni,2018,Moong(Green Gram),Kharif,204.0,138.0,0.68,,,,,,,,,,,,,
Tamil Nadu,26. Theni,2018,Moong(Green Gram),Rabi,538.0,220.0,0.41,,,,,,,,,,,,,
Tamil Nadu,26. Theni,2018,Onion,Kharif,646.0,6438.0,9.97,,,,,,,,,,,,,
Tamil Nadu,26. Theni,2018,Onion,Rabi,286.0,1625.0,5.68,,,,,,,,,,,,,
Tamil Nadu,26. Theni,2018,Other Kharif pulses,Kharif,1434.0,1040.0,0.73,,,,,,,,,,,,,
Tamil Nadu,26. Theni,2018,Ragi,Kharif,15.0,49.0,3.27,,,,,,,,,,,,,
Tamil Nadu,26. Theni,2018,Ragi,Rabi,5.0,19.0,3.8,,,,,,,,,,,,,
Tamil Nadu,26. Theni,2018,Rice,Autumn,4039.0,23824.0,5.9,,,,,,,,,,,,,
Tamil Nadu,26. Theni,2018,Rice,Winter,5668.0,30431.0,5.37,,,,,,,,,,,,,
Tamil Nadu,26. Theni,2018,Sesamum,Kharif,562.0,246.0,0.44,,,,,,,,,,,,,
Tamil Nadu,26. Theni,2018,Sesamum,Rabi,243.0,138.0,0.57,,,,,,,,,,,,,
Tamil Nadu,26. Theni,2018,Small millets,Kharif,23.0,37.0,1.61,,,,,,,,,,,,,
Tamil Nadu,26. Theni,2018,Small millets,Rabi,37.0,63.0,1.7,,,,,,,,,,,,,
Tamil Nadu,26. Theni,2018,Sunflower,Rabi,5.0,3.0,0.6,,,,,,,,,,,,,
Tamil Nadu,26. Theni,2018,Urad,Kharif,643.0,489.0,0.76,,,,,,,,,,,,,
Tamil Nadu,26. Theni,2018,Urad,Rabi,1144.0,693.0,0.61,,,,,,,,,,,,,
Tamil Nadu,26. Theni,2018,Arhar/Tur,Kharif,1415.0,2305.0,1.63,,,,,,,,,,,,,
Tamil Nadu,26. Theni,2018,Other Cereals,Kharif,6.0,8.0,1.33,,,,,,,,,,,,,
Tamil Nadu,26. Theni,2018,Other Cereals,Rabi,8.0,19.0,2.38,,,,,,,,,,,,,
Tamil Nadu,26. Theni,2018,Cowpea(Lobia),Kharif,1334.0,946.0,0.71,,,,,,,,,,,,,
Tamil Nadu,26. Theni,2018,Cowpea(Lobia),Rabi,3110.0,3181.0,1.02,,,,,,,,,,,,,
Tamil Nadu,26. Theni,2018,Other Rabi pulses,Rabi,2063.0,1496.0,0.73,,,,,,,,,,,,,
Tamil Nadu,26. Theni,2019,Bajra,Kharif,185.0,514.0,2.78,,,,,,,,,,,,,
Tamil Nadu,26. Theni,2019,Bajra,Rabi,870.0,1676.0,1.93,,,,,,,,,,,,,
Tamil Nadu,26. Theni,2019,Castor seed,Kharif,86.0,26.0,0.3,,,,,,,,,,,,,
Tamil Nadu,26. Theni,2019,Cotton(lint),Kharif,713.0,3238.0,4.54,,,,,,,,,,,,,
Tamil Nadu,26. Theni,2019,Cotton(lint),Rabi,1830.0,10402.0,5.68,,,,,,,,,,,,,
Tamil Nadu,26. Theni,2019,Groundnut,Kharif,1199.0,3511.0,2.93,,,,,,,,,,,,,
Tamil Nadu,26. Theni,2019,Groundnut,Rabi,548.0,2051.0,3.74,,,,,,,,,,,,,
Tamil Nadu,26. Theni,2019,Horse-gram,Kharif,231.0,178.0,0.77,,,,,,,,,,,,,
Tamil Nadu,26. Theni,2019,Horse-gram,Rabi,361.0,281.0,0.78,,,,,,,,,,,,,
Tamil Nadu,26. Theni,2019,Jowar,Kharif,3408.0,7076.0,2.08,,,,,,,,,,,,,
Tamil Nadu,26. Theni,2019,Jowar,Rabi,6816.0,21341.0,3.13,,,,,,,,,,,,,
Tamil Nadu,26. Theni,2019,Maize,Kharif,1698.0,15175.0,8.94,,,,,,,,,,,,,
Tamil Nadu,26. Theni,2019,Maize,Rabi,5042.0,33865.0,6.72,,,,,,,,,,,,,
Tamil Nadu,26. Theni,2019,Moong(Green Gram),Kharif,241.0,213.0,0.88,,,,,,,,,,,,,
Tamil Nadu,26. Theni,2019,Moong(Green Gram),Rabi,551.0,373.0,0.68,,,,,,,,,,,,,
Tamil Nadu,26. Theni,2019,Onion,Kharif,407.0,3427.0,8.42,,,,,,,,,,,,,
Tamil Nadu,26. Theni,2019,Onion,Rabi,370.0,2610.0,7.05,,,,,,,,,,,,,
Tamil Nadu,26. Theni,2019,Other Kharif pulses,Kharif,1346.0,1188.0,0.88,,,,,,,,,,,,,
Tamil Nadu,26. Theni,2019,Ragi,Rabi,13.0,50.0,3.85,,,,,,,,,,,,,
Tamil Nadu,26. Theni,2019,Rice,Autumn,641.0,2633.0,4.11,,,,,,,,,,,,,
Tamil Nadu,26. Theni,2019,Rice,Winter,6618.0,26844.0,4.06,,,,,,,,,,,,,
Tamil Nadu,26. Theni,2019,Sesamum,Kharif,657.0,217.0,0.33,,,,,,,,,,,,,
Tamil Nadu,26. Theni,2019,Sesamum,Rabi,167.0,122.0,0.73,,,,,,,,,,,,,
Tamil Nadu,26. Theni,2019,Small millets,Kharif,7.0,9.0,1.29,,,,,,,,,,,,,
Tamil Nadu,26. Theni,2019,Urad,Kharif,318.0,268.0,0.84,,,,,,,,,,,,,
Tamil Nadu,26. Theni,2019,Urad,Rabi,1275.0,990.0,0.78,,,,,,,,,,,,,
Tamil Nadu,26. Theni,2019,Arhar/Tur,Kharif,533.0,752.0,1.41,,,,,,,,,,,,,
Tamil Nadu,26. Theni,2019,Arhar/Tur,Rabi,474.0,668.0,1.41,,,,,,,,,,,,,
Tamil Nadu,26. Theni,2019,Other Cereals,Kharif,1.0,1.0,1.0,,,,,,,,,,,,,
Tamil Nadu,26. Theni,2019,Cowpea(Lobia),Kharif,1097.0,510.0,0.46,,,,,,,,,,,,,
Tamil Nadu,26. Theni,2019,Cowpea(Lobia),Rabi,2783.0,2131.0,0.77,,,,,,,,,,,,,
Tamil Nadu,26. Theni,2019,Other Rabi pulses,Rabi,2104.0,1908.0,0.91,,,,,,,,,,,,,
Tamil Nadu,26. Theni,2020,Bajra,Kharif,287.0,757.0,2.64,,,,,,,,,,,,,
Tamil Nadu,26. Theni,2020,Bajra,Rabi,747.0,2007.0,2.69,,,,,,,,,,,,,
Tamil Nadu,26. Theni,2020,Castor seed,Kharif,107.0,33.0,0.31,,,,,,,,,,,,,
Tamil Nadu,26. Theni,2020,Cotton(lint),Kharif,600.0,2559.0,4.27,,,,,,,,,,,,,
Tamil Nadu,26. Theni,2020,Cotton(lint),Rabi,1249.0,2648.0,2.12,,,,,,,,,,,,,
Tamil Nadu,26. Theni,2020,Groundnut,Kharif,1599.0,4209.0,2.63,,,,,,,,,,,,,
Tamil Nadu,26. Theni,2020,Groundnut,Rabi,488.0,1575.0,3.23,,,,,,,,,,,,,
Tamil Nadu,26. Theni,2020,Horse-gram,Kharif,174.0,129.0,0.74,,,,,,,,,,,,,
Tamil Nadu,26. Theni,2020,Horse-gram,Rabi,355.0,266.0,0.75,,,,,,,,,,,,,
Tamil Nadu,26. Theni,2020,Jowar,Kharif,3928.0,7527.0,1.92,,,,,,,,,,,,,
Tamil Nadu,26. Theni,2020,Jowar,Rabi,7036.0,20688.0,2.94,,,,,,,,,,,,,
Tamil Nadu,26. Theni,2020,Maize,Kharif,2559.0,18618.0,7.28,,,,,,,,,,,,,
Tamil Nadu,26. Theni,2020,Maize,Rabi,4338.0,22936.0,5.29,,,,,,,,,,,,,
Tamil Nadu,26. Theni,2020,Moong(Green Gram),Kharif,320.0,215.0,0.67,,,,,,,,,,,,,
Tamil Nadu,26. Theni,2020,Moong(Green Gram),Rabi,554.0,294.0,0.53,,,,,,,,,,,,,
Tamil Nadu,26. Theni,2020,Onion,Kharif,474.0,3001.0,6.33,,,,,,,,,,,,,
Tamil Nadu,26. Theni,2020,Onion,Rabi,390.0,2164.0,5.55,,,,,,,,,,,,,
Tamil Nadu,26. Theni,2020,Other Kharif pulses,Kharif,1063.0,622.0,0.59,,,,,,,,,,,,,
Tamil Nadu,26. Theni,2020,Ragi,Kharif,8.0,26.0,3.25,,,,,,,,,,,,,
Tamil Nadu,26. Theni,2020,Ragi,Rabi,8.0,32.0,4.0,,,,,,,,,,,,,
Tamil Nadu,26. Theni,2020,Rice,Autumn,2388.0,10408.0,4.36,,,,,,,,,,,,,
Tamil Nadu,26. Theni,2020,Rice,Winter,5934.0,25278.0,4.26,,,,,,,,,,,,,
Tamil Nadu,26. Theni,2020,Sesamum,Kharif,625.0,240.0,0.38,,,,,,,,,,,,,
Tamil Nadu,26. Theni,2020,Sesamum,Rabi,465.0,314.0,0.68,,,,,,,,,,,,,
Tamil Nadu,26. Theni,2020,Small millets,Kharif,11.0,12.0,1.09,,,,,,,,,,,,,
Tamil Nadu,26. Theni,2020,Small millets,Rabi,15.0,23.0,1.53,,,,,,,,,,,,,
Tamil Nadu,26. Theni,2020,Sunflower,Kharif,2.0,3.0,1.5,,,,,,,,,,,,,
Tamil Nadu,26. Theni,2020,Urad,Kharif,362.0,322.0,0.89,,,,,,,,,,,,,
Tamil Nadu,26. Theni,2020,Urad,Rabi,1172.0,606.0,0.52,,,,,,,,,,,,,
Tamil Nadu,26. Theni,2020,Arhar/Tur,Kharif,616.0,729.0,1.18,,,,,,,,,,,,,
Tamil Nadu,26. Theni,2020,Arhar/Tur,Rabi,268.0,316.0,1.18,,,,,,,,,,,,,
Tamil Nadu,26. Theni,2020,Other Cereals,Kharif,2.0,3.0,1.5,,,,,,,,,,,,,
Tamil Nadu,26. Theni,2020,Cowpea(Lobia),Kharif,862.0,1092.0,1.27,,,,,,,,,,,,,
Tamil Nadu,26. Theni,2020,Cowpea(Lobia),Rabi,2183.0,1285.0,0.59,,,,,,,,,,,,,
Tamil Nadu,26. Theni,2020,Other Rabi pulses,Rabi,2244.0,1313.0,0.59,,,,,,,,,,,,,
Tamil Nadu,26. Theni,2021,Bajra,Kharif,339.0,847.0,2.5,,,,,,,,,,,,,
Tamil Nadu,26. Theni,2021,Bajra,Rabi,958.0,2259.0,2.36,,,,,,,,,,,,,
Tamil Nadu,26. Theni,2021,Castor seed,Kharif,115.0,37.0,0.32,,,,,,,,,,,,,
Tamil Nadu,26. Theni,2021,Cotton(lint),Kharif,1052.0,6367.0,6.05,,,,,,,,,,,,,
Tamil Nadu,26. Theni,2021,Cotton(lint),Rabi,1794.0,7839.0,4.37,,,,,,,,,,,,,
Tamil Nadu,26. Theni,2021,Groundnut,Kharif,1209.0,3580.0,2.96,,,,,,,,,,,,,
Tamil Nadu,26. Theni,2021,Groundnut,Rabi,1051.0,4101.0,3.9,,,,,,,,,,,,,
Tamil Nadu,26. Theni,2021,Horse-gram,Kharif,132.0,90.0,0.68,,,,,,,,,,,,,
Tamil Nadu,26. Theni,2021,Horse-gram,Rabi,494.0,338.0,0.68,,,,,,,,,,,,,
Tamil Nadu,26. Theni,2021,Jowar,Kharif,1495.0,2967.0,1.98,,,,,,,,,,,,,
Tamil Nadu,26. Theni,2021,Jowar,Rabi,7396.0,15897.0,2.15,,,,,,,,,,,,,
Tamil Nadu,26. Theni,2021,Maize,Kharif,1578.0,12705.0,8.05,,,,,,,,,,,,,
Tamil Nadu,26. Theni,2021,Maize,Rabi,4454.0,27021.0,6.07,,,,,,,,,,,,,
Tamil Nadu,26. Theni,2021,Moong(Green Gram),Kharif,118.0,59.0,0.5,,,,,,,,,,,,,
Tamil Nadu,26. Theni,2021,Moong(Green Gram),Rabi,436.0,175.0,0.4,,,,,,,,,,,,,
Tamil Nadu,26. Theni,2021,Onion,Kharif,797.0,6406.0,8.04,,,,,,,,,,,,,
Tamil Nadu,26. Theni,2021,Onion,Rabi,549.0,3310.0,6.03,,,,,,,,,,,,,
Tamil Nadu,26. Theni,2021,Other Kharif pulses,Kharif,989.0,579.0,0.59,,,,,,,,,,,,,
Tamil Nadu,26. Theni,2021,Other Kharif pulses,Rabi,2293.0,1341.0,0.58,,,,,,,,,,,,,
Tamil Nadu,26. Theni,2021,Ragi,Kharif,12.0,33.0,2.75,,,,,,,,,,,,,
Tamil Nadu,26. Theni,2021,Ragi,Rabi,3.0,14.0,4.67,,,,,,,,,,,,,
Tamil Nadu,26. Theni,2021,Rice,Autumn,5223.0,21335.0,4.08,,,,,,,,,,,,,
Tamil Nadu,26. Theni,2021,Rice,Winter,6407.0,24380.0,3.81,,,,,,,,,,,,,
Tamil Nadu,26. Theni,2021,Sesamum,Kharif,407.0,278.0,0.68,,,,,,,,,,,,,
Tamil Nadu,26. Theni,2021,Sesamum,Rabi,400.0,224.0,0.56,,,,,,,,,,,,,
Tamil Nadu,26. Theni,2021,Small millets,Kharif,31.0,30.0,0.97,,,,,,,,,,,,,
Tamil Nadu,26. Theni,2021,Small millets,Rabi,36.0,50.0,1.39,,,,,,,,,,,,,
Tamil Nadu,26. Theni,2021,Urad,Kharif,58.0,51.0,0.88,,,,,,,,,,,,,
Tamil Nadu,26. Theni,2021,Urad,Rabi,966.0,613.0,0.63,,,,,,,,,,,,,
Tamil Nadu,26. Theni,2021,Arhar/Tur,Kharif,590.0,872.0,1.48,,,,,,,,,,,,,
Tamil Nadu,26. Theni,2021,Arhar/Tur,Rabi,191.0,282.0,1.48,,,,,,,,,,,,,
Tamil Nadu,26. Theni,2021,Other Cereals,Kharif,6.0,8.0,1.33,,,,,,,,,,,,,
Tamil Nadu,26. Theni,2021,Other Cereals,Rabi,8.0,11.0,1.38,,,,,,,,,,,,,
Tamil Nadu,26. Theni,2021,Cowpea(Lobia),Kharif,897.0,526.0,0.59,,,,,,,,,,,,,
Tamil Nadu,26. Theni,2021,Cowpea(Lobia),Rabi,2512.0,1979.0,0.79,,,,,,,,,,,,,
Tamil Nadu,26. Theni,2021,Rapeseed &Mustard,Rabi,6.0,1.0,0.17,,,,,,,,,,,,,
Tamil Nadu,26. Theni,2022,Bajra,Kharif,149.0,407.0,2.73,,,,,,,,,,,,,
Tamil Nadu,26. Theni,2022,Bajra,Rabi,930.0,2277.0,2.45,,,,,,,,,,,,,
Tamil Nadu,26. Theni,2022,Castor seed,Kharif,74.0,23.0,0.31,,,,,,,,,,,,,
Tamil Nadu,26. Theni,2022,Cotton(lint),Kharif,1649.0,9188.0,5.57,,,,,,,,,,,,,
Tamil Nadu,26. Theni,2022,Cotton(lint),Rabi,2652.0,10733.0,4.05,,,,,,,,,,,,,
Tamil Nadu,26. Theni,2022,Groundnut,Kharif,985.0,2650.0,2.69,,,,,,,,,,,,,
Tamil Nadu,26. Theni,2022,Groundnut,Rabi,729.0,2544.0,3.49,,,,,,,,,,,,,
Tamil Nadu,26. Theni,2022,Horse-gram,Kharif,20.0,15.0,0.75,,,,,,,,,,,,,
Tamil Nadu,26. Theni,2022,Horse-gram,Rabi,500.0,386.0,0.77,,,,,,,,,,,,,
Tamil Nadu,26. Theni,2022,Jowar,Kharif,1538.0,3108.0,2.02,,,,,,,,,,,,,
Tamil Nadu,26. Theni,2022,Jowar,Rabi,5699.0,10605.0,1.86,,,,,,,,,,,,,
Tamil Nadu,26. Theni,2022,Maize,Kharif,1641.0,12799.0,7.8,,,,,,,,,,,,,
Tamil Nadu,26. Theni,2022,Maize,Rabi,3976.0,24415.0,6.14,,,,,,,,,,,,,
Tamil Nadu,26. Theni,2022,Moong(Green Gram),Kharif,197.0,160.0,0.81,,,,,,,,,,,,,
Tamil Nadu,26. Theni,2022,Moong(Green Gram),Rabi,552.0,177.0,0.32,,,,,,,,,,,,,
Tamil Nadu,26. Theni,2022,Onion,Kharif,598.0,6001.0,10.04,,,,,,,,,,,,,
Tamil Nadu,26. Theni,2022,Onion,Rabi,501.0,3817.0,7.62,,,,,,,,,,,,,
Tamil Nadu,26. Theni,2022,Other Kharif pulses,Kharif,1097.0,683.0,0.62,,,,,,,,,,,,,
Tamil Nadu,26. Theni,2022,Ragi,Kharif,1.0,3.0,3.0,,,,,,,,,,,,,
Tamil Nadu,26. Theni,2022,Ragi,Rabi,7.0,29.0,4.14,,,,,,,,,,,,,
Tamil Nadu,26. Theni,2022,Rice,Autumn,5380.0,20705.0,3.85,,,,,,,,,,,,,
Tamil Nadu,26. Theni,2022,Rice,Winter,4098.0,13660.0,3.33,,,,,,,,,,,,,
Tamil Nadu,26. Theni,2022,Sesamum,Kharif,312.0,203.0,0.65,,,,,,,,,,,,,
Tamil Nadu,26. Theni,2022,Sesamum,Rabi,263.0,141.0,0.54,,,,,,,,,,,,,
Tamil Nadu,26. Theni,2022,Small millets,Rabi,94.0,115.0,1.22,,,,,,,,,,,,,
Tamil Nadu,26. Theni,2022,Sunflower,Kharif,3.0,5.0,1.67,,,,,,,,,,,,,
Tamil Nadu,26. Theni,2022,Sunflower,Rabi,8.0,6.0,0.75,,,,,,,,,,,,,
Tamil Nadu,26. Theni,2022,Urad,Kharif,102.0,87.0,0.85,,,,,,,,,,,,,
Tamil Nadu,26. Theni,2022,Urad,Rabi,946.0,619.0,0.65,,,,,,,,,,,,,
Tamil Nadu,26. Theni,2022,Arhar/Tur,Kharif,575.0,597.0,1.04,,,,,,,,,,,,,
Tamil Nadu,26. Theni,2022,Arhar/Tur,Rabi,279.0,290.0,1.04,,,,,,,,,,,,,
Tamil Nadu,26. Theni,2022,Other Cereals,Kharif,1.0,1.0,1.0,,,,,,,,,,,,,
Tamil Nadu,26. Theni,2022,Other Cereals,Rabi,4.0,5.0,1.25,,,,,,,,,,,,,
Tamil Nadu,26. Theni,2022,Cowpea(Lobia),Kharif,840.0,694.0,0.83,,,,,,,,,,,,,
Tamil Nadu,26. Theni,2022,Cowpea(Lobia),Rabi,2566.0,914.0,0.36,,,,,,,,,,,,,
Tamil Nadu,26. Theni,2022,Other Rabi pulses,Rabi,2202.0,1372.0,0.62,,,,,,,,,,,,,
Tamil Nadu,27. Thenkasi,2019,Castor seed,Kharif,3.0,1.0,0.33,,,,,,,,,,,,,
Tamil Nadu,27. Thenkasi,2019,Other Kharif pulses,Kharif,2.0,1.0,0.5,,,,,,,,,,,,,
Tamil Nadu,27. Thenkasi,2019,Other Cereals,Kharif,4.0,5.0,1.25,,,,,,,,,,,,,
Tamil Nadu,27. Thenkasi,2019,Other Cereals,Rabi,134.0,179.0,1.34,,,,,,,,,,,,,
Tamil Nadu,27. Thenkasi,2020,Bajra,Kharif,84.0,222.0,2.64,,,,,,,,,,,,,
Tamil Nadu,27. Thenkasi,2020,Bajra,Rabi,61.0,91.0,1.49,,,,,,,,,,,,,
Tamil Nadu,27. Thenkasi,2020,Castor seed,Kharif,3.0,1.0,0.33,,,,,,,,,,,,,
Tamil Nadu,27. Thenkasi,2020,Cotton(lint),Kharif,809.0,1574.0,1.95,,,,,,,,,,,,,
Tamil Nadu,27. Thenkasi,2020,Cotton(lint),Rabi,1853.0,5712.0,3.08,,,,,,,,,,,,,
Tamil Nadu,27. Thenkasi,2020,Groundnut,Kharif,494.0,1052.0,2.13,,,,,,,,,,,,,
Tamil Nadu,27. Thenkasi,2020,Groundnut,Rabi,325.0,1049.0,3.23,,,,,,,,,,,,,
Tamil Nadu,27. Thenkasi,2020,Jowar,Kharif,4655.0,5279.0,1.13,,,,,,,,,,,,,
Tamil Nadu,27. Thenkasi,2020,Jowar,Rabi,37.0,36.0,0.97,,,,,,,,,,,,,
Tamil Nadu,27. Thenkasi,2020,Maize,Kharif,79.0,577.0,7.3,,,,,,,,,,,,,
Tamil Nadu,27. Thenkasi,2020,Maize,Rabi,15209.0,63437.0,4.17,,,,,,,,,,,,,
Tamil Nadu,27. Thenkasi,2020,Moong(Green Gram),Kharif,27.0,23.0,0.85,,,,,,,,,,,,,
Tamil Nadu,27. Thenkasi,2020,Moong(Green Gram),Rabi,1915.0,697.0,0.36,,,,,,,,,,,,,
Tamil Nadu,27. Thenkasi,2020,Onion,Kharif,1440.0,14173.0,9.84,,,,,,,,,,,,,
Tamil Nadu,27. Thenkasi,2020,Onion,Rabi,94.0,520.0,5.53,,,,,,,,,,,,,
Tamil Nadu,27. Thenkasi,2020,Other Kharif pulses,Kharif,2.0,2.0,1.0,,,,,,,,,,,,,
Tamil Nadu,27. Thenkasi,2020,Ragi,Kharif,13.0,42.0,3.23,,,,,,,,,,,,,
Tamil Nadu,27. Thenkasi,2020,Ragi,Rabi,3.0,10.0,3.33,,,,,,,,,,,,,
Tamil Nadu,27. Thenkasi,2020,Rice,Autumn,2247.0,9508.0,4.23,,,,,,,,,,,,,
Tamil Nadu,27. Thenkasi,2020,Rice,Winter,18158.0,67766.0,3.73,,,,,,,,,,,,,
Tamil Nadu,27. Thenkasi,2020,Sesamum,Kharif,668.0,401.0,0.6,,,,,,,,,,,,,
Tamil Nadu,27. Thenkasi,2020,Sesamum,Rabi,349.0,236.0,0.68,,,,,,,,,,,,,
Tamil Nadu,27. Thenkasi,2020,Sunflower,Kharif,12.0,21.0,1.75,,,,,,,,,,,,,
Tamil Nadu,27. Thenkasi,2020,Sunflower,Rabi,61.0,29.0,0.48,,,,,,,,,,,,,
Tamil Nadu,27. Thenkasi,2020,Urad,Kharif,242.0,216.0,0.89,,,,,,,,,,,,,
Tamil Nadu,27. Thenkasi,2020,Urad,Rabi,29559.0,11512.0,0.39,,,,,,,,,,,,,
Tamil Nadu,27. Thenkasi,2020,Arhar/Tur,Kharif,6.0,6.0,1.0,,,,,,,,,,,,,
Tamil Nadu,27. Thenkasi,2020,Other Cereals,Kharif,14.0,19.0,1.36,,,,,,,,,,,,,
Tamil Nadu,27. Thenkasi,2020,Other Cereals,Rabi,66.0,88.0,1.33,,,,,,,,,,,,,
Tamil Nadu,27. Thenkasi,2020,Cowpea(Lobia),Kharif,4.0,3.0,0.75,,,,,,,,,,,,,
Tamil Nadu,27. Thenkasi,2020,Cowpea(Lobia),Rabi,75.0,50.0,0.67,,,,,,,,,,,,,
Tamil Nadu,27. Thenkasi,2021,Bajra,Kharif,28.0,71.0,2.54,,,,,,,,,,,,,
Tamil Nadu,27. Thenkasi,2021,Bajra,Rabi,22.0,51.0,2.32,,,,,,,,,,,,,
Tamil Nadu,27. Thenkasi,2021,Castor seed,Kharif,15.0,4.0,0.27,,,,,,,,,,,,,
Tamil Nadu,27. Thenkasi,2021,Cotton(lint),Kharif,657.0,1060.0,1.61,,,,,,,,,,,,,
Tamil Nadu,27. Thenkasi,2021,Cotton(lint),Rabi,2198.0,6068.0,2.76,,,,,,,,,,,,,
Tamil Nadu,27. Thenkasi,2021,Groundnut,Kharif,564.0,1282.0,2.27,,,,,,,,,,,,,
Tamil Nadu,27. Thenkasi,2021,Groundnut,Rabi,263.0,1025.0,3.9,,,,,,,,,,,,,
Tamil Nadu,27. Thenkasi,2021,Horse-gram,Kharif,1.0,1.0,1.0,,,,,,,,,,,,,
Tamil Nadu,27. Thenkasi,2021,Jowar,Kharif,3782.0,4047.0,1.07,,,,,,,,,,,,,
Tamil Nadu,27. Thenkasi,2021,Jowar,Rabi,17.0,13.0,0.76,,,,,,,,,,,,,
Tamil Nadu,27. Thenkasi,2021,Maize,Kharif,45.0,360.0,8.0,,,,,,,,,,,,,
Tamil Nadu,27. Thenkasi,2021,Maize,Rabi,15301.0,68542.0,4.48,,,,,,,,,,,,,
Tamil Nadu,27. Thenkasi,2021,Moong(Green Gram),Kharif,16.0,13.0,0.81,,,,,,,,,,,,,
Tamil Nadu,27. Thenkasi,2021,Moong(Green Gram),Rabi,1846.0,767.0,0.42,,,,,,,,,,,,,
Tamil Nadu,27. Thenkasi,2021,Onion,Kharif,1378.0,20816.0,15.11,,,,,,,,,,,,,
Tamil Nadu,27. Thenkasi,2021,Onion,Rabi,94.0,566.0,6.02,,,,,,,,,,,,,
Tamil Nadu,27. Thenkasi,2021,Other Kharif pulses,Rabi,1.0,1.0,1.0,,,,,,,,,,,,,
Tamil Nadu,27. Thenkasi,2021,Ragi,Kharif,2.0,6.0,3.0,,,,,,,,,,,,,
Tamil Nadu,27. Thenkasi,2021,Ragi,Rabi,2.0,2.0,1.0,,,,,,,,,,,,,
Tamil Nadu,27. Thenkasi,2021,Rice,Autumn,8961.0,34193.0,3.82,,,,,,,,,,,,,
Tamil Nadu,27. Thenkasi,2021,Rice,Winter,24783.0,100524.0,4.06,,,,,,,,,,,,,
Tamil Nadu,27. Thenkasi,2021,Sesamum,Kharif,474.0,321.0,0.68,,,,,,,,,,,,,
Tamil Nadu,27. Thenkasi,2021,Sesamum,Rabi,34.0,19.0,0.56,,,,,,,,,,,,,
Tamil Nadu,27. Thenkasi,2021,Sunflower,Kharif,59.0,101.0,1.71,,,,,,,,,,,,,
Tamil Nadu,27. Thenkasi,2021,Sunflower,Rabi,98.0,75.0,0.77,,,,,,,,,,,,,
Tamil Nadu,27. Thenkasi,2021,Urad,Kharif,192.0,170.0,0.89,,,,,,,,,,,,,
Tamil Nadu,27. Thenkasi,2021,Urad,Rabi,32789.0,18794.0,0.57,,,,,,,,,,,,,
Tamil Nadu,27. Thenkasi,2021,Arhar/Tur,Kharif,1.0,1.0,1.0,,,,,,,,,,,,,
Tamil Nadu,27. Thenkasi,2021,Other Cereals,Kharif,10.0,13.0,1.3,,,,,,,,,,,,,
Tamil Nadu,27. Thenkasi,2021,Other Cereals,Rabi,93.0,124.0,1.33,,,,,,,,,,,,,
Tamil Nadu,27. Thenkasi,2021,Cowpea(Lobia),Kharif,5.0,4.0,0.8,,,,,,,,,,,,,
Tamil Nadu,27. Thenkasi,2021,Cowpea(Lobia),Rabi,44.0,27.0,0.61,,,,,,,,,,,,,
Tamil Nadu,27. Thenkasi,2022,Bajra,Kharif,26.0,70.0,2.69,,,,,,,,,,,,,
Tamil Nadu,27. Thenkasi,2022,Castor seed,Kharif,12.0,4.0,0.33,,,,,,,,,,,,,
Tamil Nadu,27. Thenkasi,2022,Cotton(lint),Kharif,1246.0,2372.0,1.9,,,,,,,,,,,,,
Tamil Nadu,27. Thenkasi,2022,Cotton(lint),Rabi,3283.0,6310.0,1.92,,,,,,,,,,,,,
Tamil Nadu,27. Thenkasi,2022,Groundnut,Kharif,566.0,1199.0,2.12,,,,,,,,,,,,,
Tamil Nadu,27. Thenkasi,2022,Groundnut,Rabi,32.0,112.0,3.5,,,,,,,,,,,,,
Tamil Nadu,27. Thenkasi,2022,Horse-gram,Rabi,2.0,2.0,1.0,,,,,,,,,,,,,
Tamil Nadu,27. Thenkasi,2022,Jowar,Kharif,2836.0,2364.0,0.83,,,,,,,,,,,,,
Tamil Nadu,27. Thenkasi,2022,Jowar,Rabi,1.0,1.0,1.0,,,,,,,,,,,,,
Tamil Nadu,27. Thenkasi,2022,Maize,Kharif,128.0,1003.0,7.84,,,,,,,,,,,,,
Tamil Nadu,27. Thenkasi,2022,Maize,Rabi,16433.0,77171.0,4.7,,,,,,,,,,,,,
Tamil Nadu,27. Thenkasi,2022,Moong(Green Gram),Kharif,18.0,14.0,0.78,,,,,,,,,,,,,
Tamil Nadu,27. Thenkasi,2022,Moong(Green Gram),Rabi,1263.0,629.0,0.5,,,,,,,,,,,,,
Tamil Nadu,27. Thenkasi,2022,Onion,Kharif,601.0,10856.0,18.06,,,,,,,,,,,,,
Tamil Nadu,27. Thenkasi,2022,Onion,Rabi,78.0,594.0,7.62,,,,,,,,,,,,,
Tamil Nadu,27. Thenkasi,2022,Other Kharif pulses,Kharif,7.0,4.0,0.57,,,,,,,,,,,,,
Tamil Nadu,27. Thenkasi,2022,Ragi,Kharif,1.0,3.0,3.0,,,,,,,,,,,,,
Tamil Nadu,27. Thenkasi,2022,Rice,Autumn,4113.0,16460.0,4.0,,,,,,,,,,,,,
Tamil Nadu,27. Thenkasi,2022,Rice,Winter,21994.0,81739.0,3.72,,,,,,,,,,,,,
Tamil Nadu,27. Thenkasi,2022,Sesamum,Kharif,364.0,168.0,0.46,,,,,,,,,,,,,
Tamil Nadu,27. Thenkasi,2022,Sesamum,Rabi,34.0,18.0,0.53,,,,,,,,,,,,,
Tamil Nadu,27. Thenkasi,2022,Sunflower,Kharif,271.0,458.0,1.69,,,,,,,,,,,,,
Tamil Nadu,27. Thenkasi,2022,Sunflower,Rabi,82.0,85.0,1.04,,,,,,,,,,,,,
Tamil Nadu,27. Thenkasi,2022,Urad,Kharif,116.0,99.0,0.85,,,,,,,,,,,,,
Tamil Nadu,27. Thenkasi,2022,Urad,Rabi,28317.0,11266.0,0.4,,,,,,,,,,,,,
Tamil Nadu,27. Thenkasi,2022,Other Cereals,Kharif,12.0,16.0,1.33,,,,,,,,,,,,,
Tamil Nadu,27. Thenkasi,2022,Other Cereals,Rabi,80.0,107.0,1.34,,,,,,,,,,,,,
Tamil Nadu,27. Thenkasi,2022,Cowpea(Lobia),Kharif,8.0,6.0,0.75,,,,,,,,,,,,,
Tamil Nadu,27. Thenkasi,2022,Cowpea(Lobia),Rabi,15.0,7.0,0.47,,,,,,,,,,,,,
Tamil Nadu,27. Thenkasi,2022,Other Rabi pulses,Rabi,3.0,2.0,0.67,,,,,,,,,,,,,
Tamil Nadu,28. Thiruvallur,2015,Bajra,Kharif,919.0,2476.0,2.69,,,,,,,,,,,,,
Tamil Nadu,28. Thiruvallur,2015,Bajra,Rabi,171.0,418.0,2.44,,,,,,,,,,,,,
Tamil Nadu,28. Thiruvallur,2015,Castor seed,Kharif,2.0,1.0,0.5,,,,,,,,,,,,,
Tamil Nadu,28. Thiruvallur,2015,Cotton(lint),Rabi,1.0,3.0,3.0,,,,,,,,,,,,,
Tamil Nadu,28. Thiruvallur,2015,Groundnut,Kharif,1144.0,5079.0,4.44,,,,,,,,,,,,,
Tamil Nadu,28. Thiruvallur,2015,Groundnut,Rabi,5994.0,27488.0,4.59,,,,,,,,,,,,,
Tamil Nadu,28. Thiruvallur,2015,Horse-gram,Kharif,12.0,7.0,0.58,,,,,,,,,,,,,
Tamil Nadu,28. Thiruvallur,2015,Horse-gram,Rabi,3.0,2.0,0.67,,,,,,,,,,,,,
Tamil Nadu,28. Thiruvallur,2015,Jowar,Kharif,8.0,8.0,1.0,,,,,,,,,,,,,
Tamil Nadu,28. Thiruvallur,2015,Jowar,Rabi,5.0,8.0,1.6,,,,,,,,,,,,,
Tamil Nadu,28. Thiruvallur,2015,Maize,Kharif,5.0,37.0,7.4,,,,,,,,,,,,,
Tamil Nadu,28. Thiruvallur,2015,Maize,Rabi,6.0,41.0,6.83,,,,,,,,,,,,,
Tamil Nadu,28. Thiruvallur,2015,Masoor,Kharif,623.0,633.0,1.02,,,,,,,,,,,,,
Tamil Nadu,28. Thiruvallur,2015,Moong(Green Gram),Kharif,107.0,85.0,0.79,,,,,,,,,,,,,
Tamil Nadu,28. Thiruvallur,2015,Moong(Green Gram),Rabi,7842.0,6956.0,0.89,,,,,,,,,,,,,
Tamil Nadu,28. Thiruvallur,2015,Onion,Rabi,1.0,6.0,6.0,,,,,,,,,,,,,
Tamil Nadu,28. Thiruvallur,2015,Other Kharif pulses,Kharif,15.0,9.0,0.6,,,,,,,,,,,,,
Tamil Nadu,28. Thiruvallur,2015,Ragi,Kharif,71.0,211.0,2.97,,,,,,,,,,,,,
Tamil Nadu,28. Thiruvallur,2015,Ragi,Rabi,641.0,2349.0,3.66,,,,,,,,,,,,,
Tamil Nadu,28. Thiruvallur,2015,Rice,Kharif,101396.0,333203.0,3.29,,,,,,,,,,,,,
Tamil Nadu,28. Thiruvallur,2015,Sesamum,Kharif,23.0,15.0,0.65,,,,,,,,,,,,,
Tamil Nadu,28. Thiruvallur,2015,Sesamum,Rabi,781.0,483.0,0.62,,,,,,,,,,,,,
Tamil Nadu,28. Thiruvallur,2015,Small millets,Kharif,4.0,3.0,0.75,,,,,,,,,,,,,
Tamil Nadu,28. Thiruvallur,2015,Sunflower,Rabi,2.0,2.0,1.0,,,,,,,,,,,,,
Tamil Nadu,28. Thiruvallur,2015,Urad,Kharif,437.0,302.0,0.69,,,,,,,,,,,,,
Tamil Nadu,28. Thiruvallur,2015,Urad,Rabi,1094.0,767.0,0.7,,,,,,,,,,,,,
Tamil Nadu,28. Thiruvallur,2015,Gram,Rabi,6.0,4.0,0.67,,,,,,,,,,,,,
Tamil Nadu,28. Thiruvallur,2016,Bajra,Kharif,855.0,2525.0,2.95,,,,,,,,,,,,,
Tamil Nadu,28. Thiruvallur,2016,Bajra,Rabi,73.0,37.0,0.51,,,,,,,,,,,,,
Tamil Nadu,28. Thiruvallur,2016,Castor seed,Kharif,2.0,,0.0,,,,,,,,,,,,,
Tamil Nadu,28. Thiruvallur,2016,Groundnut,Kharif,1292.0,2025.0,1.57,,,,,,,,,,,,,
Tamil Nadu,28. Thiruvallur,2016,Groundnut,Rabi,5249.0,27021.0,5.15,,,,,,,,,,,,,
Tamil Nadu,28. Thiruvallur,2016,Horse-gram,Kharif,2.0,1.0,0.5,,,,,,,,,,,,,
Tamil Nadu,28. Thiruvallur,2016,Jowar,Kharif,5.0,4.0,0.8,,,,,,,,,,,,,
Tamil Nadu,28. Thiruvallur,2016,Jowar,Rabi,2.0,1.0,0.5,,,,,,,,,,,,,
Tamil Nadu,28. Thiruvallur,2016,Maize,Kharif,2.0,9.0,4.5,,,,,,,,,,,,,
Tamil Nadu,28. Thiruvallur,2016,Maize,Rabi,8.0,10.0,1.25,,,,,,,,,,,,,
Tamil Nadu,28. Thiruvallur,2016,Moong(Green Gram),Kharif,168.0,136.0,0.81,,,,,,,,,,,,,
Tamil Nadu,28. Thiruvallur,2016,Moong(Green Gram),Rabi,10426.0,7139.0,0.68,,,,,,,,,,,,,
Tamil Nadu,28. Thiruvallur,2016,Onion,Kharif,1.0,8.0,8.0,,,,,,,,,,,,,
Tamil Nadu,28. Thiruvallur,2016,Onion,Rabi,1.0,5.0,5.0,,,,,,,,,,,,,
Tamil Nadu,28. Thiruvallur,2016,Ragi,Kharif,68.0,112.0,1.65,,,,,,,,,,,,,
Tamil Nadu,28. Thiruvallur,2016,Ragi,Rabi,182.0,609.0,3.35,,,,,,,,,,,,,
Tamil Nadu,28. Thiruvallur,2016,Rice,Kharif,96967.0,297131.0,3.06,,,,,,,,,,,,,
Tamil Nadu,28. Thiruvallur,2016,Sesamum,Kharif,36.0,15.0,0.42,,,,,,,,,,,,,
Tamil Nadu,28. Thiruvallur,2016,Sesamum,Rabi,613.0,232.0,0.38,,,,,,,,,,,,,
Tamil Nadu,28. Thiruvallur,2016,Urad,Kharif,304.0,235.0,0.77,,,,,,,,,,,,,
Tamil Nadu,28. Thiruvallur,2016,Urad,Rabi,1592.0,575.0,0.36,,,,,,,,,,,,,
Tamil Nadu,28. Thiruvallur,2016,Arhar/Tur,Kharif,207.0,136.0,0.66,,,,,,,,,,,,,
Tamil Nadu,28. Thiruvallur,2017,Bajra,Kharif,692.0,1630.0,2.36,,,,,,,,,,,,,
Tamil Nadu,28. Thiruvallur,2017,Bajra,Rabi,17.0,35.0,2.06,,,,,,,,,,,,,
Tamil Nadu,28. Thiruvallur,2017,Castor seed,Kharif,28.0,7.81,0.28,,,,,,,,,,,,,
Tamil Nadu,28. Thiruvallur,2017,Groundnut,Kharif,1211.0,2979.0,2.46,,,,,,,,,,,,,
Tamil Nadu,28. Thiruvallur,2017,Groundnut,Rabi,6579.0,31013.0,4.71,,,,,,,,,,,,,
Tamil Nadu,28. Thiruvallur,2017,Horse-gram,Kharif,11.0,9.0,0.82,,,,,,,,,,,,,
Tamil Nadu,28. Thiruvallur,2017,Horse-gram,Rabi,4.0,3.0,0.75,,,,,,,,,,,,,
Tamil Nadu,28. Thiruvallur,2017,Jowar,Kharif,15.0,17.0,1.13,,,,,,,,,,,,,
Tamil Nadu,28. Thiruvallur,2017,Jowar,Rabi,22.0,24.0,1.09,,,,,,,,,,,,,
Tamil Nadu,28. Thiruvallur,2017,Maize,Rabi,6.0,40.0,6.67,,,,,,,,,,,,,
Tamil Nadu,28. Thiruvallur,2017,Moong(Green Gram),Kharif,68.0,41.0,0.6,,,,,,,,,,,,,
Tamil Nadu,28. Thiruvallur,2017,Moong(Green Gram),Rabi,8637.0,6011.0,0.7,,,,,,,,,,,,,
Tamil Nadu,28. Thiruvallur,2017,Other Kharif pulses,Kharif,3.0,2.0,0.67,,,,,,,,,,,,,
Tamil Nadu,28. Thiruvallur,2017,Ragi,Kharif,52.0,178.0,3.42,,,,,,,,,,,,,
Tamil Nadu,28. Thiruvallur,2017,Ragi,Rabi,268.0,1203.0,4.49,,,,,,,,,,,,,
Tamil Nadu,28. Thiruvallur,2017,Rice,Autumn,24842.0,106696.0,4.29,,,,,,,,,,,,,
Tamil Nadu,28. Thiruvallur,2017,Rice,Winter,52998.0,200491.0,3.78,,,,,,,,,,,,,
Tamil Nadu,28. Thiruvallur,2017,Sesamum,Kharif,90.0,38.0,0.42,,,,,,,,,,,,,
Tamil Nadu,28. Thiruvallur,2017,Sesamum,Rabi,821.0,504.0,0.61,,,,,,,,,,,,,
Tamil Nadu,28. Thiruvallur,2017,Urad,Kharif,282.0,257.0,0.91,,,,,,,,,,,,,
Tamil Nadu,28. Thiruvallur,2017,Urad,Rabi,960.0,648.0,0.68,,,,,,,,,,,,,
Tamil Nadu,28. Thiruvallur,2017,Arhar/Tur,Kharif,183.0,200.0,1.09,,,,,,,,,,,,,
Tamil Nadu,28. Thiruvallur,2017,Cowpea(Lobia),Kharif,27.0,20.0,0.74,,,,,,,,,,,,,
Tamil Nadu,28. Thiruvallur,2017,Cowpea(Lobia),Rabi,1.0,,0.0,,,,,,,,,,,,,
Tamil Nadu,28. Thiruvallur,2017,Other Rabi pulses,Rabi,4.0,3.0,0.75,,,,,,,,,,,,,
Tamil Nadu,28. Thiruvallur,2018,Bajra,Kharif,513.0,1459.0,2.84,,,,,,,,,,,,,
Tamil Nadu,28. Thiruvallur,2018,Bajra,Rabi,13.0,24.0,1.85,,,,,,,,,,,,,
Tamil Nadu,28. Thiruvallur,2018,Groundnut,Kharif,1405.0,3046.0,2.17,,,,,,,,,,,,,
Tamil Nadu,28. Thiruvallur,2018,Groundnut,Rabi,3964.0,13680.0,3.45,,,,,,,,,,,,,
Tamil Nadu,28. Thiruvallur,2018,Horse-gram,Kharif,2.0,1.0,0.5,,,,,,,,,,,,,
Tamil Nadu,28. Thiruvallur,2018,Horse-gram,Rabi,10.0,7.0,0.7,,,,,,,,,,,,,
Tamil Nadu,28. Thiruvallur,2018,Jowar,Kharif,1.0,2.0,2.0,,,,,,,,,,,,,
Tamil Nadu,28. Thiruvallur,2018,Maize,Rabi,4.0,32.0,8.0,,,,,,,,,,,,,
Tamil Nadu,28. Thiruvallur,2018,Moong(Green Gram),Kharif,59.0,40.0,0.68,,,,,,,,,,,,,
Tamil Nadu,28. Thiruvallur,2018,Moong(Green Gram),Rabi,7476.0,6743.0,0.9,,,,,,,,,,,,,
Tamil Nadu,28. Thiruvallur,2018,Onion,Kharif,2.0,17.0,8.5,,,,,,,,,,,,,
Tamil Nadu,28. Thiruvallur,2018,Onion,Rabi,7.0,38.0,5.43,,,,,,,,,,,,,
Tamil Nadu,28. Thiruvallur,2018,Ragi,Kharif,100.0,315.0,3.15,,,,,,,,,,,,,
Tamil Nadu,28. Thiruvallur,2018,Ragi,Rabi,163.0,531.0,3.26,,,,,,,,,,,,,
Tamil Nadu,28. Thiruvallur,2018,Rice,Autumn,24583.0,108888.0,4.43,,,,,,,,,,,,,
Tamil Nadu,28. Thiruvallur,2018,Rice,Winter,47936.0,205095.0,4.28,,,,,,,,,,,,,
Tamil Nadu,28. Thiruvallur,2018,Sesamum,Kharif,104.0,50.0,0.48,,,,,,,,,,,,,
Tamil Nadu,28. Thiruvallur,2018,Sesamum,Rabi,1885.0,1071.0,0.57,,,,,,,,,,,,,
Tamil Nadu,28. Thiruvallur,2018,Sunflower,Rabi,6.0,3.0,0.5,,,,,,,,,,,,,
Tamil Nadu,28. Thiruvallur,2018,Urad,Kharif,259.0,197.0,0.76,,,,,,,,,,,,,
Tamil Nadu,28. Thiruvallur,2018,Urad,Rabi,910.0,552.0,0.61,,,,,,,,,,,,,
Tamil Nadu,28. Thiruvallur,2018,Arhar/Tur,Kharif,155.0,192.0,1.24,,,,,,,,,,,,,
Tamil Nadu,28. Thiruvallur,2018,Other Cereals,Kharif,1.0,1.0,1.0,,,,,,,,,,,,,
Tamil Nadu,28. Thiruvallur,2018,Cowpea(Lobia),Kharif,12.0,9.0,0.75,,,,,,,,,,,,,
Tamil Nadu,28. Thiruvallur,2018,Other Rabi pulses,Rabi,2.0,1.0,0.5,,,,,,,,,,,,,
Tamil Nadu,28. Thiruvallur,2019,Bajra,Kharif,443.0,1234.0,2.79,,,,,,,,,,,,,
Tamil Nadu,28. Thiruvallur,2019,Bajra,Rabi,30.0,77.0,2.57,,,,,,,,,,,,,
Tamil Nadu,28. Thiruvallur,2019,Castor seed,Kharif,3.0,1.0,0.33,,,,,,,,,,,,,
Tamil Nadu,28. Thiruvallur,2019,Groundnut,Kharif,790.0,1958.0,2.48,,,,,,,,,,,,,
Tamil Nadu,28. Thiruvallur,2019,Groundnut,Rabi,5172.0,25582.0,4.95,,,,,,,,,,,,,
Tamil Nadu,28. Thiruvallur,2019,Horse-gram,Kharif,3.0,3.0,1.0,,,,,,,,,,,,,
Tamil Nadu,28. Thiruvallur,2019,Horse-gram,Rabi,16.0,12.0,0.75,,,,,,,,,,,,,
Tamil Nadu,28. Thiruvallur,2019,Jowar,Kharif,5.0,6.0,1.2,,,,,,,,,,,,,
Tamil Nadu,28. Thiruvallur,2019,Jowar,Rabi,2.0,2.0,1.0,,,,,,,,,,,,,
Tamil Nadu,28. Thiruvallur,2019,Maize,Kharif,2.0,19.0,9.5,,,,,,,,,,,,,
Tamil Nadu,28. Thiruvallur,2019,Maize,Rabi,7.0,50.0,7.14,,,,,,,,,,,,,
Tamil Nadu,28. Thiruvallur,2019,Moong(Green Gram),Kharif,396.0,227.0,0.57,,,,,,,,,,,,,
Tamil Nadu,28. Thiruvallur,2019,Moong(Green Gram),Rabi,8666.0,7475.0,0.86,,,,,,,,,,,,,
Tamil Nadu,28. Thiruvallur,2019,Onion,Kharif,1.0,10.0,10.0,,,,,,,,,,,,,
Tamil Nadu,28. Thiruvallur,2019,Onion,Rabi,5.0,37.0,7.4,,,,,,,,,,,,,
Tamil Nadu,28. Thiruvallur,2019,Other Kharif pulses,Kharif,4.0,4.0,1.0,,,,,,,,,,,,,
Tamil Nadu,28. Thiruvallur,2019,Ragi,Kharif,9.0,25.0,2.78,,,,,,,,,,,,,
Tamil Nadu,28. Thiruvallur,2019,Ragi,Rabi,82.0,329.0,4.01,,,,,,,,,,,,,
Tamil Nadu,28. Thiruvallur,2019,Rice,Autumn,18297.0,90737.0,4.96,,,,,,,,,,,,,
Tamil Nadu,28. Thiruvallur,2019,Rice,Winter,51567.0,207074.0,4.02,,,,,,,,,,,,,
Tamil Nadu,28. Thiruvallur,2019,Sesamum,Kharif,225.0,124.0,0.55,,,,,,,,,,,,,
Tamil Nadu,28. Thiruvallur,2019,Sesamum,Rabi,2071.0,1508.0,0.73,,,,,,,,,,,,,
Tamil Nadu,28. Thiruvallur,2019,Small millets,Kharif,18.0,35.0,1.94,,,,,,,,,,,,,
Tamil Nadu,28. Thiruvallur,2019,Sunflower,Rabi,2.0,2.0,1.0,,,,,,,,,,,,,
Tamil Nadu,28. Thiruvallur,2019,Urad,Kharif,116.0,98.0,0.84,,,,,,,,,,,,,
Tamil Nadu,28. Thiruvallur,2019,Urad,Rabi,528.0,410.0,0.78,,,,,,,,,,,,,
Tamil Nadu,28. Thiruvallur,2019,Arhar/Tur,Kharif,76.0,97.0,1.28,,,,,,,,,,,,,
Tamil Nadu,28. Thiruvallur,2019,Arhar/Tur,Rabi,17.0,21.0,1.24,,,,,,,,,,,,,
Tamil Nadu,28. Thiruvallur,2019,Cowpea(Lobia),Kharif,15.0,11.0,0.73,,,,,,,,,,,,,
Tamil Nadu,28. Thiruvallur,2019,Cowpea(Lobia),Rabi,16.0,11.0,0.69,,,,,,,,,,,,,
Tamil Nadu,28. Thiruvallur,2019,Other Rabi pulses,Rabi,2.0,2.0,1.0,,,,,,,,,,,,,
Tamil Nadu,28. Thiruvallur,2020,Bajra,Kharif,621.0,1636.0,2.63,,,,,,,,,,,,,
Tamil Nadu,28. Thiruvallur,2020,Bajra,Rabi,90.0,135.0,1.5,,,,,,,,,,,,,
Tamil Nadu,28. Thiruvallur,2020,Groundnut,Kharif,1829.0,3901.0,2.13,,,,,,,,,,,,,
Tamil Nadu,28. Thiruvallur,2020,Groundnut,Rabi,4998.0,19435.0,3.89,,,,,,,,,,,,,
Tamil Nadu,28. Thiruvallur,2020,Horse-gram,Rabi,30.0,22.0,0.73,,,,,,,,,,,,,
Tamil Nadu,28. Thiruvallur,2020,Jowar,Rabi,3.0,3.0,1.0,,,,,,,,,,,,,
Tamil Nadu,28. Thiruvallur,2020,Maize,Rabi,3.0,14.0,4.67,,,,,,,,,,,,,
Tamil Nadu,28. Thiruvallur,2020,Moong(Green Gram),Kharif,172.0,150.0,0.87,,,,,,,,,,,,,
Tamil Nadu,28. Thiruvallur,2020,Moong(Green Gram),Rabi,6851.0,4822.0,0.7,,,,,,,,,,,,,
Tamil Nadu,28. Thiruvallur,2020,Onion,Kharif,2.0,22.0,11.0,,,,,,,,,,,,,
Tamil Nadu,28. Thiruvallur,2020,Onion,Rabi,3.0,17.0,5.67,,,,,,,,,,,,,
Tamil Nadu,28. Thiruvallur,2020,Other Kharif pulses,Kharif,1.0,1.0,1.0,,,,,,,,,,,,,
Tamil Nadu,28. Thiruvallur,2020,Ragi,Kharif,61.0,196.0,3.21,,,,,,,,,,,,,
Tamil Nadu,28. Thiruvallur,2020,Ragi,Rabi,169.0,697.0,4.12,,,,,,,,,,,,,
Tamil Nadu,28. Thiruvallur,2020,Rice,Autumn,22911.0,105181.0,4.59,,,,,,,,,,,,,
Tamil Nadu,28. Thiruvallur,2020,Rice,Winter,51524.0,194071.0,3.77,,,,,,,,,,,,,
Tamil Nadu,28. Thiruvallur,2020,Sesamum,Kharif,44.0,27.0,0.61,,,,,,,,,,,,,
Tamil Nadu,28. Thiruvallur,2020,Sesamum,Rabi,2591.0,1750.0,0.68,,,,,,,,,,,,,
Tamil Nadu,28. Thiruvallur,2020,Small millets,Kharif,20.0,25.0,1.25,,,,,,,,,,,,,
Tamil Nadu,28. Thiruvallur,2020,Sunflower,Rabi,1.0,1.0,1.0,,,,,,,,,,,,,
Tamil Nadu,28. Thiruvallur,2020,Urad,Kharif,104.0,93.0,0.89,,,,,,,,,,,,,
Tamil Nadu,28. Thiruvallur,2020,Urad,Rabi,459.0,237.0,0.52,,,,,,,,,,,,,
Tamil Nadu,28. Thiruvallur,2020,Arhar/Tur,Kharif,36.0,38.0,1.06,,,,,,,,,,,,,
Tamil Nadu,28. Thiruvallur,2020,Arhar/Tur,Rabi,1.0,1.0,1.0,,,,,,,,,,,,,
Tamil Nadu,28. Thiruvallur,2020,Cowpea(Lobia),Kharif,5.0,4.0,0.8,,,,,,,,,,,,,
Tamil Nadu,28. Thiruvallur,2020,Cowpea(Lobia),Rabi,8.0,5.0,0.63,,,,,,,,,,,,,
Tamil Nadu,28. Thiruvallur,2021,Bajra,Kharif,434.0,1084.0,2.5,,,,,,,,,,,,,
Tamil Nadu,28. Thiruvallur,2021,Bajra,Rabi,40.0,89.0,2.23,,,,,,,,,,,,,
Tamil Nadu,28. Thiruvallur,2021,Castor seed,Kharif,13.0,4.0,0.31,,,,,,,,,,,,,
Tamil Nadu,28. Thiruvallur,2021,Groundnut,Kharif,1209.0,2748.0,2.27,,,,,,,,,,,,,
Tamil Nadu,28. Thiruvallur,2021,Groundnut,Rabi,4801.0,23043.0,4.8,,,,,,,,,,,,,
Tamil Nadu,28. Thiruvallur,2021,Horse-gram,Kharif,5.0,3.0,0.6,,,,,,,,,,,,,
Tamil Nadu,28. Thiruvallur,2021,Horse-gram,Rabi,3.0,2.0,0.67,,,,,,,,,,,,,
Tamil Nadu,28. Thiruvallur,2021,Jowar,Kharif,2.0,2.0,1.0,,,,,,,,,,,,,
Tamil Nadu,28. Thiruvallur,2021,Maize,Kharif,4.0,29.0,7.25,,,,,,,,,,,,,
Tamil Nadu,28. Thiruvallur,2021,Maize,Rabi,1.0,7.0,7.0,,,,,,,,,,,,,
Tamil Nadu,28. Thiruvallur,2021,Moong(Green Gram),Kharif,21.0,17.0,0.81,,,,,,,,,,,,,
Tamil Nadu,28. Thiruvallur,2021,Moong(Green Gram),Rabi,11294.0,8844.0,0.78,,,,,,,,,,,,,
Tamil Nadu,28. Thiruvallur,2021,Onion,Kharif,4.0,37.0,9.25,,,,,,,,,,,,,
Tamil Nadu,28. Thiruvallur,2021,Onion,Rabi,1.0,5.0,5.0,,,,,,,,,,,,,
Tamil Nadu,28. Thiruvallur,2021,Ragi,Kharif,35.0,101.0,2.89,,,,,,,,,,,,,
Tamil Nadu,28. Thiruvallur,2021,Ragi,Rabi,118.0,486.0,4.12,,,,,,,,,,,,,
Tamil Nadu,28. Thiruvallur,2021,Rice,Autumn,24974.0,102275.0,4.1,,,,,,,,,,,,,
Tamil Nadu,28. Thiruvallur,2021,Rice,Winter,53333.0,149590.0,2.8,,,,,,,,,,,,,
Tamil Nadu,28. Thiruvallur,2021,Sesamum,Kharif,6.0,4.0,0.67,,,,,,,,,,,,,
Tamil Nadu,28. Thiruvallur,2021,Sesamum,Rabi,1967.0,1101.0,0.56,,,,,,,,,,,,,
Tamil Nadu,28. Thiruvallur,2021,Small millets,Rabi,20.0,32.0,1.6,,,,,,,,,,,,,
Tamil Nadu,28. Thiruvallur,2021,Sunflower,Kharif,2.0,3.0,1.5,,,,,,,,,,,,,
Tamil Nadu,28. Thiruvallur,2021,Sunflower,Rabi,13.0,10.0,0.77,,,,,,,,,,,,,
Tamil Nadu,28. Thiruvallur,2021,Urad,Kharif,101.0,90.0,0.89,,,,,,,,,,,,,
Tamil Nadu,28. Thiruvallur,2021,Urad,Rabi,1157.0,733.0,0.63,,,,,,,,,,,,,
Tamil Nadu,28. Thiruvallur,2021,Arhar/Tur,Kharif,7.0,7.0,1.0,,,,,,,,,,,,,
Tamil Nadu,28. Thiruvallur,2021,Arhar/Tur,Rabi,2.0,1.0,0.5,,,,,,,,,,,,,
Tamil Nadu,28. Thiruvallur,2021,Cowpea(Lobia),Rabi,9.0,6.0,0.67,,,,,,,,,,,,,
Tamil Nadu,28. Thiruvallur,2022,Bajra,Kharif,250.0,680.0,2.72,,,,,,,,,,,,,
Tamil Nadu,28. Thiruvallur,2022,Bajra,Rabi,16.0,32.0,2.0,,,,,,,,,,,,,
Tamil Nadu,28. Thiruvallur,2022,Groundnut,Kharif,1181.0,2500.0,2.12,,,,,,,,,,,,,
Tamil Nadu,28. Thiruvallur,2022,Groundnut,Rabi,4865.0,22475.0,4.62,,,,,,,,,,,,,
Tamil Nadu,28. Thiruvallur,2022,Horse-gram,Kharif,5.0,4.0,0.8,,,,,,,,,,,,,
Tamil Nadu,28. Thiruvallur,2022,Horse-gram,Rabi,3.0,3.0,1.0,,,,,,,,,,,,,
Tamil Nadu,28. Thiruvallur,2022,Maize,Kharif,14.0,109.0,7.79,,,,,,,,,,,,,
Tamil Nadu,28. Thiruvallur,2022,Maize,Rabi,1.0,5.0,5.0,,,,,,,,,,,,,
Tamil Nadu,28. Thiruvallur,2022,Moong(Green Gram),Kharif,151.0,122.0,0.81,,,,,,,,,,,,,
Tamil Nadu,28. Thiruvallur,2022,Moong(Green Gram),Rabi,9467.0,7546.0,0.8,,,,,,,,,,,,,
Tamil Nadu,28. Thiruvallur,2022,Onion,Kharif,1.0,10.0,10.0,,,,,,,,,,,,,
Tamil Nadu,28. Thiruvallur,2022,Onion,Rabi,5.0,38.0,7.6,,,,,,,,,,,,,
Tamil Nadu,28. Thiruvallur,2022,Ragi,Kharif,40.0,106.0,2.65,,,,,,,,,,,,,
Tamil Nadu,28. Thiruvallur,2022,Ragi,Rabi,114.0,474.0,4.16,,,,,,,,,,,,,
Tamil Nadu,28. Thiruvallur,2022,Rice,Autumn,25203.0,106850.0,4.24,,,,,,,,,,,,,
Tamil Nadu,28. Thiruvallur,2022,Rice,Winter,51387.0,177851.0,3.46,,,,,,,,,,,,,
Tamil Nadu,28. Thiruvallur,2022,Sesamum,Kharif,15.0,7.0,0.47,,,,,,,,,,,,,
Tamil Nadu,28. Thiruvallur,2022,Sesamum,Rabi,2262.0,1216.0,0.54,,,,,,,,,,,,,
Tamil Nadu,28. Thiruvallur,2022,Sunflower,Kharif,1.0,1.0,1.0,,,,,,,,,,,,,
Tamil Nadu,28. Thiruvallur,2022,Sunflower,Rabi,5.0,4.0,0.8,,,,,,,,,,,,,
Tamil Nadu,28. Thiruvallur,2022,Urad,Kharif,303.0,259.0,0.85,,,,,,,,,,,,,
Tamil Nadu,28. Thiruvallur,2022,Urad,Rabi,1636.0,1072.0,0.66,,,,,,,,,,,,,
Tamil Nadu,28. Thiruvallur,2022,Arhar/Tur,Kharif,5.0,5.0,1.0,,,,,,,,,,,,,
Tamil Nadu,28. Thiruvallur,2022,Arhar/Tur,Rabi,3.0,3.0,1.0,,,,,,,,,,,,,
Tamil Nadu,28. Thiruvallur,2022,Cowpea(Lobia),Rabi,4.0,2.0,0.5,,,,,,,,,,,,,
Tamil Nadu,28. Thiruvallur,2022,Other Rabi pulses,Rabi,54.0,34.0,0.63,,,,,,,,,,,,,
Tamil Nadu,29. Thiruvarur,2015,Cotton(lint),Kharif,1.0,2.0,2.0,,,,,,,,,,,,,
Tamil Nadu,29. Thiruvarur,2015,Cotton(lint),Rabi,4798.0,18035.0,3.76,,,,,,,,,,,,,
Tamil Nadu,29. Thiruvarur,2015,Groundnut,Rabi,2122.0,12068.0,5.69,,,,,,,,,,,,,
Tamil Nadu,29. Thiruvarur,2015,Masoor,Kharif,5.0,5.0,1.0,,,,,,,,,,,,,
Tamil Nadu,29. Thiruvarur,2015,Moong(Green Gram),Rabi,57463.0,28042.0,0.49,,,,,,,,,,,,,
Tamil Nadu,29. Thiruvarur,2015,Rice,Kharif,194743.0,666958.0,3.42,,,,,,,,,,,,,
Tamil Nadu,29. Thiruvarur,2015,Sesamum,Rabi,241.0,101.0,0.42,,,,,,,,,,,,,
Tamil Nadu,29. Thiruvarur,2015,Urad,Rabi,63116.0,40205.0,0.64,,,,,,,,,,,,,
Tamil Nadu,29. Thiruvarur,2016,Cotton(lint),Rabi,6998.0,20804.0,2.97,,,,,,,,,,,,,
Tamil Nadu,29. Thiruvarur,2016,Groundnut,Rabi,2546.0,9349.0,3.67,,,,,,,,,,,,,
Tamil Nadu,29. Thiruvarur,2016,Moong(Green Gram),Rabi,32483.0,6871.0,0.21,,,,,,,,,,,,,
Tamil Nadu,29. Thiruvarur,2016,Rice,Kharif,186958.0,332913.0,1.78,,,,,,,,,,,,,
Tamil Nadu,29. Thiruvarur,2016,Sesamum,Rabi,559.0,211.0,0.38,,,,,,,,,,,,,
Tamil Nadu,29. Thiruvarur,2016,Urad,Kharif,467.0,361.0,0.77,,,,,,,,,,,,,
Tamil Nadu,29. Thiruvarur,2016,Urad,Rabi,42584.0,18160.0,0.43,,,,,,,,,,,,,
Tamil Nadu,29. Thiruvarur,2016,Arhar/Tur,Kharif,322.0,211.0,0.66,,,,,,,,,,,,,
Tamil Nadu,29. Thiruvarur,2017,Cotton(lint),Rabi,4200.0,12.0,0.0,,,,,,,,,,,,,
Tamil Nadu,29. Thiruvarur,2017,Groundnut,Kharif,160.0,394.0,2.46,,,,,,,,,,,,,
Tamil Nadu,29. Thiruvarur,2017,Groundnut,Rabi,2815.0,12794.0,4.54,,,,,,,,,,,,,
Tamil Nadu,29. Thiruvarur,2017,Moong(Green Gram),Kharif,19.0,12.0,0.63,,,,,,,,,,,,,
Tamil Nadu,29. Thiruvarur,2017,Moong(Green Gram),Rabi,45315.0,11963.0,0.26,,,,,,,,,,,,,
Tamil Nadu,29. Thiruvarur,2017,Rice,Autumn,23521.0,102199.0,4.35,,,,,,,,,,,,,
Tamil Nadu,29. Thiruvarur,2017,Rice,Winter,147435.0,562612.0,3.82,,,,,,,,,,,,,
Tamil Nadu,29. Thiruvarur,2017,Sesamum,Kharif,23.0,10.0,0.43,,,,,,,,,,,,,
Tamil Nadu,29. Thiruvarur,2017,Sesamum,Rabi,535.0,328.0,0.61,,,,,,,,,,,,,
Tamil Nadu,29. Thiruvarur,2017,Urad,Kharif,6253.0,5696.0,0.91,,,,,,,,,,,,,
Tamil Nadu,29. Thiruvarur,2017,Urad,Rabi,47058.0,13647.0,0.29,,,,,,,,,,,,,
Tamil Nadu,29. Thiruvarur,2017,Arhar/Tur,Kharif,8.0,9.0,1.13,,,,,,,,,,,,,
Tamil Nadu,29. Thiruvarur,2018,Cotton(lint),Rabi,6689.0,30586.0,4.57,,,,,,,,,,,,,
Tamil Nadu,29. Thiruvarur,2018,Groundnut,Kharif,9.0,20.0,2.22,,,,,,,,,,,,,
Tamil Nadu,29. Thiruvarur,2018,Groundnut,Rabi,3274.0,14411.0,4.4,,,,,,,,,,,,,
Tamil Nadu,29. Thiruvarur,2018,Maize,Rabi,10.0,70.0,7.0,,,,,,,,,,,,,
Tamil Nadu,29. Thiruvarur,2018,Moong(Green Gram),Kharif,160.0,108.0,0.68,,,,,,,,,,,,,
Tamil Nadu,29. Thiruvarur,2018,Moong(Green Gram),Rabi,47755.0,14910.0,0.31,,,,,,,,,,,,,
Tamil Nadu,29. Thiruvarur,2018,Ragi,Rabi,2.0,7.0,3.5,,,,,,,,,,,,,
Tamil Nadu,29. Thiruvarur,2018,Rice,Autumn,28404.0,122812.0,4.32,,,,,,,,,,,,,
Tamil Nadu,29. Thiruvarur,2018,Rice,Winter,150339.0,497500.0,3.31,,,,,,,,,,,,,
Tamil Nadu,29. Thiruvarur,2018,Sesamum,Kharif,4.0,2.0,0.5,,,,,,,,,,,,,
Tamil Nadu,29. Thiruvarur,2018,Sesamum,Rabi,380.0,215.0,0.57,,,,,,,,,,,,,
Tamil Nadu,29. Thiruvarur,2018,Urad,Kharif,2082.0,1582.0,0.76,,,,,,,,,,,,,
Tamil Nadu,29. Thiruvarur,2018,Urad,Rabi,34467.0,12535.0,0.36,,,,,,,,,,,,,
Tamil Nadu,29. Thiruvarur,2019,Cotton(lint),Rabi,8049.0,27003.0,3.35,,,,,,,,,,,,,
Tamil Nadu,29. Thiruvarur,2019,Groundnut,Kharif,114.0,283.0,2.48,,,,,,,,,,,,,
Tamil Nadu,29. Thiruvarur,2019,Groundnut,Rabi,2670.0,13235.0,4.96,,,,,,,,,,,,,
Tamil Nadu,29. Thiruvarur,2019,Maize,Kharif,7.0,61.0,8.71,,,,,,,,,,,,,
Tamil Nadu,29. Thiruvarur,2019,Maize,Rabi,13.0,87.0,6.69,,,,,,,,,,,,,
Tamil Nadu,29. Thiruvarur,2019,Moong(Green Gram),Rabi,46112.0,15345.0,0.33,,,,,,,,,,,,,
Tamil Nadu,29. Thiruvarur,2019,Onion,Kharif,1.0,9.0,9.0,,,,,,,,,,,,,
Tamil Nadu,29. Thiruvarur,2019,Rice,Autumn,22685.0,89389.0,3.94,,,,,,,,,,,,,
Tamil Nadu,29. Thiruvarur,2019,Rice,Winter,148477.0,527607.0,3.55,,,,,,,,,,,,,
Tamil Nadu,29. Thiruvarur,2019,Sesamum,Kharif,11.0,6.0,0.55,,,,,,,,,,,,,
Tamil Nadu,29. Thiruvarur,2019,Sesamum,Rabi,839.0,302.0,0.36,,,,,,,,,,,,,
Tamil Nadu,29. Thiruvarur,2019,Sunflower,Kharif,15.0,15.0,1.0,,,,,,,,,,,,,
Tamil Nadu,29. Thiruvarur,2019,Sunflower,Rabi,14.0,13.0,0.93,,,,,,,,,,,,,
Tamil Nadu,29. Thiruvarur,2019,Urad,Kharif,1327.0,1116.0,0.84,,,,,,,,,,,,,
Tamil Nadu,29. Thiruvarur,2019,Urad,Rabi,22879.0,9943.0,0.43,,,,,,,,,,,,,
Tamil Nadu,29. Thiruvarur,2019,Other Cereals,Kharif,2.0,3.0,1.5,,,,,,,,,,,,,
Tamil Nadu,29. Thiruvarur,2020,Cotton(lint),Kharif,60.0,117.0,1.95,,,,,,,,,,,,,
Tamil Nadu,29. Thiruvarur,2020,Cotton(lint),Rabi,6623.0,17212.0,2.6,,,,,,,,,,,,,
Tamil Nadu,29. Thiruvarur,2020,Groundnut,Kharif,460.0,980.0,2.13,,,,,,,,,,,,,
Tamil Nadu,29. Thiruvarur,2020,Groundnut,Rabi,2062.0,6873.0,3.33,,,,,,,,,,,,,
Tamil Nadu,29. Thiruvarur,2020,Maize,Kharif,3.0,22.0,7.33,,,,,,,,,,,,,
Tamil Nadu,29. Thiruvarur,2020,Maize,Rabi,14.0,74.0,5.29,,,,,,,,,,,,,
Tamil Nadu,29. Thiruvarur,2020,Moong(Green Gram),Kharif,282.0,247.0,0.88,,,,,,,,,,,,,
Tamil Nadu,29. Thiruvarur,2020,Moong(Green Gram),Rabi,40925.0,5257.0,0.13,,,,,,,,,,,,,
Tamil Nadu,29. Thiruvarur,2020,Onion,Rabi,2.0,11.0,5.5,,,,,,,,,,,,,
Tamil Nadu,29. Thiruvarur,2020,Ragi,Rabi,1.0,4.0,4.0,,,,,,,,,,,,,
Tamil Nadu,29. Thiruvarur,2020,Rice,Autumn,38765.0,156529.0,4.04,,,,,,,,,,,,,
Tamil Nadu,29. Thiruvarur,2020,Rice,Winter,147374.0,365289.0,2.48,,,,,,,,,,,,,
Tamil Nadu,29. Thiruvarur,2020,Sesamum,Kharif,68.0,41.0,0.6,,,,,,,,,,,,,
Tamil Nadu,29. Thiruvarur,2020,Sesamum,Rabi,930.0,542.0,0.58,,,,,,,,,,,,,
Tamil Nadu,29. Thiruvarur,2020,Sunflower,Kharif,1.0,2.0,2.0,,,,,,,,,,,,,
Tamil Nadu,29. Thiruvarur,2020,Urad,Kharif,2245.0,1998.0,0.89,,,,,,,,,,,,,
Tamil Nadu,29. Thiruvarur,2020,Urad,Rabi,18412.0,4929.0,0.27,,,,,,,,,,,,,
Tamil Nadu,29. Thiruvarur,2020,Other Cereals,Kharif,2.0,3.0,1.5,,,,,,,,,,,,,
Tamil Nadu,29. Thiruvarur,2020,Other Cereals,Rabi,7.0,9.0,1.29,,,,,,,,,,,,,
Tamil Nadu,29. Thiruvarur,2021,Cotton(lint),Rabi,16427.0,54758.0,3.33,,,,,,,,,,,,,
Tamil Nadu,29. Thiruvarur,2021,Groundnut,Kharif,255.0,580.0,2.27,,,,,,,,,,,,,
Tamil Nadu,29. Thiruvarur,2021,Groundnut,Rabi,1797.0,6681.0,3.72,,,,,,,,,,,,,
Tamil Nadu,29. Thiruvarur,2021,Jowar,Kharif,4.0,4.0,1.0,,,,,,,,,,,,,
Tamil Nadu,29. Thiruvarur,2021,Maize,Kharif,10.0,80.0,8.0,,,,,,,,,,,,,
Tamil Nadu,29. Thiruvarur,2021,Maize,Rabi,11.0,67.0,6.09,,,,,,,,,,,,,
Tamil Nadu,29. Thiruvarur,2021,Moong(Green Gram),Kharif,93.0,76.0,0.82,,,,,,,,,,,,,
Tamil Nadu,29. Thiruvarur,2021,Moong(Green Gram),Rabi,39422.0,10376.0,0.26,,,,,,,,,,,,,
Tamil Nadu,29. Thiruvarur,2021,Rice,Autumn,54943.0,230302.0,4.19,,,,,,,,,,,,,
Tamil Nadu,29. Thiruvarur,2021,Rice,Winter,147321.0,509773.0,3.46,,,,,,,,,,,,,
Tamil Nadu,29. Thiruvarur,2021,Sesamum,Kharif,57.0,38.0,0.67,,,,,,,,,,,,,
Tamil Nadu,29. Thiruvarur,2021,Sesamum,Rabi,1809.0,453.0,0.25,,,,,,,,,,,,,
Tamil Nadu,29. Thiruvarur,2021,Urad,Kharif,1082.0,953.0,0.88,,,,,,,,,,,,,
Tamil Nadu,29. Thiruvarur,2021,Urad,Rabi,19618.0,6116.0,0.31,,,,,,,,,,,,,
Tamil Nadu,29. Thiruvarur,2021,Arhar/Tur,Kharif,3.0,3.0,1.0,,,,,,,,,,,,,
Tamil Nadu,29. Thiruvarur,2021,Arhar/Tur,Rabi,2.0,2.0,1.0,,,,,,,,,,,,,
Tamil Nadu,29. Thiruvarur,2021,Other Cereals,Kharif,12.0,16.0,1.33,,,,,,,,,,,,,
Tamil Nadu,29. Thiruvarur,2022,Cotton(lint),Kharif,17.0,32.0,1.88,,,,,,,,,,,,,
Tamil Nadu,29. Thiruvarur,2022,Cotton(lint),Rabi,16384.0,31411.0,1.92,,,,,,,,,,,,,
Tamil Nadu,29. Thiruvarur,2022,Groundnut,Kharif,380.0,804.0,2.12,,,,,,,,,,,,,
Tamil Nadu,29. Thiruvarur,2022,Groundnut,Rabi,2213.0,5877.0,2.66,,,,,,,,,,,,,
Tamil Nadu,29. Thiruvarur,2022,Maize,Kharif,13.0,101.0,7.77,,,,,,,,,,,,,
Tamil Nadu,29. Thiruvarur,2022,Moong(Green Gram),Rabi,45864.0,8488.0,0.19,,,,,,,,,,,,,
Tamil Nadu,29. Thiruvarur,2022,Onion,Rabi,4.0,30.0,7.5,,,,,,,,,,,,,
Tamil Nadu,29. Thiruvarur,2022,Ragi,Rabi,3.0,12.0,4.0,,,,,,,,,,,,,
Tamil Nadu,29. Thiruvarur,2022,Rice,Autumn,61589.0,224225.0,3.64,,,,,,,,,,,,,
Tamil Nadu,29. Thiruvarur,2022,Rice,Winter,148318.0,486521.0,3.28,,,,,,,,,,,,,
Tamil Nadu,29. Thiruvarur,2022,Sesamum,Kharif,78.0,36.0,0.46,,,,,,,,,,,,,
Tamil Nadu,29. Thiruvarur,2022,Sesamum,Rabi,4683.0,753.0,0.16,,,,,,,,,,,,,
Tamil Nadu,29. Thiruvarur,2022,Small millets,Rabi,1.0,2.0,2.0,,,,,,,,,,,,,
Tamil Nadu,29. Thiruvarur,2022,Urad,Kharif,2225.0,1905.0,0.86,,,,,,,,,,,,,
Tamil Nadu,29. Thiruvarur,2022,Urad,Rabi,18444.0,4311.0,0.23,,,,,,,,,,,,,
Tamil Nadu,29. Thiruvarur,2022,Other Cereals,Kharif,4.0,5.0,1.25,,,,,,,,,,,,,
Tamil Nadu,29. Thiruvarur,2022,Other Cereals,Rabi,3.0,4.0,1.33,,,,,,,,,,,,,
Tamil Nadu,30. Thoothukudi,2015,Bajra,Rabi,8728.0,17901.0,2.05,,,,,,,,,,,,,
Tamil Nadu,30. Thoothukudi,2015,Castor seed,Kharif,10.0,3.0,0.3,,,,,,,,,,,,,
Tamil Nadu,30. Thoothukudi,2015,Cotton(lint),Kharif,78.0,145.0,1.86,,,,,,,,,,,,,
Tamil Nadu,30. Thoothukudi,2015,Cotton(lint),Rabi,5069.0,17742.0,3.5,,,,,,,,,,,,,
Tamil Nadu,30. Thoothukudi,2015,Groundnut,Kharif,347.0,755.0,2.18,,,,,,,,,,,,,
Tamil Nadu,30. Thoothukudi,2015,Groundnut,Rabi,710.0,2338.0,3.29,,,,,,,,,,,,,
Tamil Nadu,30. Thoothukudi,2015,Horse-gram,Rabi,2.0,1.0,0.5,,,,,,,,,,,,,
Tamil Nadu,30. Thoothukudi,2015,Jowar,Rabi,13708.0,43221.0,3.15,,,,,,,,,,,,,
Tamil Nadu,30. Thoothukudi,2015,Maize,Rabi,23588.0,89823.0,3.81,,,,,,,,,,,,,
Tamil Nadu,30. Thoothukudi,2015,Masoor,Kharif,162.0,165.0,1.02,,,,,,,,,,,,,
Tamil Nadu,30. Thoothukudi,2015,Moong(Green Gram),Rabi,50224.0,25112.0,0.5,,,,,,,,,,,,,
Tamil Nadu,30. Thoothukudi,2015,Onion,Kharif,6.0,58.0,9.67,,,,,,,,,,,,,
Tamil Nadu,30. Thoothukudi,2015,Onion,Rabi,1640.0,1481.0,0.9,,,,,,,,,,,,,
Tamil Nadu,30. Thoothukudi,2015,Other Kharif pulses,Kharif,354.0,207.0,0.58,,,,,,,,,,,,,
Tamil Nadu,30. Thoothukudi,2015,Ragi,Rabi,166.0,601.0,3.62,,,,,,,,,,,,,
Tamil Nadu,30. Thoothukudi,2015,Rice,Kharif,18556.0,74558.0,4.02,,,,,,,,,,,,,
Tamil Nadu,30. Thoothukudi,2015,Sesamum,Kharif,2.0,1.0,0.5,,,,,,,,,,,,,
Tamil Nadu,30. Thoothukudi,2015,Sesamum,Rabi,657.0,313.0,0.48,,,,,,,,,,,,,
Tamil Nadu,30. Thoothukudi,2015,Small millets,Kharif,44.0,34.0,0.77,,,,,,,,,,,,,
Tamil Nadu,30. Thoothukudi,2015,Small millets,Rabi,4.0,7.0,1.75,,,,,,,,,,,,,
Tamil Nadu,30. Thoothukudi,2015,Sunflower,Rabi,2181.0,1699.0,0.78,,,,,,,,,,,,,
Tamil Nadu,30. Thoothukudi,2015,Urad,Kharif,408.0,282.0,0.69,,,,,,,,,,,,,
Tamil Nadu,30. Thoothukudi,2015,Urad,Rabi,39801.0,25751.0,0.65,,,,,,,,,,,,,
Tamil Nadu,30. Thoothukudi,2015,Gram,Rabi,64.0,36.0,0.56,,,,,,,,,,,,,
Tamil Nadu,30. Thoothukudi,2016,Bajra,Rabi,9026.0,1317.0,0.15,,,,,,,,,,,,,
Tamil Nadu,30. Thoothukudi,2016,Castor seed,Kharif,3.0,1.0,0.33,,,,,,,,,,,,,
Tamil Nadu,30. Thoothukudi,2016,Cotton(lint),Kharif,91.0,117.0,1.29,,,,,,,,,,,,,
Tamil Nadu,30. Thoothukudi,2016,Cotton(lint),Rabi,6139.0,1242.0,0.2,,,,,,,,,,,,,
Tamil Nadu,30. Thoothukudi,2016,Groundnut,Kharif,121.0,189.0,1.56,,,,,,,,,,,,,
Tamil Nadu,30. Thoothukudi,2016,Groundnut,Rabi,667.0,2159.0,3.24,,,,,,,,,,,,,
Tamil Nadu,30. Thoothukudi,2016,Horse-gram,Rabi,8.0,3.0,0.38,,,,,,,,,,,,,
Tamil Nadu,30. Thoothukudi,2016,Jowar,Rabi,8430.0,953.0,0.11,,,,,,,,,,,,,
Tamil Nadu,30. Thoothukudi,2016,Maize,Kharif,6.0,27.0,4.5,,,,,,,,,,,,,
Tamil Nadu,30. Thoothukudi,2016,Maize,Rabi,33206.0,8430.0,0.25,,,,,,,,,,,,,
Tamil Nadu,30. Thoothukudi,2016,Moong(Green Gram),Kharif,22.0,18.0,0.82,,,,,,,,,,,,,
Tamil Nadu,30. Thoothukudi,2016,Moong(Green Gram),Rabi,34339.0,3025.0,0.09,,,,,,,,,,,,,
Tamil Nadu,30. Thoothukudi,2016,Onion,Kharif,9.0,94.0,10.44,,,,,,,,,,,,,
Tamil Nadu,30. Thoothukudi,2016,Onion,Rabi,2864.0,1736.0,0.61,,,,,,,,,,,,,
Tamil Nadu,30. Thoothukudi,2016,Ragi,Rabi,32.0,100.0,3.13,,,,,,,,,,,,,
Tamil Nadu,30. Thoothukudi,2016,Rice,Kharif,4808.0,15683.0,3.26,,,,,,,,,,,,,
Tamil Nadu,30. Thoothukudi,2016,Sesamum,Kharif,7.0,3.0,0.43,,,,,,,,,,,,,
Tamil Nadu,30. Thoothukudi,2016,Sesamum,Rabi,390.0,4.0,0.01,,,,,,,,,,,,,
Tamil Nadu,30. Thoothukudi,2016,Small millets,Rabi,21.0,18.0,0.86,,,,,,,,,,,,,
Tamil Nadu,30. Thoothukudi,2016,Sunflower,Rabi,2631.0,313.0,0.12,,,,,,,,,,,,,
Tamil Nadu,30. Thoothukudi,2016,Urad,Kharif,1210.0,935.0,0.77,,,,,,,,,,,,,
Tamil Nadu,30. Thoothukudi,2016,Urad,Rabi,53128.0,7264.0,0.14,,,,,,,,,,,,,
Tamil Nadu,30. Thoothukudi,2016,Arhar/Tur,Kharif,11.0,7.0,0.64,,,,,,,,,,,,,
Tamil Nadu,30. Thoothukudi,2016,Other Cereals,Rabi,277.0,,0.0,,,,,,,,,,,,,
Tamil Nadu,30. Thoothukudi,2016,Gram,Rabi,16.0,10.0,0.63,,,,,,,,,,,,,
Tamil Nadu,30. Thoothukudi,2017,Bajra,Rabi,9610.0,17212.0,1.79,,,,,,,,,,,,,
Tamil Nadu,30. Thoothukudi,2017,Castor seed,Kharif,2.0,1.0,0.5,,,,,,,,,,,,,
Tamil Nadu,30. Thoothukudi,2017,Cotton(lint),Kharif,43.0,,0.0,,,,,,,,,,,,,
Tamil Nadu,30. Thoothukudi,2017,Cotton(lint),Rabi,6497.0,14.0,0.0,,,,,,,,,,,,,
Tamil Nadu,30. Thoothukudi,2017,Groundnut,Kharif,83.0,204.0,2.46,,,,,,,,,,,,,
Tamil Nadu,30. Thoothukudi,2017,Groundnut,Rabi,522.0,2045.0,3.92,,,,,,,,,,,,,
Tamil Nadu,30. Thoothukudi,2017,Horse-gram,Rabi,9.0,7.0,0.78,,,,,,,,,,,,,
Tamil Nadu,30. Thoothukudi,2017,Jowar,Rabi,10646.0,13425.0,1.26,,,,,,,,,,,,,
Tamil Nadu,30. Thoothukudi,2017,Maize,Rabi,33212.0,94256.0,2.84,,,,,,,,,,,,,
Tamil Nadu,30. Thoothukudi,2017,Moong(Green Gram),Kharif,4.0,2.0,0.5,,,,,,,,,,,,,
Tamil Nadu,30. Thoothukudi,2017,Moong(Green Gram),Rabi,32428.0,11480.0,0.35,,,,,,,,,,,,,
Tamil Nadu,30. Thoothukudi,2017,Onion,Kharif,4.0,39.0,9.75,,,,,,,,,,,,,
Tamil Nadu,30. Thoothukudi,2017,Onion,Rabi,2684.0,7578.0,2.82,,,,,,,,,,,,,
Tamil Nadu,30. Thoothukudi,2017,Ragi,Rabi,25.0,112.0,4.48,,,,,,,,,,,,,
Tamil Nadu,30. Thoothukudi,2017,Rice,Autumn,327.0,722.0,2.21,,,,,,,,,,,,,
Tamil Nadu,30. Thoothukudi,2017,Rice,Winter,3748.0,17286.0,4.61,,,,,,,,,,,,,
Tamil Nadu,30. Thoothukudi,2017,Sesamum,Kharif,4.0,2.0,0.5,,,,,,,,,,,,,
Tamil Nadu,30. Thoothukudi,2017,Sesamum,Rabi,430.0,80.0,0.19,,,,,,,,,,,,,
Tamil Nadu,30. Thoothukudi,2017,Small millets,Rabi,16.0,27.0,1.69,,,,,,,,,,,,,
Tamil Nadu,30. Thoothukudi,2017,Sunflower,Kharif,2.0,4.0,2.0,,,,,,,,,,,,,
Tamil Nadu,30. Thoothukudi,2017,Sunflower,Rabi,3342.0,2146.0,0.64,,,,,,,,,,,,,
Tamil Nadu,30. Thoothukudi,2017,Urad,Kharif,7.0,6.0,0.86,,,,,,,,,,,,,
Tamil Nadu,30. Thoothukudi,2017,Urad,Rabi,49730.0,25163.0,0.51,,,,,,,,,,,,,
Tamil Nadu,30. Thoothukudi,2017,Arhar/Tur,Kharif,21.0,23.0,1.1,,,,,,,,,,,,,
Tamil Nadu,30. Thoothukudi,2017,Other Cereals,Rabi,249.0,332.0,1.33,,,,,,,,,,,,,
Tamil Nadu,30. Thoothukudi,2017,Cowpea(Lobia),Kharif,15.0,11.0,0.73,,,,,,,,,,,,,
Tamil Nadu,30. Thoothukudi,2017,Cowpea(Lobia),Rabi,163.0,106.0,0.65,,,,,,,,,,,,,
Tamil Nadu,30. Thoothukudi,2017,Other Rabi pulses,Rabi,17.0,11.0,0.65,,,,,,,,,,,,,
Tamil Nadu,30. Thoothukudi,2017,Gram,Rabi,8.0,7.0,0.88,,,,,,,,,,,,,
Tamil Nadu,30. Thoothukudi,2018,Bajra,Kharif,2.0,6.0,3.0,,,,,,,,,,,,,
Tamil Nadu,30. Thoothukudi,2018,Bajra,Rabi,10593.0,16657.0,1.57,,,,,,,,,,,,,
Tamil Nadu,30. Thoothukudi,2018,Castor seed,Kharif,5.0,1.0,0.2,,,,,,,,,,,,,
Tamil Nadu,30. Thoothukudi,2018,Cotton(lint),Kharif,2.0,4.0,2.0,,,,,,,,,,,,,
Tamil Nadu,30. Thoothukudi,2018,Cotton(lint),Rabi,6149.0,11452.0,1.86,,,,,,,,,,,,,
Tamil Nadu,30. Thoothukudi,2018,Groundnut,Kharif,129.0,279.0,2.16,,,,,,,,,,,,,
Tamil Nadu,30. Thoothukudi,2018,Groundnut,Rabi,465.0,1622.0,3.49,,,,,,,,,,,,,
Tamil Nadu,30. Thoothukudi,2018,Horse-gram,Rabi,7.0,5.0,0.71,,,,,,,,,,,,,
Tamil Nadu,30. Thoothukudi,2018,Jowar,Rabi,10401.0,21456.0,2.06,,,,,,,,,,,,,
Tamil Nadu,30. Thoothukudi,2018,Maize,Kharif,3.0,21.0,7.0,,,,,,,,,,,,,
Tamil Nadu,30. Thoothukudi,2018,Maize,Rabi,55472.0,387920.0,6.99,,,,,,,,,,,,,
Tamil Nadu,30. Thoothukudi,2018,Moong(Green Gram),Rabi,23824.0,12362.0,0.52,,,,,,,,,,,,,
Tamil Nadu,30. Thoothukudi,2018,Onion,Kharif,8.0,73.0,9.13,,,,,,,,,,,,,
Tamil Nadu,30. Thoothukudi,2018,Onion,Rabi,3313.0,1462.0,0.44,,,,,,,,,,,,,
Tamil Nadu,30. Thoothukudi,2018,Ragi,Rabi,32.0,115.0,3.59,,,,,,,,,,,,,
Tamil Nadu,30. Thoothukudi,2018,Rice,Autumn,1287.0,4869.0,3.78,,,,,,,,,,,,,
Tamil Nadu,30. Thoothukudi,2018,Rice,Winter,4813.0,17823.0,3.7,,,,,,,,,,,,,
Tamil Nadu,30. Thoothukudi,2018,Sesamum,Kharif,5.0,3.0,0.6,,,,,,,,,,,,,
Tamil Nadu,30. Thoothukudi,2018,Sesamum,Rabi,357.0,199.0,0.56,,,,,,,,,,,,,
Tamil Nadu,30. Thoothukudi,2018,Small millets,Kharif,4.0,2.0,0.5,,,,,,,,,,,,,
Tamil Nadu,30. Thoothukudi,2018,Small millets,Rabi,2.0,3.0,1.5,,,,,,,,,,,,,
Tamil Nadu,30. Thoothukudi,2018,Sunflower,Rabi,1875.0,865.0,0.46,,,,,,,,,,,,,
Tamil Nadu,30. Thoothukudi,2018,Urad,Kharif,1409.0,1071.0,0.76,,,,,,,,,,,,,
Tamil Nadu,30. Thoothukudi,2018,Urad,Rabi,40711.0,24553.0,0.6,,,,,,,,,,,,,
Tamil Nadu,30. Thoothukudi,2018,Arhar/Tur,Kharif,22.0,27.0,1.23,,,,,,,,,,,,,
Tamil Nadu,30. Thoothukudi,2018,Other Cereals,Rabi,182.0,429.0,2.36,,,,,,,,,,,,,
Tamil Nadu,30. Thoothukudi,2018,Cowpea(Lobia),Kharif,10.0,8.0,0.8,,,,,,,,,,,,,
Tamil Nadu,30. Thoothukudi,2018,Cowpea(Lobia),Rabi,93.0,79.0,0.85,,,,,,,,,,,,,
Tamil Nadu,30. Thoothukudi,2018,Other Rabi pulses,Rabi,5.0,3.0,0.6,,,,,,,,,,,,,
Tamil Nadu,30. Thoothukudi,2018,Gram,Rabi,10.0,9.0,0.9,,,,,,,,,,,,,
Tamil Nadu,30. Thoothukudi,2019,Bajra,Kharif,4.0,11.0,2.75,,,,,,,,,,,,,
Tamil Nadu,30. Thoothukudi,2019,Bajra,Rabi,11523.0,29245.0,2.54,,,,,,,,,,,,,
Tamil Nadu,30. Thoothukudi,2019,Castor seed,Kharif,1.0,,0.0,,,,,,,,,,,,,
Tamil Nadu,30. Thoothukudi,2019,Cotton(lint),Kharif,53.0,130.0,2.45,,,,,,,,,,,,,
Tamil Nadu,30. Thoothukudi,2019,Cotton(lint),Rabi,7707.0,14922.0,1.94,,,,,,,,,,,,,
Tamil Nadu,30. Thoothukudi,2019,Groundnut,Kharif,19.0,48.0,2.53,,,,,,,,,,,,,
Tamil Nadu,30. Thoothukudi,2019,Groundnut,Rabi,820.0,3071.0,3.75,,,,,,,,,,,,,
Tamil Nadu,30. Thoothukudi,2019,Horse-gram,Rabi,8.0,7.0,0.88,,,,,,,,,,,,,
Tamil Nadu,30. Thoothukudi,2019,Jowar,Kharif,13.0,16.0,1.23,,,,,,,,,,,,,
Tamil Nadu,30. Thoothukudi,2019,Jowar,Rabi,17538.0,45759.0,2.61,,,,,,,,,,,,,
Tamil Nadu,30. Thoothukudi,2019,Maize,Rabi,33233.0,129828.0,3.91,,,,,,,,,,,,,
Tamil Nadu,30. Thoothukudi,2019,Moong(Green Gram),Kharif,5.0,3.0,0.6,,,,,,,,,,,,,
Tamil Nadu,30. Thoothukudi,2019,Moong(Green Gram),Rabi,25336.0,7819.0,0.31,,,,,,,,,,,,,
Tamil Nadu,30. Thoothukudi,2019,Onion,Kharif,55.0,501.0,9.11,,,,,,,,,,,,,
Tamil Nadu,30. Thoothukudi,2019,Onion,Rabi,4035.0,18300.0,4.54,,,,,,,,,,,,,
Tamil Nadu,30. Thoothukudi,2019,Ragi,Rabi,35.0,143.0,4.09,,,,,,,,,,,,,
Tamil Nadu,30. Thoothukudi,2019,Rice,Autumn,497.0,2041.0,4.11,,,,,,,,,,,,,
Tamil Nadu,30. Thoothukudi,2019,Rice,Winter,4121.0,15207.0,3.69,,,,,,,,,,,,,
Tamil Nadu,30. Thoothukudi,2019,Sesamum,Kharif,13.0,8.0,0.62,,,,,,,,,,,,,
Tamil Nadu,30. Thoothukudi,2019,Sesamum,Rabi,410.0,298.0,0.73,,,,,,,,,,,,,
Tamil Nadu,30. Thoothukudi,2019,Small millets,Kharif,2.0,1.0,0.5,,,,,,,,,,,,,
Tamil Nadu,30. Thoothukudi,2019,Sunflower,Rabi,1813.0,1146.0,0.63,,,,,,,,,,,,,
Tamil Nadu,30. Thoothukudi,2019,Urad,Kharif,2100.0,1767.0,0.84,,,,,,,,,,,,,
Tamil Nadu,30. Thoothukudi,2019,Urad,Rabi,53247.0,23195.0,0.44,,,,,,,,,,,,,
Tamil Nadu,30. Thoothukudi,2019,Arhar/Tur,Rabi,6.0,7.0,1.17,,,,,,,,,,,,,
Tamil Nadu,30. Thoothukudi,2019,Other Cereals,Rabi,128.0,171.0,1.34,,,,,,,,,,,,,
Tamil Nadu,30. Thoothukudi,2019,Cowpea(Lobia),Rabi,64.0,44.0,0.69,,,,,,,,,,,,,
Tamil Nadu,30. Thoothukudi,2019,Other Rabi pulses,Rabi,3.0,2.0,0.67,,,,,,,,,,,,,
Tamil Nadu,30. Thoothukudi,2019,Gram,Rabi,12.0,11.0,0.92,,,,,,,,,,,,,
Tamil Nadu,30. Thoothukudi,2020,Bajra,Kharif,6.0,16.0,2.67,,,,,,,,,,,,,
Tamil Nadu,30. Thoothukudi,2020,Bajra,Rabi,11460.0,13597.0,1.19,,,,,,,,,,,,,
Tamil Nadu,30. Thoothukudi,2020,Castor seed,Kharif,1.0,0.0,0.0,,,,,,,,,,,,,
Tamil Nadu,30. Thoothukudi,2020,Cotton(lint),Kharif,147.0,285.0,1.94,,,,,,,,,,,,,
Tamil Nadu,30. Thoothukudi,2020,Cotton(lint),Rabi,4975.0,4136.0,0.83,,,,,,,,,,,,,
Tamil Nadu,30. Thoothukudi,2020,Groundnut,Kharif,132.0,281.0,2.13,,,,,,,,,,,,,
Tamil Nadu,30. Thoothukudi,2020,Groundnut,Rabi,977.0,3152.0,3.23,,,,,,,,,,,,,
Tamil Nadu,30. Thoothukudi,2020,Horse-gram,Rabi,18.0,13.0,0.72,,,,,,,,,,,,,
Tamil Nadu,30. Thoothukudi,2020,Jowar,Rabi,10527.0,3567.0,0.34,,,,,,,,,,,,,
Tamil Nadu,30. Thoothukudi,2020,Maize,Kharif,3.0,23.0,7.67,,,,,,,,,,,,,
Tamil Nadu,30. Thoothukudi,2020,Maize,Rabi,47439.0,138281.0,2.91,,,,,,,,,,,,,
Tamil Nadu,30. Thoothukudi,2020,Moong(Green Gram),Kharif,16.0,14.0,0.88,,,,,,,,,,,,,
Tamil Nadu,30. Thoothukudi,2020,Moong(Green Gram),Rabi,18254.0,3099.0,0.17,,,,,,,,,,,,,
Tamil Nadu,30. Thoothukudi,2020,Onion,Kharif,86.0,842.0,9.79,,,,,,,,,,,,,
Tamil Nadu,30. Thoothukudi,2020,Onion,Rabi,5302.0,2258.0,0.43,,,,,,,,,,,,,
Tamil Nadu,30. Thoothukudi,2020,Ragi,Rabi,12.0,52.0,4.33,,,,,,,,,,,,,
Tamil Nadu,30. Thoothukudi,2020,Rice,Autumn,2142.0,9335.0,4.36,,,,,,,,,,,,,
Tamil Nadu,30. Thoothukudi,2020,Rice,Winter,2167.0,6993.0,3.23,,,,,,,,,,,,,
Tamil Nadu,30. Thoothukudi,2020,Sesamum,Kharif,147.0,88.0,0.6,,,,,,,,,,,,,
Tamil Nadu,30. Thoothukudi,2020,Sesamum,Rabi,360.0,243.0,0.68,,,,,,,,,,,,,
Tamil Nadu,30. Thoothukudi,2020,Small millets,Kharif,2.0,1.0,0.5,,,,,,,,,,,,,
Tamil Nadu,30. Thoothukudi,2020,Small millets,Rabi,5.0,7.0,1.4,,,,,,,,,,,,,
Tamil Nadu,30. Thoothukudi,2020,Sunflower,Kharif,2.0,4.0,2.0,,,,,,,,,,,,,
Tamil Nadu,30. Thoothukudi,2020,Sunflower,Rabi,2093.0,354.0,0.17,,,,,,,,,,,,,
Tamil Nadu,30. Thoothukudi,2020,Urad,Kharif,2594.0,2309.0,0.89,,,,,,,,,,,,,
Tamil Nadu,30. Thoothukudi,2020,Urad,Rabi,57736.0,7334.0,0.13,,,,,,,,,,,,,
Tamil Nadu,30. Thoothukudi,2020,Arhar/Tur,Rabi,3.0,3.0,1.0,,,,,,,,,,,,,
Tamil Nadu,30. Thoothukudi,2020,Other Cereals,Rabi,68.0,91.0,1.34,,,,,,,,,,,,,
Tamil Nadu,30. Thoothukudi,2020,Cowpea(Lobia),Rabi,78.0,52.0,0.67,,,,,,,,,,,,,
Tamil Nadu,30. Thoothukudi,2020,Other Rabi pulses,Rabi,5.0,3.0,0.6,,,,,,,,,,,,,
Tamil Nadu,30. Thoothukudi,2020,Gram,Rabi,11.0,10.0,0.91,,,,,,,,,,,,,
Tamil Nadu,30. Thoothukudi,2021,Bajra,Kharif,38.0,96.0,2.53,,,,,,,,,,,,,
Tamil Nadu,30. Thoothukudi,2021,Bajra,Rabi,10370.0,21799.0,2.1,,,,,,,,,,,,,
Tamil Nadu,30. Thoothukudi,2021,Castor seed,Kharif,15.0,4.0,0.27,,,,,,,,,,,,,
Tamil Nadu,30. Thoothukudi,2021,Cotton(lint),Kharif,691.0,1117.0,1.62,,,,,,,,,,,,,
Tamil Nadu,30. Thoothukudi,2021,Cotton(lint),Rabi,4814.0,7137.0,1.48,,,,,,,,,,,,,
Tamil Nadu,30. Thoothukudi,2021,Groundnut,Kharif,413.0,940.0,2.28,,,,,,,,,,,,,
Tamil Nadu,30. Thoothukudi,2021,Groundnut,Rabi,946.0,3692.0,3.9,,,,,,,,,,,,,
Tamil Nadu,30. Thoothukudi,2021,Jowar,Kharif,22.0,24.0,1.09,,,,,,,,,,,,,
Tamil Nadu,30. Thoothukudi,2021,Jowar,Rabi,9035.0,12558.0,1.39,,,,,,,,,,,,,
Tamil Nadu,30. Thoothukudi,2021,Maize,Kharif,5.0,43.0,8.6,,,,,,,,,,,,,
Tamil Nadu,30. Thoothukudi,2021,Maize,Rabi,51121.0,178583.0,3.49,,,,,,,,,,,,,
Tamil Nadu,30. Thoothukudi,2021,Moong(Green Gram),Kharif,199.0,162.0,0.81,,,,,,,,,,,,,
Tamil Nadu,30. Thoothukudi,2021,Moong(Green Gram),Rabi,20647.0,7607.0,0.37,,,,,,,,,,,,,
Tamil Nadu,30. Thoothukudi,2021,Onion,Kharif,59.0,538.0,9.12,,,,,,,,,,,,,
Tamil Nadu,30. Thoothukudi,2021,Onion,Rabi,6603.0,6182.0,0.94,,,,,,,,,,,,,
Tamil Nadu,30. Thoothukudi,2021,Ragi,Rabi,18.0,74.0,4.11,,,,,,,,,,,,,
Tamil Nadu,30. Thoothukudi,2021,Rice,Autumn,4973.0,20314.0,4.08,,,,,,,,,,,,,
Tamil Nadu,30. Thoothukudi,2021,Rice,Winter,3784.0,12044.0,3.18,,,,,,,,,,,,,
Tamil Nadu,30. Thoothukudi,2021,Sesamum,Kharif,75.0,51.0,0.68,,,,,,,,,,,,,
Tamil Nadu,30. Thoothukudi,2021,Sesamum,Rabi,139.0,77.0,0.55,,,,,,,,,,,,,
Tamil Nadu,30. Thoothukudi,2021,Small millets,Kharif,3.0,1.0,0.33,,,,,,,,,,,,,
Tamil Nadu,30. Thoothukudi,2021,Small millets,Rabi,1.0,1.0,1.0,,,,,,,,,,,,,
Tamil Nadu,30. Thoothukudi,2021,Sunflower,Kharif,2.0,4.0,2.0,,,,,,,,,,,,,
Tamil Nadu,30. Thoothukudi,2021,Sunflower,Rabi,1368.0,623.0,0.46,,,,,,,,,,,,,
Tamil Nadu,30. Thoothukudi,2021,Urad,Kharif,2230.0,1965.0,0.88,,,,,,,,,,,,,
Tamil Nadu,30. Thoothukudi,2021,Urad,Rabi,54153.0,35576.0,0.66,,,,,,,,,,,,,
Tamil Nadu,30. Thoothukudi,2021,Arhar/Tur,Kharif,1.0,1.0,1.0,,,,,,,,,,,,,
Tamil Nadu,30. Thoothukudi,2021,Arhar/Tur,Rabi,7.0,6.0,0.86,,,,,,,,,,,,,
Tamil Nadu,30. Thoothukudi,2021,Other Cereals,Kharif,1.0,1.0,1.0,,,,,,,,,,,,,
Tamil Nadu,30. Thoothukudi,2021,Other Cereals,Rabi,39.0,52.0,1.33,,,,,,,,,,,,,
Tamil Nadu,30. Thoothukudi,2021,Cowpea(Lobia),Rabi,26.0,16.0,0.62,,,,,,,,,,,,,
Tamil Nadu,30. Thoothukudi,2022,Bajra,Kharif,10.0,26.0,2.6,,,,,,,,,,,,,
Tamil Nadu,30. Thoothukudi,2022,Bajra,Rabi,8938.0,16651.0,1.86,,,,,,,,,,,,,
Tamil Nadu,30. Thoothukudi,2022,Castor seed,Kharif,13.0,4.0,0.31,,,,,,,,,,,,,
Tamil Nadu,30. Thoothukudi,2022,Cotton(lint),Kharif,250.0,475.0,1.9,,,,,,,,,,,,,
Tamil Nadu,30. Thoothukudi,2022,Cotton(lint),Rabi,8312.0,5474.0,0.66,,,,,,,,,,,,,
Tamil Nadu,30. Thoothukudi,2022,Groundnut,Kharif,168.0,356.0,2.12,,,,,,,,,,,,,
Tamil Nadu,30. Thoothukudi,2022,Groundnut,Rabi,612.0,2138.0,3.49,,,,,,,,,,,,,
Tamil Nadu,30. Thoothukudi,2022,Horse-gram,Rabi,1.0,1.0,1.0,,,,,,,,,,,,,
Tamil Nadu,30. Thoothukudi,2022,Jowar,Rabi,8254.0,11017.0,1.33,,,,,,,,,,,,,
Tamil Nadu,30. Thoothukudi,2022,Maize,Kharif,2.0,19.0,9.5,,,,,,,,,,,,,
Tamil Nadu,30. Thoothukudi,2022,Maize,Rabi,50003.0,176557.0,3.53,,,,,,,,,,,,,
Tamil Nadu,30. Thoothukudi,2022,Moong(Green Gram),Kharif,6.0,5.0,0.83,,,,,,,,,,,,,
Tamil Nadu,30. Thoothukudi,2022,Moong(Green Gram),Rabi,16109.0,8658.0,0.54,,,,,,,,,,,,,
Tamil Nadu,30. Thoothukudi,2022,Onion,Kharif,3.0,38.0,12.67,,,,,,,,,,,,,
Tamil Nadu,30. Thoothukudi,2022,Onion,Rabi,5110.0,7053.0,1.38,,,,,,,,,,,,,
Tamil Nadu,30. Thoothukudi,2022,Ragi,Rabi,4.0,18.0,4.5,,,,,,,,,,,,,
Tamil Nadu,30. Thoothukudi,2022,Rice,Autumn,1952.0,7511.0,3.85,,,,,,,,,,,,,
Tamil Nadu,30. Thoothukudi,2022,Rice,Winter,2404.0,9267.0,3.85,,,,,,,,,,,,,
Tamil Nadu,30. Thoothukudi,2022,Sesamum,Kharif,92.0,42.0,0.46,,,,,,,,,,,,,
Tamil Nadu,30. Thoothukudi,2022,Sesamum,Rabi,135.0,73.0,0.54,,,,,,,,,,,,,
Tamil Nadu,30. Thoothukudi,2022,Small millets,Rabi,2.0,1.0,0.5,,,,,,,,,,,,,
Tamil Nadu,30. Thoothukudi,2022,Sunflower,Rabi,2519.0,1298.0,0.52,,,,,,,,,,,,,
Tamil Nadu,30. Thoothukudi,2022,Urad,Kharif,1224.0,1048.0,0.86,,,,,,,,,,,,,
Tamil Nadu,30. Thoothukudi,2022,Urad,Rabi,55478.0,36366.0,0.66,,,,,,,,,,,,,
Tamil Nadu,30. Thoothukudi,2022,Arhar/Tur,Rabi,7.0,7.0,1.0,,,,,,,,,,,,,
Tamil Nadu,30. Thoothukudi,2022,Other Cereals,Rabi,52.0,69.0,1.33,,,,,,,,,,,,,
Tamil Nadu,30. Thoothukudi,2022,Cowpea(Lobia),Rabi,20.0,9.0,0.45,,,,,,,,,,,,,
Tamil Nadu,30. Thoothukudi,2022,Other Rabi pulses,Rabi,4.0,2.0,0.5,,,,,,,,,,,,,
Tamil Nadu,3Tiruchirappalli,2015,Bajra,Kharif,860.0,863.0,1.0,,,,,,,,,,,,,
Tamil Nadu,3Tiruchirappalli,2015,Bajra,Rabi,34.0,83.0,2.44,,,,,,,,,,,,,
Tamil Nadu,3Tiruchirappalli,2015,Castor seed,Kharif,274.0,100.0,0.36,,,,,,,,,,,,,
Tamil Nadu,3Tiruchirappalli,2015,Cotton(lint),Kharif,14518.0,17592.0,1.21,,,,,,,,,,,,,
Tamil Nadu,3Tiruchirappalli,2015,Cotton(lint),Rabi,459.0,1361.0,2.97,,,,,,,,,,,,,
Tamil Nadu,3Tiruchirappalli,2015,Groundnut,Kharif,7062.0,14816.0,2.1,,,,,,,,,,,,,
Tamil Nadu,3Tiruchirappalli,2015,Groundnut,Rabi,2394.0,5798.0,2.42,,,,,,,,,,,,,
Tamil Nadu,3Tiruchirappalli,2015,Horse-gram,Kharif,526.0,311.0,0.59,,,,,,,,,,,,,
Tamil Nadu,3Tiruchirappalli,2015,Horse-gram,Rabi,392.0,229.0,0.58,,,,,,,,,,,,,
Tamil Nadu,3Tiruchirappalli,2015,Jowar,Kharif,22267.0,18660.0,0.84,,,,,,,,,,,,,
Tamil Nadu,3Tiruchirappalli,2015,Jowar,Rabi,5719.0,14383.0,2.51,,,,,,,,,,,,,
Tamil Nadu,3Tiruchirappalli,2015,Maize,Kharif,11657.0,80562.0,6.91,,,,,,,,,,,,,
Tamil Nadu,3Tiruchirappalli,2015,Maize,Rabi,1029.0,7041.0,6.84,,,,,,,,,,,,,
Tamil Nadu,3Tiruchirappalli,2015,Masoor,Kharif,2152.0,2666.0,1.24,,,,,,,,,,,,,
Tamil Nadu,3Tiruchirappalli,2015,Moong(Green Gram),Kharif,233.0,185.0,0.79,,,,,,,,,,,,,
Tamil Nadu,3Tiruchirappalli,2015,Moong(Green Gram),Rabi,804.0,420.0,0.52,,,,,,,,,,,,,
Tamil Nadu,3Tiruchirappalli,2015,Onion,Kharif,1574.0,10488.0,6.66,,,,,,,,,,,,,
Tamil Nadu,3Tiruchirappalli,2015,Onion,Rabi,2264.0,17390.0,7.68,,,,,,,,,,,,,
Tamil Nadu,3Tiruchirappalli,2015,Other Kharif pulses,Kharif,955.0,559.0,0.59,,,,,,,,,,,,,
Tamil Nadu,3Tiruchirappalli,2015,Ragi,Kharif,1.0,3.0,3.0,,,,,,,,,,,,,
Tamil Nadu,3Tiruchirappalli,2015,Rice,Kharif,58571.0,244213.0,4.17,,,,,,,,,,,,,
Tamil Nadu,3Tiruchirappalli,2015,Sesamum,Kharif,54.0,36.0,0.67,,,,,,,,,,,,,
Tamil Nadu,3Tiruchirappalli,2015,Sesamum,Rabi,1117.0,905.0,0.81,,,,,,,,,,,,,
Tamil Nadu,3Tiruchirappalli,2015,Small millets,Kharif,1.0,1.0,1.0,,,,,,,,,,,,,
Tamil Nadu,3Tiruchirappalli,2015,Sunflower,Kharif,191.0,296.0,1.55,,,,,,,,,,,,,
Tamil Nadu,3Tiruchirappalli,2015,Sunflower,Rabi,52.0,52.0,1.0,,,,,,,,,,,,,
Tamil Nadu,3Tiruchirappalli,2015,Urad,Kharif,952.0,659.0,0.69,,,,,,,,,,,,,
Tamil Nadu,3Tiruchirappalli,2015,Urad,Rabi,8313.0,7457.0,0.9,,,,,,,,,,,,,
Tamil Nadu,3Tiruchirappalli,2015,Rapeseed &Mustard,Rabi,1.0,,0.0,,,,,,,,,,,,,
Tamil Nadu,3Tiruchirappalli,2015,Gram,Rabi,22.0,13.0,0.59,,,,,,,,,,,,,
Tamil Nadu,3Tiruchirappalli,2016,Bajra,Kharif,785.0,864.0,1.1,,,,,,,,,,,,,
Tamil Nadu,3Tiruchirappalli,2016,Bajra,Rabi,106.0,54.0,0.51,,,,,,,,,,,,,
Tamil Nadu,3Tiruchirappalli,2016,Castor seed,Kharif,231.0,81.0,0.35,,,,,,,,,,,,,
Tamil Nadu,3Tiruchirappalli,2016,Cotton(lint),Kharif,10655.0,13194.0,1.24,,,,,,,,,,,,,
Tamil Nadu,3Tiruchirappalli,2016,Cotton(lint),Rabi,980.0,1445.0,1.47,,,,,,,,,,,,,
Tamil Nadu,3Tiruchirappalli,2016,Groundnut,Kharif,6229.0,6856.0,1.1,,,,,,,,,,,,,
Tamil Nadu,3Tiruchirappalli,2016,Groundnut,Rabi,1186.0,2452.0,2.07,,,,,,,,,,,,,
Tamil Nadu,3Tiruchirappalli,2016,Horse-gram,Kharif,436.0,139.0,0.32,,,,,,,,,,,,,
Tamil Nadu,3Tiruchirappalli,2016,Horse-gram,Rabi,183.0,59.0,0.32,,,,,,,,,,,,,
Tamil Nadu,3Tiruchirappalli,2016,Jowar,Kharif,17224.0,14325.0,0.83,,,,,,,,,,,,,
Tamil Nadu,3Tiruchirappalli,2016,Jowar,Rabi,4690.0,1303.0,0.28,,,,,,,,,,,,,
Tamil Nadu,3Tiruchirappalli,2016,Maize,Kharif,10949.0,35412.0,3.23,,,,,,,,,,,,,
Tamil Nadu,3Tiruchirappalli,2016,Maize,Rabi,62.0,78.0,1.26,,,,,,,,,,,,,
Tamil Nadu,3Tiruchirappalli,2016,Moong(Green Gram),Kharif,100.0,81.0,0.81,,,,,,,,,,,,,
Tamil Nadu,3Tiruchirappalli,2016,Moong(Green Gram),Rabi,207.0,50.0,0.24,,,,,,,,,,,,,
Tamil Nadu,3Tiruchirappalli,2016,Onion,Kharif,1263.0,10823.0,8.57,,,,,,,,,,,,,
Tamil Nadu,3Tiruchirappalli,2016,Onion,Rabi,2121.0,16313.0,7.69,,,,,,,,,,,,,
Tamil Nadu,3Tiruchirappalli,2016,Ragi,Kharif,1.0,2.0,2.0,,,,,,,,,,,,,
Tamil Nadu,3Tiruchirappalli,2016,Rice,Kharif,27068.0,76591.0,2.83,,,,,,,,,,,,,
Tamil Nadu,3Tiruchirappalli,2016,Sesamum,Kharif,119.0,47.0,0.39,,,,,,,,,,,,,
Tamil Nadu,3Tiruchirappalli,2016,Sesamum,Rabi,870.0,669.0,0.77,,,,,,,,,,,,,
Tamil Nadu,3Tiruchirappalli,2016,Sunflower,Kharif,548.0,470.0,0.86,,,,,,,,,,,,,
Tamil Nadu,3Tiruchirappalli,2016,Sunflower,Rabi,53.0,12.0,0.23,,,,,,,,,,,,,
Tamil Nadu,3Tiruchirappalli,2016,Urad,Kharif,776.0,600.0,0.77,,,,,,,,,,,,,
Tamil Nadu,3Tiruchirappalli,2016,Urad,Rabi,2767.0,1120.0,0.4,,,,,,,,,,,,,
Tamil Nadu,3Tiruchirappalli,2016,Arhar/Tur,Kharif,2726.0,1476.0,0.54,,,,,,,,,,,,,
Tamil Nadu,3Tiruchirappalli,2016,Rapeseed &Mustard,Rabi,1.0,,0.0,,,,,,,,,,,,,
Tamil Nadu,3Tiruchirappalli,2016,Gram,Rabi,12.0,7.0,0.58,,,,,,,,,,,,,
Tamil Nadu,3Tiruchirappalli,2017,Bajra,Kharif,440.0,1141.0,2.59,,,,,,,,,,,,,
Tamil Nadu,3Tiruchirappalli,2017,Bajra,Rabi,77.0,159.0,2.06,,,,,,,,,,,,,
Tamil Nadu,3Tiruchirappalli,2017,Castor seed,Kharif,358.0,134.97,0.38,,,,,,,,,,,,,
Tamil Nadu,3Tiruchirappalli,2017,Cotton(lint),Kharif,14197.0,29.0,0.0,,,,,,,,,,,,,
Tamil Nadu,3Tiruchirappalli,2017,Cotton(lint),Rabi,690.0,2.0,0.0,,,,,,,,,,,,,
Tamil Nadu,3Tiruchirappalli,2017,Groundnut,Kharif,8281.0,23816.0,2.88,,,,,,,,,,,,,
Tamil Nadu,3Tiruchirappalli,2017,Groundnut,Rabi,2101.0,5372.0,2.56,,,,,,,,,,,,,
Tamil Nadu,3Tiruchirappalli,2017,Horse-gram,Kharif,269.0,205.0,0.76,,,,,,,,,,,,,
Tamil Nadu,3Tiruchirappalli,2017,Horse-gram,Rabi,560.0,442.0,0.79,,,,,,,,,,,,,
Tamil Nadu,3Tiruchirappalli,2017,Jowar,Kharif,28756.0,55384.0,1.93,,,,,,,,,,,,,
Tamil Nadu,3Tiruchirappalli,2017,Jowar,Rabi,5236.0,10619.0,2.03,,,,,,,,,,,,,
Tamil Nadu,3Tiruchirappalli,2017,Maize,Kharif,11580.0,120224.0,10.38,,,,,,,,,,,,,
Tamil Nadu,3Tiruchirappalli,2017,Maize,Rabi,689.0,4611.0,6.69,,,,,,,,,,,,,
Tamil Nadu,3Tiruchirappalli,2017,Moong(Green Gram),Kharif,94.0,57.0,0.61,,,,,,,,,,,,,
Tamil Nadu,3Tiruchirappalli,2017,Moong(Green Gram),Rabi,363.0,145.0,0.4,,,,,,,,,,,,,
Tamil Nadu,3Tiruchirappalli,2017,Onion,Kharif,734.0,4068.0,5.54,,,,,,,,,,,,,
Tamil Nadu,3Tiruchirappalli,2017,Onion,Rabi,1325.0,15415.0,11.63,,,,,,,,,,,,,
Tamil Nadu,3Tiruchirappalli,2017,Other Kharif pulses,Kharif,77.0,51.0,0.66,,,,,,,,,,,,,
Tamil Nadu,3Tiruchirappalli,2017,Ragi,Kharif,4.0,14.0,3.5,,,,,,,,,,,,,
Tamil Nadu,3Tiruchirappalli,2017,Ragi,Rabi,1.0,4.0,4.0,,,,,,,,,,,,,
Tamil Nadu,3Tiruchirappalli,2017,Rice,Autumn,3453.0,14972.0,4.34,,,,,,,,,,,,,
Tamil Nadu,3Tiruchirappalli,2017,Rice,Winter,40477.0,211330.0,5.22,,,,,,,,,,,,,
Tamil Nadu,3Tiruchirappalli,2017,Sesamum,Kharif,92.0,39.0,0.42,,,,,,,,,,,,,
Tamil Nadu,3Tiruchirappalli,2017,Sesamum,Rabi,1313.0,986.0,0.75,,,,,,,,,,,,,
Tamil Nadu,3Tiruchirappalli,2017,Small millets,Kharif,4.0,8.0,2.0,,,,,,,,,,,,,
Tamil Nadu,3Tiruchirappalli,2017,Sunflower,Kharif,75.0,146.0,1.95,,,,,,,,,,,,,
Tamil Nadu,3Tiruchirappalli,2017,Sunflower,Rabi,5.0,4.0,0.8,,,,,,,,,,,,,
Tamil Nadu,3Tiruchirappalli,2017,Urad,Kharif,1074.0,978.0,0.91,,,,,,,,,,,,,
Tamil Nadu,3Tiruchirappalli,2017,Urad,Rabi,4482.0,4079.0,0.91,,,,,,,,,,,,,
Tamil Nadu,3Tiruchirappalli,2017,Arhar/Tur,Kharif,2584.0,4395.0,1.7,,,,,,,,,,,,,
Tamil Nadu,3Tiruchirappalli,2017,Other Cereals,Kharif,2.0,,0.0,,,,,,,,,,,,,
Tamil Nadu,3Tiruchirappalli,2017,Cowpea(Lobia),Kharif,357.0,257.0,0.72,,,,,,,,,,,,,
Tamil Nadu,3Tiruchirappalli,2017,Cowpea(Lobia),Rabi,339.0,220.0,0.65,,,,,,,,,,,,,
Tamil Nadu,3Tiruchirappalli,2017,Other Rabi pulses,Rabi,35.0,23.0,0.66,,,,,,,,,,,,,
Tamil Nadu,3Tiruchirappalli,2017,Gram,Rabi,6.0,6.0,1.0,,,,,,,,,,,,,
Tamil Nadu,3Tiruchirappalli,2018,Bajra,Kharif,125.0,247.0,1.98,,,,,,,,,,,,,
Tamil Nadu,3Tiruchirappalli,2018,Bajra,Rabi,189.0,354.0,1.87,,,,,,,,,,,,,
Tamil Nadu,3Tiruchirappalli,2018,Castor seed,Kharif,308.0,111.0,0.36,,,,,,,,,,,,,
Tamil Nadu,3Tiruchirappalli,2018,Cotton(lint),Kharif,5361.0,12017.0,2.24,,,,,,,,,,,,,
Tamil Nadu,3Tiruchirappalli,2018,Cotton(lint),Rabi,3502.0,9095.0,2.6,,,,,,,,,,,,,
Tamil Nadu,3Tiruchirappalli,2018,Groundnut,Kharif,5144.0,16006.0,3.11,,,,,,,,,,,,,
Tamil Nadu,3Tiruchirappalli,2018,Groundnut,Rabi,1439.0,3903.0,2.71,,,,,,,,,,,,,
Tamil Nadu,3Tiruchirappalli,2018,Horse-gram,Kharif,271.0,189.0,0.7,,,,,,,,,,,,,
Tamil Nadu,3Tiruchirappalli,2018,Horse-gram,Rabi,751.0,518.0,0.69,,,,,,,,,,,,,
Tamil Nadu,3Tiruchirappalli,2018,Jowar,Kharif,19443.0,38485.0,1.98,,,,,,,,,,,,,
Tamil Nadu,3Tiruchirappalli,2018,Jowar,Rabi,16654.0,23723.0,1.42,,,,,,,,,,,,,
Tamil Nadu,3Tiruchirappalli,2018,Maize,Kharif,7037.0,53469.0,7.6,,,,,,,,,,,,,
Tamil Nadu,3Tiruchirappalli,2018,Maize,Rabi,8591.0,60119.0,7.0,,,,,,,,,,,,,
Tamil Nadu,3Tiruchirappalli,2018,Moong(Green Gram),Kharif,63.0,42.0,0.67,,,,,,,,,,,,,
Tamil Nadu,3Tiruchirappalli,2018,Moong(Green Gram),Rabi,339.0,139.0,0.41,,,,,,,,,,,,,
Tamil Nadu,3Tiruchirappalli,2018,Onion,Kharif,1829.0,12200.0,6.67,,,,,,,,,,,,,
Tamil Nadu,3Tiruchirappalli,2018,Onion,Rabi,1935.0,13031.0,6.73,,,,,,,,,,,,,
Tamil Nadu,3Tiruchirappalli,2018,Other Kharif pulses,Kharif,81.0,59.0,0.73,,,,,,,,,,,,,
Tamil Nadu,3Tiruchirappalli,2018,Ragi,Kharif,4.0,12.0,3.0,,,,,,,,,,,,,
Tamil Nadu,3Tiruchirappalli,2018,Ragi,Rabi,5.0,18.0,3.6,,,,,,,,,,,,,
Tamil Nadu,3Tiruchirappalli,2018,Rice,Autumn,4105.0,18147.0,4.42,,,,,,,,,,,,,
Tamil Nadu,3Tiruchirappalli,2018,Rice,Winter,38492.0,208599.0,5.42,,,,,,,,,,,,,
Tamil Nadu,3Tiruchirappalli,2018,Sesamum,Kharif,47.0,22.0,0.47,,,,,,,,,,,,,
Tamil Nadu,3Tiruchirappalli,2018,Sesamum,Rabi,1060.0,575.0,0.54,,,,,,,,,,,,,
Tamil Nadu,3Tiruchirappalli,2018,Small millets,Kharif,8.0,14.0,1.75,,,,,,,,,,,,,
Tamil Nadu,3Tiruchirappalli,2018,Sunflower,Kharif,72.0,164.0,2.28,,,,,,,,,,,,,
Tamil Nadu,3Tiruchirappalli,2018,Urad,Kharif,430.0,326.0,0.76,,,,,,,,,,,,,
Tamil Nadu,3Tiruchirappalli,2018,Urad,Rabi,6095.0,4724.0,0.78,,,,,,,,,,,,,
Tamil Nadu,3Tiruchirappalli,2018,Arhar/Tur,Kharif,1577.0,2380.0,1.51,,,,,,,,,,,,,
Tamil Nadu,3Tiruchirappalli,2018,Cowpea(Lobia),Kharif,325.0,256.0,0.79,,,,,,,,,,,,,
Tamil Nadu,3Tiruchirappalli,2018,Cowpea(Lobia),Rabi,488.0,415.0,0.85,,,,,,,,,,,,,
Tamil Nadu,3Tiruchirappalli,2018,Other Rabi pulses,Rabi,32.0,23.0,0.72,,,,,,,,,,,,,
Tamil Nadu,3Tiruchirappalli,2018,Gram,Rabi,3.0,3.0,1.0,,,,,,,,,,,,,
Tamil Nadu,3Tiruchirappalli,2019,Bajra,Kharif,205.0,571.0,2.79,,,,,,,,,,,,,
Tamil Nadu,3Tiruchirappalli,2019,Bajra,Rabi,49.0,128.0,2.61,,,,,,,,,,,,,
Tamil Nadu,3Tiruchirappalli,2019,Castor seed,Kharif,477.0,173.0,0.36,,,,,,,,,,,,,
Tamil Nadu,3Tiruchirappalli,2019,Cotton(lint),Kharif,11428.0,24692.0,2.16,,,,,,,,,,,,,
Tamil Nadu,3Tiruchirappalli,2019,Cotton(lint),Rabi,2046.0,5137.0,2.51,,,,,,,,,,,,,
Tamil Nadu,3Tiruchirappalli,2019,Groundnut,Kharif,6382.0,14190.0,2.22,,,,,,,,,,,,,
Tamil Nadu,3Tiruchirappalli,2019,Groundnut,Rabi,1653.0,4348.0,2.63,,,,,,,,,,,,,
Tamil Nadu,3Tiruchirappalli,2019,Horse-gram,Kharif,154.0,118.0,0.77,,,,,,,,,,,,,
Tamil Nadu,3Tiruchirappalli,2019,Horse-gram,Rabi,739.0,576.0,0.78,,,,,,,,,,,,,
Tamil Nadu,3Tiruchirappalli,2019,Jowar,Kharif,29695.0,47513.0,1.6,,,,,,,,,,,,,
Tamil Nadu,3Tiruchirappalli,2019,Jowar,Rabi,11132.0,18027.0,1.62,,,,,,,,,,,,,
Tamil Nadu,3Tiruchirappalli,2019,Maize,Kharif,9685.0,93520.0,9.66,,,,,,,,,,,,,
Tamil Nadu,3Tiruchirappalli,2019,Maize,Rabi,1876.0,12606.0,6.72,,,,,,,,,,,,,
Tamil Nadu,3Tiruchirappalli,2019,Moong(Green Gram),Kharif,51.0,29.0,0.57,,,,,,,,,,,,,
Tamil Nadu,3Tiruchirappalli,2019,Moong(Green Gram),Rabi,824.0,350.0,0.42,,,,,,,,,,,,,
Tamil Nadu,3Tiruchirappalli,2019,Onion,Kharif,1181.0,9950.0,8.43,,,,,,,,,,,,,
Tamil Nadu,3Tiruchirappalli,2019,Onion,Rabi,2173.0,17433.0,8.02,,,,,,,,,,,,,
Tamil Nadu,3Tiruchirappalli,2019,Other Kharif pulses,Kharif,133.0,98.0,0.74,,,,,,,,,,,,,
Tamil Nadu,3Tiruchirappalli,2019,Ragi,Kharif,6.0,16.0,2.67,,,,,,,,,,,,,
Tamil Nadu,3Tiruchirappalli,2019,Ragi,Rabi,2.0,8.0,4.0,,,,,,,,,,,,,
Tamil Nadu,3Tiruchirappalli,2019,Rice,Autumn,3522.0,18508.0,5.25,,,,,,,,,,,,,
Tamil Nadu,3Tiruchirappalli,2019,Rice,Winter,43131.0,179810.0,4.17,,,,,,,,,,,,,
Tamil Nadu,3Tiruchirappalli,2019,Sesamum,Kharif,23.0,13.0,0.57,,,,,,,,,,,,,
Tamil Nadu,3Tiruchirappalli,2019,Sesamum,Rabi,1669.0,1021.0,0.61,,,,,,,,,,,,,
Tamil Nadu,3Tiruchirappalli,2019,Small millets,Kharif,18.0,33.0,1.83,,,,,,,,,,,,,
Tamil Nadu,3Tiruchirappalli,2019,Sunflower,Rabi,16.0,15.0,0.94,,,,,,,,,,,,,
Tamil Nadu,3Tiruchirappalli,2019,Urad,Kharif,654.0,550.0,0.84,,,,,,,,,,,,,
Tamil Nadu,3Tiruchirappalli,2019,Urad,Rabi,5301.0,4352.0,0.82,,,,,,,,,,,,,
Tamil Nadu,3Tiruchirappalli,2019,Arhar/Tur,Kharif,1314.0,1767.0,1.34,,,,,,,,,,,,,
Tamil Nadu,3Tiruchirappalli,2019,Arhar/Tur,Rabi,106.0,143.0,1.35,,,,,,,,,,,,,
Tamil Nadu,3Tiruchirappalli,2019,Other Cereals,Rabi,6.0,8.0,1.33,,,,,,,,,,,,,
Tamil Nadu,3Tiruchirappalli,2019,Cowpea(Lobia),Kharif,417.0,327.0,0.78,,,,,,,,,,,,,
Tamil Nadu,3Tiruchirappalli,2019,Cowpea(Lobia),Rabi,591.0,415.0,0.7,,,,,,,,,,,,,
Tamil Nadu,3Tiruchirappalli,2019,Other Rabi pulses,Rabi,48.0,41.0,0.85,,,,,,,,,,,,,
Tamil Nadu,3Tiruchirappalli,2019,Gram,Rabi,34.0,31.0,0.91,,,,,,,,,,,,,
Tamil Nadu,3Tiruchirappalli,2020,Bajra,Kharif,128.0,337.0,2.63,,,,,,,,,,,,,
Tamil Nadu,3Tiruchirappalli,2020,Bajra,Rabi,29.0,43.0,1.48,,,,,,,,,,,,,
Tamil Nadu,3Tiruchirappalli,2020,Castor seed,Kharif,622.0,194.0,0.31,,,,,,,,,,,,,
Tamil Nadu,3Tiruchirappalli,2020,Cotton(lint),Kharif,8051.0,13992.0,1.74,,,,,,,,,,,,,
Tamil Nadu,3Tiruchirappalli,2020,Cotton(lint),Rabi,625.0,1509.0,2.41,,,,,,,,,,,,,
Tamil Nadu,3Tiruchirappalli,2020,Groundnut,Kharif,7685.0,18614.0,2.42,,,,,,,,,,,,,
Tamil Nadu,3Tiruchirappalli,2020,Groundnut,Rabi,1520.0,5179.0,3.41,,,,,,,,,,,,,
Tamil Nadu,3Tiruchirappalli,2020,Horse-gram,Kharif,150.0,111.0,0.74,,,,,,,,,,,,,
Tamil Nadu,3Tiruchirappalli,2020,Horse-gram,Rabi,443.0,331.0,0.75,,,,,,,,,,,,,
Tamil Nadu,3Tiruchirappalli,2020,Jowar,Kharif,24952.0,27621.0,1.11,,,,,,,,,,,,,
Tamil Nadu,3Tiruchirappalli,2020,Jowar,Rabi,9607.0,19356.0,2.01,,,,,,,,,,,,,
Tamil Nadu,3Tiruchirappalli,2020,Maize,Kharif,17309.0,91104.0,5.26,,,,,,,,,,,,,
Tamil Nadu,3Tiruchirappalli,2020,Maize,Rabi,1345.0,7108.0,5.28,,,,,,,,,,,,,
Tamil Nadu,3Tiruchirappalli,2020,Moong(Green Gram),Kharif,88.0,77.0,0.88,,,,,,,,,,,,,
Tamil Nadu,3Tiruchirappalli,2020,Moong(Green Gram),Rabi,697.0,196.0,0.28,,,,,,,,,,,,,
Tamil Nadu,3Tiruchirappalli,2020,Onion,Kharif,1763.0,16723.0,9.49,,,,,,,,,,,,,
Tamil Nadu,3Tiruchirappalli,2020,Onion,Rabi,3614.0,36534.0,10.11,,,,,,,,,,,,,
Tamil Nadu,3Tiruchirappalli,2020,Other Kharif pulses,Kharif,118.0,67.0,0.57,,,,,,,,,,,,,
Tamil Nadu,3Tiruchirappalli,2020,Ragi,Kharif,6.0,18.0,3.0,,,,,,,,,,,,,
Tamil Nadu,3Tiruchirappalli,2020,Ragi,Rabi,1.0,8.0,8.0,,,,,,,,,,,,,
Tamil Nadu,3Tiruchirappalli,2020,Rice,Autumn,5104.0,24674.0,4.83,,,,,,,,,,,,,
Tamil Nadu,3Tiruchirappalli,2020,Rice,Winter,44171.0,157141.0,3.56,,,,,,,,,,,,,
Tamil Nadu,3Tiruchirappalli,2020,Sesamum,Kharif,79.0,47.0,0.59,,,,,,,,,,,,,
Tamil Nadu,3Tiruchirappalli,2020,Sesamum,Rabi,1770.0,1278.0,0.72,,,,,,,,,,,,,
Tamil Nadu,3Tiruchirappalli,2020,Small millets,Kharif,10.0,11.0,1.1,,,,,,,,,,,,,
Tamil Nadu,3Tiruchirappalli,2020,Small millets,Rabi,5.0,6.0,1.2,,,,,,,,,,,,,
Tamil Nadu,3Tiruchirappalli,2020,Sunflower,Rabi,21.0,10.0,0.48,,,,,,,,,,,,,
Tamil Nadu,3Tiruchirappalli,2020,Urad,Kharif,641.0,571.0,0.89,,,,,,,,,,,,,
Tamil Nadu,3Tiruchirappalli,2020,Urad,Rabi,4729.0,2365.0,0.5,,,,,,,,,,,,,
Tamil Nadu,3Tiruchirappalli,2020,Arhar/Tur,Kharif,1514.0,1768.0,1.17,,,,,,,,,,,,,
Tamil Nadu,3Tiruchirappalli,2020,Arhar/Tur,Rabi,106.0,124.0,1.17,,,,,,,,,,,,,
Tamil Nadu,3Tiruchirappalli,2020,Other Cereals,Kharif,2.0,3.0,1.5,,,,,,,,,,,,,
Tamil Nadu,3Tiruchirappalli,2020,Other Cereals,Rabi,14.0,19.0,1.36,,,,,,,,,,,,,
Tamil Nadu,3Tiruchirappalli,2020,Cowpea(Lobia),Kharif,329.0,276.0,0.84,,,,,,,,,,,,,
Tamil Nadu,3Tiruchirappalli,2020,Cowpea(Lobia),Rabi,425.0,284.0,0.67,,,,,,,,,,,,,
Tamil Nadu,3Tiruchirappalli,2020,Other Rabi pulses,Rabi,22.0,13.0,0.59,,,,,,,,,,,,,
Tamil Nadu,3Tiruchirappalli,2020,Gram,Rabi,8.0,7.0,0.88,,,,,,,,,,,,,
Tamil Nadu,3Tiruchirappalli,2021,Bajra,Kharif,48.0,121.0,2.52,,,,,,,,,,,,,
Tamil Nadu,3Tiruchirappalli,2021,Bajra,Rabi,5.0,9.0,1.8,,,,,,,,,,,,,
Tamil Nadu,3Tiruchirappalli,2021,Castor seed,Kharif,825.0,291.0,0.35,,,,,,,,,,,,,
Tamil Nadu,3Tiruchirappalli,2021,Cotton(lint),Kharif,9138.0,13030.0,1.43,,,,,,,,,,,,,
Tamil Nadu,3Tiruchirappalli,2021,Cotton(lint),Rabi,2282.0,5443.0,2.39,,,,,,,,,,,,,
Tamil Nadu,3Tiruchirappalli,2021,Groundnut,Kharif,6691.0,7915.0,1.18,,,,,,,,,,,,,
Tamil Nadu,3Tiruchirappalli,2021,Groundnut,Rabi,1675.0,6535.0,3.9,,,,,,,,,,,,,
Tamil Nadu,3Tiruchirappalli,2021,Horse-gram,Kharif,41.0,27.0,0.66,,,,,,,,,,,,,
Tamil Nadu,3Tiruchirappalli,2021,Horse-gram,Rabi,263.0,180.0,0.68,,,,,,,,,,,,,
Tamil Nadu,3Tiruchirappalli,2021,Jowar,Kharif,20728.0,15074.0,0.73,,,,,,,,,,,,,
Tamil Nadu,3Tiruchirappalli,2021,Jowar,Rabi,10658.0,13636.0,1.28,,,,,,,,,,,,,
Tamil Nadu,3Tiruchirappalli,2021,Maize,Kharif,14325.0,129313.0,9.03,,,,,,,,,,,,,
Tamil Nadu,3Tiruchirappalli,2021,Maize,Rabi,4014.0,24359.0,6.07,,,,,,,,,,,,,
Tamil Nadu,3Tiruchirappalli,2021,Moong(Green Gram),Kharif,37.0,30.0,0.81,,,,,,,,,,,,,
Tamil Nadu,3Tiruchirappalli,2021,Moong(Green Gram),Rabi,1049.0,341.0,0.33,,,,,,,,,,,,,
Tamil Nadu,3Tiruchirappalli,2021,Onion,Kharif,2268.0,19098.0,8.42,,,,,,,,,,,,,
Tamil Nadu,3Tiruchirappalli,2021,Onion,Rabi,4506.0,34767.0,7.72,,,,,,,,,,,,,
Tamil Nadu,3Tiruchirappalli,2021,Other Kharif pulses,Kharif,60.0,32.0,0.53,,,,,,,,,,,,,
Tamil Nadu,3Tiruchirappalli,2021,Other Kharif pulses,Rabi,86.0,49.0,0.57,,,,,,,,,,,,,
Tamil Nadu,3Tiruchirappalli,2021,Ragi,Kharif,2.0,8.0,4.0,,,,,,,,,,,,,
Tamil Nadu,3Tiruchirappalli,2021,Ragi,Rabi,6.0,24.0,4.0,,,,,,,,,,,,,
Tamil Nadu,3Tiruchirappalli,2021,Rice,Autumn,6268.0,25783.0,4.11,,,,,,,,,,,,,
Tamil Nadu,3Tiruchirappalli,2021,Rice,Winter,52344.0,190541.0,3.64,,,,,,,,,,,,,
Tamil Nadu,3Tiruchirappalli,2021,Sesamum,Kharif,26.0,17.0,0.65,,,,,,,,,,,,,
Tamil Nadu,3Tiruchirappalli,2021,Sesamum,Rabi,1408.0,1152.0,0.82,,,,,,,,,,,,,
Tamil Nadu,3Tiruchirappalli,2021,Small millets,Kharif,6.0,8.0,1.33,,,,,,,,,,,,,
Tamil Nadu,3Tiruchirappalli,2021,Small millets,Rabi,2.0,3.0,1.5,,,,,,,,,,,,,
Tamil Nadu,3Tiruchirappalli,2021,Sunflower,Kharif,154.0,256.0,1.66,,,,,,,,,,,,,
Tamil Nadu,3Tiruchirappalli,2021,Sunflower,Rabi,46.0,35.0,0.76,,,,,,,,,,,,,
Tamil Nadu,3Tiruchirappalli,2021,Urad,Kharif,352.0,310.0,0.88,,,,,,,,,,,,,
Tamil Nadu,3Tiruchirappalli,2021,Urad,Rabi,5826.0,3381.0,0.58,,,,,,,,,,,,,
Tamil Nadu,3Tiruchirappalli,2021,Arhar/Tur,Kharif,1392.0,808.0,0.58,,,,,,,,,,,,,
Tamil Nadu,3Tiruchirappalli,2021,Arhar/Tur,Rabi,318.0,184.0,0.58,,,,,,,,,,,,,
Tamil Nadu,3Tiruchirappalli,2021,Other Cereals,Rabi,3.0,4.0,1.33,,,,,,,,,,,,,
Tamil Nadu,3Tiruchirappalli,2021,Cowpea(Lobia),Kharif,185.0,145.0,0.78,,,,,,,,,,,,,
Tamil Nadu,3Tiruchirappalli,2021,Cowpea(Lobia),Rabi,434.0,268.0,0.62,,,,,,,,,,,,,
Tamil Nadu,3Tiruchirappalli,2021,Gram,Rabi,2.0,2.0,1.0,,,,,,,,,,,,,
Tamil Nadu,3Tiruchirappalli,2022,Bajra,Kharif,26.0,71.0,2.73,,,,,,,,,,,,,
Tamil Nadu,3Tiruchirappalli,2022,Bajra,Rabi,15.0,29.0,1.93,,,,,,,,,,,,,
Tamil Nadu,3Tiruchirappalli,2022,Castor seed,Kharif,573.0,179.0,0.31,,,,,,,,,,,,,
Tamil Nadu,3Tiruchirappalli,2022,Cotton(lint),Kharif,10339.0,17906.0,1.73,,,,,,,,,,,,,
Tamil Nadu,3Tiruchirappalli,2022,Cotton(lint),Rabi,2563.0,4587.0,1.79,,,,,,,,,,,,,
Tamil Nadu,3Tiruchirappalli,2022,Groundnut,Kharif,5278.0,7290.0,1.38,,,,,,,,,,,,,
Tamil Nadu,3Tiruchirappalli,2022,Groundnut,Rabi,1790.0,6222.0,3.48,,,,,,,,,,,,,
Tamil Nadu,3Tiruchirappalli,2022,Horse-gram,Kharif,34.0,26.0,0.76,,,,,,,,,,,,,
Tamil Nadu,3Tiruchirappalli,2022,Horse-gram,Rabi,297.0,229.0,0.77,,,,,,,,,,,,,
Tamil Nadu,3Tiruchirappalli,2022,Jowar,Kharif,16762.0,8257.0,0.49,,,,,,,,,,,,,
Tamil Nadu,3Tiruchirappalli,2022,Jowar,Rabi,11654.0,22763.0,1.95,,,,,,,,,,,,,
Tamil Nadu,3Tiruchirappalli,2022,Maize,Kharif,14921.0,130576.0,8.75,,,,,,,,,,,,,
Tamil Nadu,3Tiruchirappalli,2022,Maize,Rabi,3535.0,21710.0,6.14,,,,,,,,,,,,,
Tamil Nadu,3Tiruchirappalli,2022,Moong(Green Gram),Kharif,31.0,24.0,0.77,,,,,,,,,,,,,
Tamil Nadu,3Tiruchirappalli,2022,Moong(Green Gram),Rabi,1092.0,334.0,0.31,,,,,,,,,,,,,
Tamil Nadu,3Tiruchirappalli,2022,Onion,Kharif,2069.0,16007.0,7.74,,,,,,,,,,,,,
Tamil Nadu,3Tiruchirappalli,2022,Onion,Rabi,3918.0,26096.0,6.66,,,,,,,,,,,,,
Tamil Nadu,3Tiruchirappalli,2022,Other Kharif pulses,Kharif,116.0,63.0,0.54,,,,,,,,,,,,,
Tamil Nadu,3Tiruchirappalli,2022,Ragi,Kharif,3.0,8.0,2.67,,,,,,,,,,,,,
Tamil Nadu,3Tiruchirappalli,2022,Rice,Autumn,6539.0,27023.0,4.13,,,,,,,,,,,,,
Tamil Nadu,3Tiruchirappalli,2022,Rice,Winter,56027.0,207337.0,3.7,,,,,,,,,,,,,
Tamil Nadu,3Tiruchirappalli,2022,Sesamum,Kharif,62.0,28.0,0.45,,,,,,,,,,,,,
Tamil Nadu,3Tiruchirappalli,2022,Sesamum,Rabi,1373.0,891.0,0.65,,,,,,,,,,,,,
Tamil Nadu,3Tiruchirappalli,2022,Small millets,Kharif,1.0,2.0,2.0,,,,,,,,,,,,,
Tamil Nadu,3Tiruchirappalli,2022,Small millets,Rabi,1.0,2.0,2.0,,,,,,,,,,,,,
Tamil Nadu,3Tiruchirappalli,2022,Sunflower,Kharif,518.0,976.0,1.88,,,,,,,,,,,,,
Tamil Nadu,3Tiruchirappalli,2022,Sunflower,Rabi,136.0,277.0,2.04,,,,,,,,,,,,,
Tamil Nadu,3Tiruchirappalli,2022,Urad,Kharif,1628.0,1394.0,0.86,,,,,,,,,,,,,
Tamil Nadu,3Tiruchirappalli,2022,Urad,Rabi,4867.0,3330.0,0.68,,,,,,,,,,,,,
Tamil Nadu,3Tiruchirappalli,2022,Arhar/Tur,Kharif,917.0,952.0,1.04,,,,,,,,,,,,,
Tamil Nadu,3Tiruchirappalli,2022,Arhar/Tur,Rabi,283.0,294.0,1.04,,,,,,,,,,,,,
Tamil Nadu,3Tiruchirappalli,2022,Cowpea(Lobia),Kharif,161.0,129.0,0.8,,,,,,,,,,,,,
Tamil Nadu,3Tiruchirappalli,2022,Cowpea(Lobia),Rabi,417.0,196.0,0.47,,,,,,,,,,,,,
Tamil Nadu,3Tiruchirappalli,2022,Other Rabi pulses,Rabi,161.0,97.0,0.6,,,,,,,,,,,,,
Tamil Nadu,32. Tirunelveli,2015,Bajra,Kharif,69.0,186.0,2.7,,,,,,,,,,,,,
Tamil Nadu,32. Tirunelveli,2015,Bajra,Rabi,102.0,249.0,2.44,,,,,,,,,,,,,
Tamil Nadu,32. Tirunelveli,2015,Castor seed,Kharif,7.0,2.0,0.29,,,,,,,,,,,,,
Tamil Nadu,32. Tirunelveli,2015,Cotton(lint),Kharif,1220.0,4744.0,3.89,,,,,,,,,,,,,
Tamil Nadu,32. Tirunelveli,2015,Cotton(lint),Rabi,2922.0,11911.0,4.08,,,,,,,,,,,,,
Tamil Nadu,32. Tirunelveli,2015,Groundnut,Kharif,817.0,1777.0,2.18,,,,,,,,,,,,,
Tamil Nadu,32. Tirunelveli,2015,Groundnut,Rabi,1204.0,3965.0,3.29,,,,,,,,,,,,,
Tamil Nadu,32. Tirunelveli,2015,Horse-gram,Kharif,2.0,1.0,0.5,,,,,,,,,,,,,
Tamil Nadu,32. Tirunelveli,2015,Horse-gram,Rabi,9.0,5.0,0.56,,,,,,,,,,,,,
Tamil Nadu,32. Tirunelveli,2015,Jowar,Kharif,2340.0,9058.0,3.87,,,,,,,,,,,,,
Tamil Nadu,32. Tirunelveli,2015,Jowar,Rabi,348.0,559.0,1.61,,,,,,,,,,,,,
Tamil Nadu,32. Tirunelveli,2015,Maize,Kharif,1406.0,10337.0,7.35,,,,,,,,,,,,,
Tamil Nadu,32. Tirunelveli,2015,Maize,Rabi,9520.0,65364.0,6.87,,,,,,,,,,,,,
Tamil Nadu,32. Tirunelveli,2015,Masoor,Kharif,84.0,85.0,1.01,,,,,,,,,,,,,
Tamil Nadu,32. Tirunelveli,2015,Moong(Green Gram),Kharif,390.0,309.0,0.79,,,,,,,,,,,,,
Tamil Nadu,32. Tirunelveli,2015,Moong(Green Gram),Rabi,7003.0,4902.0,0.7,,,,,,,,,,,,,
Tamil Nadu,32. Tirunelveli,2015,Onion,Kharif,2138.0,26019.0,12.17,,,,,,,,,,,,,
Tamil Nadu,32. Tirunelveli,2015,Onion,Rabi,117.0,759.0,6.49,,,,,,,,,,,,,
Tamil Nadu,32. Tirunelveli,2015,Other Kharif pulses,Kharif,1051.0,615.0,0.59,,,,,,,,,,,,,
Tamil Nadu,32. Tirunelveli,2015,Ragi,Kharif,65.0,194.0,2.98,,,,,,,,,,,,,
Tamil Nadu,32. Tirunelveli,2015,Ragi,Rabi,46.0,167.0,3.63,,,,,,,,,,,,,
Tamil Nadu,32. Tirunelveli,2015,Rice,Kharif,98506.0,488445.0,4.96,,,,,,,,,,,,,
Tamil Nadu,32. Tirunelveli,2015,Sesamum,Kharif,561.0,220.0,0.39,,,,,,,,,,,,,
Tamil Nadu,32. Tirunelveli,2015,Sesamum,Rabi,382.0,236.0,0.62,,,,,,,,,,,,,
Tamil Nadu,32. Tirunelveli,2015,Small millets,Kharif,148.0,127.0,0.86,,,,,,,,,,,,,
Tamil Nadu,32. Tirunelveli,2015,Small millets,Rabi,33.0,49.0,1.48,,,,,,,,,,,,,
Tamil Nadu,32. Tirunelveli,2015,Sunflower,Kharif,53.0,75.0,1.42,,,,,,,,,,,,,
Tamil Nadu,32. Tirunelveli,2015,Sunflower,Rabi,184.0,304.0,1.65,,,,,,,,,,,,,
Tamil Nadu,32. Tirunelveli,2015,Urad,Kharif,3239.0,2241.0,0.69,,,,,,,,,,,,,
Tamil Nadu,32. Tirunelveli,2015,Urad,Rabi,18521.0,11242.0,0.61,,,,,,,,,,,,,
Tamil Nadu,32. Tirunelveli,2016,Bajra,Kharif,48.0,142.0,2.96,,,,,,,,,,,,,
Tamil Nadu,32. Tirunelveli,2016,Bajra,Rabi,6.0,3.0,0.5,,,,,,,,,,,,,
Tamil Nadu,32. Tirunelveli,2016,Castor seed,Kharif,1.0,,0.0,,,,,,,,,,,,,
Tamil Nadu,32. Tirunelveli,2016,Cotton(lint),Kharif,1055.0,3248.0,3.08,,,,,,,,,,,,,
Tamil Nadu,32. Tirunelveli,2016,Cotton(lint),Rabi,2607.0,2182.0,0.84,,,,,,,,,,,,,
Tamil Nadu,32. Tirunelveli,2016,Groundnut,Kharif,738.0,1157.0,1.57,,,,,,,,,,,,,
Tamil Nadu,32. Tirunelveli,2016,Groundnut,Rabi,104.0,251.0,2.41,,,,,,,,,,,,,
Tamil Nadu,32. Tirunelveli,2016,Horse-gram,Kharif,1.0,1.0,1.0,,,,,,,,,,,,,
Tamil Nadu,32. Tirunelveli,2016,Horse-gram,Rabi,1.0,,0.0,,,,,,,,,,,,,
Tamil Nadu,32. Tirunelveli,2016,Jowar,Kharif,1961.0,1627.0,0.83,,,,,,,,,,,,,
Tamil Nadu,32. Tirunelveli,2016,Jowar,Rabi,118.0,40.0,0.34,,,,,,,,,,,,,
Tamil Nadu,32. Tirunelveli,2016,Maize,Kharif,288.0,1311.0,4.55,,,,,,,,,,,,,
Tamil Nadu,32. Tirunelveli,2016,Maize,Rabi,12226.0,5351.0,0.44,,,,,,,,,,,,,
Tamil Nadu,32. Tirunelveli,2016,Moong(Green Gram),Kharif,192.0,155.0,0.81,,,,,,,,,,,,,
Tamil Nadu,32. Tirunelveli,2016,Moong(Green Gram),Rabi,6553.0,45.0,0.01,,,,,,,,,,,,,
Tamil Nadu,32. Tirunelveli,2016,Onion,Kharif,2300.0,23753.0,10.33,,,,,,,,,,,,,
Tamil Nadu,32. Tirunelveli,2016,Onion,Rabi,194.0,982.0,5.06,,,,,,,,,,,,,
Tamil Nadu,32. Tirunelveli,2016,Ragi,Kharif,8.0,13.0,1.63,,,,,,,,,,,,,
Tamil Nadu,32. Tirunelveli,2016,Ragi,Rabi,2.0,6.0,3.0,,,,,,,,,,,,,
Tamil Nadu,32. Tirunelveli,2016,Rice,Kharif,29881.0,105193.0,3.52,,,,,,,,,,,,,
Tamil Nadu,32. Tirunelveli,2016,Sesamum,Kharif,126.0,50.0,0.4,,,,,,,,,,,,,
Tamil Nadu,32. Tirunelveli,2016,Sesamum,Rabi,82.0,31.0,0.38,,,,,,,,,,,,,
Tamil Nadu,32. Tirunelveli,2016,Sunflower,Kharif,116.0,99.0,0.85,,,,,,,,,,,,,
Tamil Nadu,32. Tirunelveli,2016,Sunflower,Rabi,12.0,3.0,0.25,,,,,,,,,,,,,
Tamil Nadu,32. Tirunelveli,2016,Urad,Kharif,2473.0,1911.0,0.77,,,,,,,,,,,,,
Tamil Nadu,32. Tirunelveli,2016,Urad,Rabi,24781.0,1162.0,0.05,,,,,,,,,,,,,
Tamil Nadu,32. Tirunelveli,2016,Arhar/Tur,Kharif,31.0,20.0,0.65,,,,,,,,,,,,,
Tamil Nadu,32. Tirunelveli,2016,Other Cereals,Kharif,15.0,,0.0,,,,,,,,,,,,,
Tamil Nadu,32. Tirunelveli,2016,Other Cereals,Rabi,15.0,,0.0,,,,,,,,,,,,,
Tamil Nadu,32. Tirunelveli,2017,Bajra,Rabi,140.0,289.0,2.06,,,,,,,,,,,,,
Tamil Nadu,32. Tirunelveli,2017,Castor seed,Kharif,1.0,,0.0,,,,,,,,,,,,,
Tamil Nadu,32. Tirunelveli,2017,Cotton(lint),Kharif,1220.0,4.0,0.0,,,,,,,,,,,,,
Tamil Nadu,32. Tirunelveli,2017,Cotton(lint),Rabi,2333.0,4.0,0.0,,,,,,,,,,,,,
Tamil Nadu,32. Tirunelveli,2017,Groundnut,Kharif,267.0,657.0,2.46,,,,,,,,,,,,,
Tamil Nadu,32. Tirunelveli,2017,Groundnut,Rabi,303.0,1187.0,3.92,,,,,,,,,,,,,
Tamil Nadu,32. Tirunelveli,2017,Horse-gram,Rabi,4.0,3.0,0.75,,,,,,,,,,,,,
Tamil Nadu,32. Tirunelveli,2017,Jowar,Kharif,318.0,1153.0,3.63,,,,,,,,,,,,,
Tamil Nadu,32. Tirunelveli,2017,Jowar,Rabi,75.0,81.0,1.08,,,,,,,,,,,,,
Tamil Nadu,32. Tirunelveli,2017,Maize,Kharif,1836.0,16926.0,9.22,,,,,,,,,,,,,
Tamil Nadu,32. Tirunelveli,2017,Maize,Rabi,9776.0,53045.0,5.43,,,,,,,,,,,,,
Tamil Nadu,32. Tirunelveli,2017,Moong(Green Gram),Kharif,13.0,8.0,0.62,,,,,,,,,,,,,
Tamil Nadu,32. Tirunelveli,2017,Moong(Green Gram),Rabi,5048.0,1343.0,0.27,,,,,,,,,,,,,
Tamil Nadu,32. Tirunelveli,2017,Onion,Kharif,148.0,1477.0,9.98,,,,,,,,,,,,,
Tamil Nadu,32. Tirunelveli,2017,Onion,Rabi,53.0,493.0,9.3,,,,,,,,,,,,,
Tamil Nadu,32. Tirunelveli,2017,Ragi,Kharif,1.0,3.0,3.0,,,,,,,,,,,,,
Tamil Nadu,32. Tirunelveli,2017,Ragi,Rabi,24.0,107.0,4.46,,,,,,,,,,,,,
Tamil Nadu,32. Tirunelveli,2017,Rice,Autumn,1735.0,7204.0,4.15,,,,,,,,,,,,,
Tamil Nadu,32. Tirunelveli,2017,Rice,Winter,36358.0,174046.0,4.79,,,,,,,,,,,,,
Tamil Nadu,32. Tirunelveli,2017,Sesamum,Kharif,101.0,43.0,0.43,,,,,,,,,,,,,
Tamil Nadu,32. Tirunelveli,2017,Sesamum,Rabi,311.0,191.0,0.61,,,,,,,,,,,,,
Tamil Nadu,32. Tirunelveli,2017,Small millets,Kharif,2.0,,0.0,,,,,,,,,,,,,
Tamil Nadu,32. Tirunelveli,2017,Small millets,Rabi,1.0,1.0,1.0,,,,,,,,,,,,,
Tamil Nadu,32. Tirunelveli,2017,Sunflower,Kharif,9.0,18.0,2.0,,,,,,,,,,,,,
Tamil Nadu,32. Tirunelveli,2017,Sunflower,Rabi,29.0,15.0,0.52,,,,,,,,,,,,,
Tamil Nadu,32. Tirunelveli,2017,Urad,Kharif,284.0,167.0,0.59,,,,,,,,,,,,,
Tamil Nadu,32. Tirunelveli,2017,Urad,Rabi,29913.0,17290.0,0.58,,,,,,,,,,,,,
Tamil Nadu,32. Tirunelveli,2017,Arhar/Tur,Kharif,12.0,13.0,1.08,,,,,,,,,,,,,
Tamil Nadu,32. Tirunelveli,2017,Other Cereals,Kharif,22.0,29.0,1.32,,,,,,,,,,,,,
Tamil Nadu,32. Tirunelveli,2017,Cowpea(Lobia),Kharif,7.0,5.0,0.71,,,,,,,,,,,,,
Tamil Nadu,32. Tirunelveli,2017,Cowpea(Lobia),Rabi,239.0,155.0,0.65,,,,,,,,,,,,,
Tamil Nadu,32. Tirunelveli,2018,Bajra,Kharif,76.0,216.0,2.84,,,,,,,,,,,,,
Tamil Nadu,32. Tirunelveli,2018,Bajra,Rabi,151.0,282.0,1.87,,,,,,,,,,,,,
Tamil Nadu,32. Tirunelveli,2018,Cotton(lint),Kharif,821.0,1955.0,2.38,,,,,,,,,,,,,
Tamil Nadu,32. Tirunelveli,2018,Cotton(lint),Rabi,3139.0,4896.0,1.56,,,,,,,,,,,,,
Tamil Nadu,32. Tirunelveli,2018,Groundnut,Kharif,488.0,1057.0,2.17,,,,,,,,,,,,,
Tamil Nadu,32. Tirunelveli,2018,Groundnut,Rabi,308.0,1073.0,3.48,,,,,,,,,,,,,
Tamil Nadu,32. Tirunelveli,2018,Jowar,Kharif,2059.0,8133.0,3.95,,,,,,,,,,,,,
Tamil Nadu,32. Tirunelveli,2018,Jowar,Rabi,56.0,70.0,1.25,,,,,,,,,,,,,
Tamil Nadu,32. Tirunelveli,2018,Maize,Kharif,326.0,3413.0,10.47,,,,,,,,,,,,,
Tamil Nadu,32. Tirunelveli,2018,Maize,Rabi,13176.0,115769.0,8.79,,,,,,,,,,,,,
Tamil Nadu,32. Tirunelveli,2018,Moong(Green Gram),Kharif,40.0,27.0,0.68,,,,,,,,,,,,,
Tamil Nadu,32. Tirunelveli,2018,Moong(Green Gram),Rabi,3455.0,451.0,0.13,,,,,,,,,,,,,
Tamil Nadu,32. Tirunelveli,2018,Onion,Kharif,1071.0,14979.0,13.99,,,,,,,,,,,,,
Tamil Nadu,32. Tirunelveli,2018,Onion,Rabi,72.0,409.0,5.68,,,,,,,,,,,,,
Tamil Nadu,32. Tirunelveli,2018,Other Kharif pulses,Kharif,12.0,6.0,0.5,,,,,,,,,,,,,
Tamil Nadu,32. Tirunelveli,2018,Ragi,Kharif,7.0,24.0,3.43,,,,,,,,,,,,,
Tamil Nadu,32. Tirunelveli,2018,Ragi,Rabi,6.0,20.0,3.33,,,,,,,,,,,,,
Tamil Nadu,32. Tirunelveli,2018,Rice,Autumn,14351.0,62674.0,4.37,,,,,,,,,,,,,
Tamil Nadu,32. Tirunelveli,2018,Rice,Winter,37557.0,175160.0,4.66,,,,,,,,,,,,,
Tamil Nadu,32. Tirunelveli,2018,Sesamum,Kharif,1186.0,564.0,0.48,,,,,,,,,,,,,
Tamil Nadu,32. Tirunelveli,2018,Sesamum,Rabi,393.0,223.0,0.57,,,,,,,,,,,,,
Tamil Nadu,32. Tirunelveli,2018,Sunflower,Kharif,100.0,173.0,1.73,,,,,,,,,,,,,
Tamil Nadu,32. Tirunelveli,2018,Sunflower,Rabi,22.0,13.0,0.59,,,,,,,,,,,,,
Tamil Nadu,32. Tirunelveli,2018,Urad,Kharif,989.0,751.0,0.76,,,,,,,,,,,,,
Tamil Nadu,32. Tirunelveli,2018,Urad,Rabi,32879.0,24655.0,0.75,,,,,,,,,,,,,
Tamil Nadu,32. Tirunelveli,2018,Arhar/Tur,Kharif,1.0,1.0,1.0,,,,,,,,,,,,,
Tamil Nadu,32. Tirunelveli,2018,Other Cereals,Kharif,11.0,15.0,1.36,,,,,,,,,,,,,
Tamil Nadu,32. Tirunelveli,2018,Other Cereals,Rabi,12.0,28.0,2.33,,,,,,,,,,,,,
Tamil Nadu,32. Tirunelveli,2018,Cowpea(Lobia),Kharif,9.0,7.0,0.78,,,,,,,,,,,,,
Tamil Nadu,32. Tirunelveli,2018,Cowpea(Lobia),Rabi,308.0,262.0,0.85,,,,,,,,,,,,,
Tamil Nadu,32. Tirunelveli,2019,Bajra,Kharif,1.0,2.0,2.0,,,,,,,,,,,,,
Tamil Nadu,32. Tirunelveli,2019,Bajra,Rabi,109.0,286.0,2.62,,,,,,,,,,,,,
Tamil Nadu,32. Tirunelveli,2019,Castor seed,Kharif,3.0,1.0,0.33,,,,,,,,,,,,,
Tamil Nadu,32. Tirunelveli,2019,Cotton(lint),Kharif,985.0,2398.0,2.43,,,,,,,,,,,,,
Tamil Nadu,32. Tirunelveli,2019,Cotton(lint),Rabi,3452.0,4805.0,1.39,,,,,,,,,,,,,
Tamil Nadu,32. Tirunelveli,2019,Groundnut,Kharif,534.0,1325.0,2.48,,,,,,,,,,,,,
Tamil Nadu,32. Tirunelveli,2019,Groundnut,Rabi,618.0,2312.0,3.74,,,,,,,,,,,,,
Tamil Nadu,32. Tirunelveli,2019,Horse-gram,Kharif,3.0,3.0,1.0,,,,,,,,,,,,,
Tamil Nadu,32. Tirunelveli,2019,Horse-gram,Rabi,4.0,3.0,0.75,,,,,,,,,,,,,
Tamil Nadu,32. Tirunelveli,2019,Jowar,Kharif,3020.0,3604.0,1.19,,,,,,,,,,,,,
Tamil Nadu,32. Tirunelveli,2019,Jowar,Rabi,93.0,103.0,1.11,,,,,,,,,,,,,
Tamil Nadu,32. Tirunelveli,2019,Maize,Kharif,79.0,698.0,8.84,,,,,,,,,,,,,
Tamil Nadu,32. Tirunelveli,2019,Maize,Rabi,13811.0,62889.0,4.55,,,,,,,,,,,,,
Tamil Nadu,32. Tirunelveli,2019,Moong(Green Gram),Kharif,14.0,8.0,0.57,,,,,,,,,,,,,
Tamil Nadu,32. Tirunelveli,2019,Moong(Green Gram),Rabi,3285.0,948.0,0.29,,,,,,,,,,,,,
Tamil Nadu,32. Tirunelveli,2019,Onion,Kharif,988.0,14109.0,14.28,,,,,,,,,,,,,
Tamil Nadu,32. Tirunelveli,2019,Onion,Rabi,80.0,558.0,6.98,,,,,,,,,,,,,
Tamil Nadu,32. Tirunelveli,2019,Ragi,Kharif,10.0,29.0,2.9,,,,,,,,,,,,,
Tamil Nadu,32. Tirunelveli,2019,Ragi,Rabi,12.0,50.0,4.17,,,,,,,,,,,,,
Tamil Nadu,32. Tirunelveli,2019,Rice,Autumn,2296.0,9462.0,4.12,,,,,,,,,,,,,
Tamil Nadu,32. Tirunelveli,2019,Rice,Winter,43137.0,174433.0,4.04,,,,,,,,,,,,,
Tamil Nadu,32. Tirunelveli,2019,Sesamum,Kharif,283.0,157.0,0.55,,,,,,,,,,,,,
Tamil Nadu,32. Tirunelveli,2019,Sesamum,Rabi,82.0,59.0,0.72,,,,,,,,,,,,,
Tamil Nadu,32. Tirunelveli,2019,Small millets,Kharif,1.0,,0.0,,,,,,,,,,,,,
Tamil Nadu,32. Tirunelveli,2019,Sunflower,Kharif,29.0,29.0,1.0,,,,,,,,,,,,,
Tamil Nadu,32. Tirunelveli,2019,Sunflower,Rabi,73.0,66.0,0.9,,,,,,,,,,,,,
Tamil Nadu,32. Tirunelveli,2019,Urad,Kharif,758.0,637.0,0.84,,,,,,,,,,,,,
Tamil Nadu,32. Tirunelveli,2019,Urad,Rabi,35336.0,24960.0,0.71,,,,,,,,,,,,,
Tamil Nadu,32. Tirunelveli,2019,Arhar/Tur,Kharif,1.0,1.0,1.0,,,,,,,,,,,,,
Tamil Nadu,32. Tirunelveli,2019,Arhar/Tur,Rabi,1.0,1.0,1.0,,,,,,,,,,,,,
Tamil Nadu,32. Tirunelveli,2019,Other Cereals,Kharif,21.0,28.0,1.33,,,,,,,,,,,,,
Tamil Nadu,32. Tirunelveli,2019,Other Cereals,Rabi,7.0,9.0,1.29,,,,,,,,,,,,,
Tamil Nadu,32. Tirunelveli,2019,Cowpea(Lobia),Kharif,15.0,12.0,0.8,,,,,,,,,,,,,
Tamil Nadu,32. Tirunelveli,2019,Cowpea(Lobia),Rabi,345.0,243.0,0.7,,,,,,,,,,,,,
Tamil Nadu,32. Tirunelveli,2019,Other Rabi pulses,Rabi,1.0,1.0,1.0,,,,,,,,,,,,,
Tamil Nadu,32. Tirunelveli,2020,Bajra,Rabi,10.0,16.0,1.6,,,,,,,,,,,,,
Tamil Nadu,32. Tirunelveli,2020,Cotton(lint),Kharif,630.0,1228.0,1.95,,,,,,,,,,,,,
Tamil Nadu,32. Tirunelveli,2020,Cotton(lint),Rabi,226.0,546.0,2.42,,,,,,,,,,,,,
Tamil Nadu,32. Tirunelveli,2020,Groundnut,Kharif,144.0,307.0,2.13,,,,,,,,,,,,,
Tamil Nadu,32. Tirunelveli,2020,Groundnut,Rabi,624.0,2014.0,3.23,,,,,,,,,,,,,
Tamil Nadu,32. Tirunelveli,2020,Horse-gram,Kharif,6.0,4.0,0.67,,,,,,,,,,,,,
Tamil Nadu,32. Tirunelveli,2020,Horse-gram,Rabi,5.0,4.0,0.8,,,,,,,,,,,,,
Tamil Nadu,32. Tirunelveli,2020,Jowar,Kharif,189.0,215.0,1.14,,,,,,,,,,,,,
Tamil Nadu,32. Tirunelveli,2020,Jowar,Rabi,1.0,1.0,1.0,,,,,,,,,,,,,
Tamil Nadu,32. Tirunelveli,2020,Maize,Kharif,72.0,527.0,7.32,,,,,,,,,,,,,
Tamil Nadu,32. Tirunelveli,2020,Maize,Rabi,336.0,1778.0,5.29,,,,,,,,,,,,,
Tamil Nadu,32. Tirunelveli,2020,Moong(Green Gram),Kharif,1.0,1.0,1.0,,,,,,,,,,,,,
Tamil Nadu,32. Tirunelveli,2020,Moong(Green Gram),Rabi,125.0,35.0,0.28,,,,,,,,,,,,,
Tamil Nadu,32. Tirunelveli,2020,Onion,Kharif,39.0,360.0,9.23,,,,,,,,,,,,,
Tamil Nadu,32. Tirunelveli,2020,Onion,Rabi,5.0,30.0,6.0,,,,,,,,,,,,,
Tamil Nadu,32. Tirunelveli,2020,Ragi,Kharif,3.0,10.0,3.33,,,,,,,,,,,,,
Tamil Nadu,32. Tirunelveli,2020,Ragi,Rabi,2.0,8.0,4.0,,,,,,,,,,,,,
Tamil Nadu,32. Tirunelveli,2020,Rice,Autumn,4075.0,19074.0,4.68,,,,,,,,,,,,,
Tamil Nadu,32. Tirunelveli,2020,Rice,Winter,12124.0,55265.0,4.56,,,,,,,,,,,,,
Tamil Nadu,32. Tirunelveli,2020,Sesamum,Kharif,117.0,70.0,0.6,,,,,,,,,,,,,
Tamil Nadu,32. Tirunelveli,2020,Sesamum,Rabi,22.0,14.0,0.64,,,,,,,,,,,,,
Tamil Nadu,32. Tirunelveli,2020,Sunflower,Kharif,4.0,7.0,1.75,,,,,,,,,,,,,
Tamil Nadu,32. Tirunelveli,2020,Urad,Kharif,786.0,700.0,0.89,,,,,,,,,,,,,
Tamil Nadu,32. Tirunelveli,2020,Urad,Rabi,8983.0,7712.0,0.86,,,,,,,,,,,,,
Tamil Nadu,32. Tirunelveli,2020,Arhar/Tur,Rabi,1.0,1.0,1.0,,,,,,,,,,,,,
Tamil Nadu,32. Tirunelveli,2020,Other Cereals,Kharif,30.0,40.0,1.33,,,,,,,,,,,,,
Tamil Nadu,32. Tirunelveli,2020,Other Cereals,Rabi,7.0,9.0,1.29,,,,,,,,,,,,,
Tamil Nadu,32. Tirunelveli,2020,Cowpea(Lobia),Kharif,1.0,1.0,1.0,,,,,,,,,,,,,
Tamil Nadu,32. Tirunelveli,2020,Cowpea(Lobia),Rabi,27.0,18.0,0.67,,,,,,,,,,,,,
Tamil Nadu,32. Tirunelveli,2021,Castor seed,Kharif,1.0,0.0,0.0,,,,,,,,,,,,,
Tamil Nadu,32. Tirunelveli,2021,Cotton(lint),Kharif,561.0,909.0,1.62,,,,,,,,,,,,,
Tamil Nadu,32. Tirunelveli,2021,Cotton(lint),Rabi,185.0,441.0,2.38,,,,,,,,,,,,,
Tamil Nadu,32. Tirunelveli,2021,Groundnut,Kharif,211.0,479.0,2.27,,,,,,,,,,,,,
Tamil Nadu,32. Tirunelveli,2021,Groundnut,Rabi,465.0,1812.0,3.9,,,,,,,,,,,,,
Tamil Nadu,32. Tirunelveli,2021,Horse-gram,Rabi,1.0,1.0,1.0,,,,,,,,,,,,,
Tamil Nadu,32. Tirunelveli,2021,Jowar,Kharif,201.0,215.0,1.07,,,,,,,,,,,,,
Tamil Nadu,32. Tirunelveli,2021,Jowar,Rabi,46.0,35.0,0.76,,,,,,,,,,,,,
Tamil Nadu,32. Tirunelveli,2021,Maize,Kharif,118.0,947.0,8.03,,,,,,,,,,,,,
Tamil Nadu,32. Tirunelveli,2021,Maize,Rabi,233.0,1414.0,6.07,,,,,,,,,,,,,
Tamil Nadu,32. Tirunelveli,2021,Moong(Green Gram),Rabi,113.0,37.0,0.33,,,,,,,,,,,,,
Tamil Nadu,32. Tirunelveli,2021,Onion,Kharif,33.0,300.0,9.09,,,,,,,,,,,,,
Tamil Nadu,32. Tirunelveli,2021,Onion,Rabi,16.0,98.0,6.13,,,,,,,,,,,,,
Tamil Nadu,32. Tirunelveli,2021,Ragi,Rabi,2.0,9.0,4.5,,,,,,,,,,,,,
Tamil Nadu,32. Tirunelveli,2021,Rice,Autumn,14491.0,61721.0,4.26,,,,,,,,,,,,,
Tamil Nadu,32. Tirunelveli,2021,Rice,Winter,20027.0,84073.0,4.2,,,,,,,,,,,,,
Tamil Nadu,32. Tirunelveli,2021,Sesamum,Kharif,13.0,9.0,0.69,,,,,,,,,,,,,
Tamil Nadu,32. Tirunelveli,2021,Sesamum,Rabi,4.0,1.0,0.25,,,,,,,,,,,,,
Tamil Nadu,32. Tirunelveli,2021,Sunflower,Kharif,49.0,85.0,1.73,,,,,,,,,,,,,
Tamil Nadu,32. Tirunelveli,2021,Sunflower,Rabi,2.0,2.0,1.0,,,,,,,,,,,,,
Tamil Nadu,32. Tirunelveli,2021,Urad,Kharif,1447.0,1274.0,0.88,,,,,,,,,,,,,
Tamil Nadu,32. Tirunelveli,2021,Urad,Rabi,8565.0,5970.0,0.7,,,,,,,,,,,,,
Tamil Nadu,32. Tirunelveli,2021,Other Cereals,Kharif,9.0,12.0,1.33,,,,,,,,,,,,,
Tamil Nadu,32. Tirunelveli,2021,Other Cereals,Rabi,3.0,4.0,1.33,,,,,,,,,,,,,
Tamil Nadu,32. Tirunelveli,2021,Cowpea(Lobia),Kharif,2.0,2.0,1.0,,,,,,,,,,,,,
Tamil Nadu,32. Tirunelveli,2021,Cowpea(Lobia),Rabi,22.0,13.0,0.59,,,,,,,,,,,,,
Tamil Nadu,32. Tirunelveli,2022,Bajra,Kharif,3.0,10.0,3.33,,,,,,,,,,,,,
Tamil Nadu,32. Tirunelveli,2022,Bajra,Rabi,2.0,3.0,1.5,,,,,,,,,,,,,
Tamil Nadu,32. Tirunelveli,2022,Cotton(lint),Kharif,845.0,1610.0,1.91,,,,,,,,,,,,,
Tamil Nadu,32. Tirunelveli,2022,Cotton(lint),Rabi,298.0,533.0,1.79,,,,,,,,,,,,,
Tamil Nadu,32. Tirunelveli,2022,Groundnut,Kharif,95.0,202.0,2.13,,,,,,,,,,,,,
Tamil Nadu,32. Tirunelveli,2022,Groundnut,Rabi,211.0,737.0,3.49,,,,,,,,,,,,,
Tamil Nadu,32. Tirunelveli,2022,Horse-gram,Kharif,2.0,2.0,1.0,,,,,,,,,,,,,
Tamil Nadu,32. Tirunelveli,2022,Horse-gram,Rabi,2.0,2.0,1.0,,,,,,,,,,,,,
Tamil Nadu,32. Tirunelveli,2022,Jowar,Kharif,154.0,128.0,0.83,,,,,,,,,,,,,
Tamil Nadu,32. Tirunelveli,2022,Jowar,Rabi,5.0,4.0,0.8,,,,,,,,,,,,,
Tamil Nadu,32. Tirunelveli,2022,Maize,Kharif,119.0,925.0,7.77,,,,,,,,,,,,,
Tamil Nadu,32. Tirunelveli,2022,Maize,Rabi,385.0,2364.0,6.14,,,,,,,,,,,,,
Tamil Nadu,32. Tirunelveli,2022,Moong(Green Gram),Rabi,93.0,28.0,0.3,,,,,,,,,,,,,
Tamil Nadu,32. Tirunelveli,2022,Onion,Kharif,25.0,238.0,9.52,,,,,,,,,,,,,
Tamil Nadu,32. Tirunelveli,2022,Onion,Rabi,8.0,61.0,7.63,,,,,,,,,,,,,
Tamil Nadu,32. Tirunelveli,2022,Other Kharif pulses,Kharif,5.0,3.0,0.6,,,,,,,,,,,,,
Tamil Nadu,32. Tirunelveli,2022,Ragi,Kharif,1.0,3.0,3.0,,,,,,,,,,,,,
Tamil Nadu,32. Tirunelveli,2022,Rice,Autumn,9567.0,33719.0,3.52,,,,,,,,,,,,,
Tamil Nadu,32. Tirunelveli,2022,Rice,Winter,14901.0,65868.0,4.42,,,,,,,,,,,,,
Tamil Nadu,32. Tirunelveli,2022,Sesamum,Kharif,2.0,1.0,0.5,,,,,,,,,,,,,
Tamil Nadu,32. Tirunelveli,2022,Sesamum,Rabi,7.0,3.0,0.43,,,,,,,,,,,,,
Tamil Nadu,32. Tirunelveli,2022,Sunflower,Kharif,60.0,96.0,1.6,,,,,,,,,,,,,
Tamil Nadu,32. Tirunelveli,2022,Urad,Kharif,1280.0,1096.0,0.86,,,,,,,,,,,,,
Tamil Nadu,32. Tirunelveli,2022,Urad,Rabi,8062.0,4837.0,0.6,,,,,,,,,,,,,
Tamil Nadu,32. Tirunelveli,2022,Other Cereals,Kharif,3.0,4.0,1.33,,,,,,,,,,,,,
Tamil Nadu,32. Tirunelveli,2022,Cowpea(Lobia),Kharif,11.0,9.0,0.82,,,,,,,,,,,,,
Tamil Nadu,32. Tirunelveli,2022,Cowpea(Lobia),Rabi,29.0,13.0,0.45,,,,,,,,,,,,,
Tamil Nadu,32. Tirunelveli,2022,Other Rabi pulses,Rabi,3.0,2.0,0.67,,,,,,,,,,,,,
Tamil Nadu,33. Tirupathur,2019,Castor seed,Kharif,124.0,39.0,0.31,,,,,,,,,,,,,
Tamil Nadu,33. Tirupathur,2019,Other Kharif pulses,Kharif,522.0,474.0,0.91,,,,,,,,,,,,,
Tamil Nadu,33. Tirupathur,2019,Small millets,Kharif,1917.0,1439.0,0.75,,,,,,,,,,,,,
Tamil Nadu,33. Tirupathur,2019,Other Rabi pulses,Rabi,40.0,29.0,0.73,,,,,,,,,,,,,
Tamil Nadu,33. Tirupathur,2019,Rapeseed &Mustard,Rabi,3.0,1.0,0.33,,,,,,,,,,,,,
Tamil Nadu,33. Tirupathur,2019,Gram,Rabi,37.0,34.0,0.92,,,,,,,,,,,,,
Tamil Nadu,33. Tirupathur,2020,Bajra,Kharif,1130.0,3533.0,3.13,,,,,,,,,,,,,
Tamil Nadu,33. Tirupathur,2020,Bajra,Rabi,6.0,9.0,1.5,,,,,,,,,,,,,
Tamil Nadu,33. Tirupathur,2020,Castor seed,Kharif,153.0,48.0,0.31,,,,,,,,,,,,,
Tamil Nadu,33. Tirupathur,2020,Cotton(lint),Kharif,2200.0,4627.0,2.1,,,,,,,,,,,,,
Tamil Nadu,33. Tirupathur,2020,Groundnut,Kharif,13622.0,28282.0,2.08,,,,,,,,,,,,,
Tamil Nadu,33. Tirupathur,2020,Groundnut,Rabi,506.0,1632.0,3.23,,,,,,,,,,,,,
Tamil Nadu,33. Tirupathur,2020,Horse-gram,Kharif,58.0,39.0,0.67,,,,,,,,,,,,,
Tamil Nadu,33. Tirupathur,2020,Horse-gram,Rabi,9323.0,6304.0,0.68,,,,,,,,,,,,,
Tamil Nadu,33. Tirupathur,2020,Jowar,Kharif,3286.0,5753.0,1.75,,,,,,,,,,,,,
Tamil Nadu,33. Tirupathur,2020,Jowar,Rabi,629.0,607.0,0.97,,,,,,,,,,,,,
Tamil Nadu,33. Tirupathur,2020,Maize,Kharif,852.0,6197.0,7.27,,,,,,,,,,,,,
Tamil Nadu,33. Tirupathur,2020,Maize,Rabi,409.0,2164.0,5.29,,,,,,,,,,,,,
Tamil Nadu,33. Tirupathur,2020,Moong(Green Gram),Kharif,292.0,89.0,0.3,,,,,,,,,,,,,
Tamil Nadu,33. Tirupathur,2020,Moong(Green Gram),Rabi,133.0,37.0,0.28,,,,,,,,,,,,,
Tamil Nadu,33. Tirupathur,2020,Onion,Kharif,15.0,152.0,10.13,,,,,,,,,,,,,
Tamil Nadu,33. Tirupathur,2020,Onion,Rabi,26.0,142.0,5.46,,,,,,,,,,,,,
Tamil Nadu,33. Tirupathur,2020,Other Kharif pulses,Kharif,388.0,225.0,0.58,,,,,,,,,,,,,
Tamil Nadu,33. Tirupathur,2020,Ragi,Kharif,1450.0,2858.0,1.97,,,,,,,,,,,,,
Tamil Nadu,33. Tirupathur,2020,Ragi,Rabi,2372.0,7953.0,3.35,,,,,,,,,,,,,
Tamil Nadu,33. Tirupathur,2020,Rice,Autumn,360.0,1571.0,4.36,,,,,,,,,,,,,
Tamil Nadu,33. Tirupathur,2020,Rice,Winter,3907.0,11411.0,2.92,,,,,,,,,,,,,
Tamil Nadu,33. Tirupathur,2020,Sesamum,Kharif,33.0,20.0,0.61,,,,,,,,,,,,,
Tamil Nadu,33. Tirupathur,2020,Small millets,Kharif,1547.0,1434.0,0.93,,,,,,,,,,,,,
Tamil Nadu,33. Tirupathur,2020,Sunflower,Kharif,1.0,2.0,2.0,,,,,,,,,,,,,
Tamil Nadu,33. Tirupathur,2020,Urad,Kharif,533.0,372.0,0.7,,,,,,,,,,,,,
Tamil Nadu,33. Tirupathur,2020,Urad,Rabi,213.0,110.0,0.52,,,,,,,,,,,,,
Tamil Nadu,33. Tirupathur,2020,Arhar/Tur,Kharif,5558.0,3142.0,0.57,,,,,,,,,,,,,
Tamil Nadu,33. Tirupathur,2020,Other Cereals,Kharif,31.0,53.0,1.71,,,,,,,,,,,,,
Tamil Nadu,33. Tirupathur,2020,Cowpea(Lobia),Kharif,607.0,511.0,0.84,,,,,,,,,,,,,
Tamil Nadu,33. Tirupathur,2020,Cowpea(Lobia),Rabi,158.0,106.0,0.67,,,,,,,,,,,,,
Tamil Nadu,33. Tirupathur,2020,Other Rabi pulses,Rabi,5.0,3.0,0.6,,,,,,,,,,,,,
Tamil Nadu,33. Tirupathur,2020,Rapeseed &Mustard,Rabi,3.0,1.0,0.33,,,,,,,,,,,,,
Tamil Nadu,33. Tirupathur,2020,Gram,Rabi,16.0,15.0,0.94,,,,,,,,,,,,,
Tamil Nadu,33. Tirupathur,2021,Bajra,Kharif,1250.0,3997.0,3.2,,,,,,,,,,,,,
Tamil Nadu,33. Tirupathur,2021,Bajra,Rabi,11.0,25.0,2.27,,,,,,,,,,,,,
Tamil Nadu,33. Tirupathur,2021,Castor seed,Kharif,168.0,53.0,0.32,,,,,,,,,,,,,
Tamil Nadu,33. Tirupathur,2021,Cotton(lint),Kharif,3101.0,4183.0,1.35,,,,,,,,,,,,,
Tamil Nadu,33. Tirupathur,2021,Cotton(lint),Rabi,5.0,12.0,2.4,,,,,,,,,,,,,
Tamil Nadu,33. Tirupathur,2021,Groundnut,Kharif,12244.0,25891.0,2.11,,,,,,,,,,,,,
Tamil Nadu,33. Tirupathur,2021,Groundnut,Rabi,191.0,746.0,3.91,,,,,,,,,,,,,
Tamil Nadu,33. Tirupathur,2021,Horse-gram,Rabi,8322.0,4385.0,0.53,,,,,,,,,,,,,
Tamil Nadu,33. Tirupathur,2021,Jowar,Kharif,3453.0,4257.0,1.23,,,,,,,,,,,,,
Tamil Nadu,33. Tirupathur,2021,Jowar,Rabi,822.0,636.0,0.77,,,,,,,,,,,,,
Tamil Nadu,33. Tirupathur,2021,Maize,Kharif,988.0,7955.0,8.05,,,,,,,,,,,,,
Tamil Nadu,33. Tirupathur,2021,Maize,Rabi,270.0,1638.0,6.07,,,,,,,,,,,,,
Tamil Nadu,33. Tirupathur,2021,Moong(Green Gram),Kharif,203.0,74.0,0.36,,,,,,,,,,,,,
Tamil Nadu,33. Tirupathur,2021,Moong(Green Gram),Rabi,74.0,24.0,0.32,,,,,,,,,,,,,
Tamil Nadu,33. Tirupathur,2021,Onion,Kharif,45.0,411.0,9.13,,,,,,,,,,,,,
Tamil Nadu,33. Tirupathur,2021,Onion,Rabi,60.0,359.0,5.98,,,,,,,,,,,,,
Tamil Nadu,33. Tirupathur,2021,Other Kharif pulses,Kharif,445.0,260.0,0.58,,,,,,,,,,,,,
Tamil Nadu,33. Tirupathur,2021,Other Kharif pulses,Rabi,3.0,2.0,0.67,,,,,,,,,,,,,
Tamil Nadu,33. Tirupathur,2021,Ragi,Kharif,1821.0,3967.0,2.18,,,,,,,,,,,,,
Tamil Nadu,33. Tirupathur,2021,Ragi,Rabi,1653.0,7501.0,4.54,,,,,,,,,,,,,
Tamil Nadu,33. Tirupathur,2021,Rice,Autumn,1906.0,7784.0,4.08,,,,,,,,,,,,,
Tamil Nadu,33. Tirupathur,2021,Rice,Winter,5224.0,17308.0,3.31,,,,,,,,,,,,,
Tamil Nadu,33. Tirupathur,2021,Sesamum,Kharif,84.0,57.0,0.68,,,,,,,,,,,,,
Tamil Nadu,33. Tirupathur,2021,Small millets,Kharif,1409.0,1508.0,1.07,,,,,,,,,,,,,
Tamil Nadu,33. Tirupathur,2021,Sunflower,Kharif,3.0,5.0,1.67,,,,,,,,,,,,,
Tamil Nadu,33. Tirupathur,2021,Urad,Kharif,378.0,281.0,0.74,,,,,,,,,,,,,
Tamil Nadu,33. Tirupathur,2021,Urad,Rabi,280.0,178.0,0.64,,,,,,,,,,,,,
Tamil Nadu,33. Tirupathur,2021,Arhar/Tur,Kharif,5580.0,3513.0,0.63,,,,,,,,,,,,,
Tamil Nadu,33. Tirupathur,2021,Cowpea(Lobia),Kharif,888.0,700.0,0.79,,,,,,,,,,,,,
Tamil Nadu,33. Tirupathur,2021,Cowpea(Lobia),Rabi,319.0,197.0,0.62,,,,,,,,,,,,,
Tamil Nadu,33. Tirupathur,2021,Gram,Rabi,27.0,25.0,0.93,,,,,,,,,,,,,
Tamil Nadu,33. Tirupathur,2022,Bajra,Kharif,1415.0,4788.0,3.38,,,,,,,,,,,,,
Tamil Nadu,33. Tirupathur,2022,Castor seed,Kharif,135.0,42.0,0.31,,,,,,,,,,,,,
Tamil Nadu,33. Tirupathur,2022,Cotton(lint),Kharif,3305.0,8106.0,2.45,,,,,,,,,,,,,
Tamil Nadu,33. Tirupathur,2022,Cotton(lint),Rabi,136.0,243.0,1.79,,,,,,,,,,,,,
Tamil Nadu,33. Tirupathur,2022,Groundnut,Kharif,12605.0,27514.0,2.18,,,,,,,,,,,,,
Tamil Nadu,33. Tirupathur,2022,Groundnut,Rabi,586.0,2046.0,3.49,,,,,,,,,,,,,
Tamil Nadu,33. Tirupathur,2022,Horse-gram,Rabi,6892.0,4364.0,0.63,,,,,,,,,,,,,
Tamil Nadu,33. Tirupathur,2022,Jowar,Kharif,2293.0,3099.0,1.35,,,,,,,,,,,,,
Tamil Nadu,33. Tirupathur,2022,Jowar,Rabi,442.0,351.0,0.79,,,,,,,,,,,,,
Tamil Nadu,33. Tirupathur,2022,Maize,Kharif,729.0,5685.0,7.8,,,,,,,,,,,,,
Tamil Nadu,33. Tirupathur,2022,Maize,Rabi,368.0,2259.0,6.14,,,,,,,,,,,,,
Tamil Nadu,33. Tirupathur,2022,Moong(Green Gram),Kharif,259.0,181.0,0.7,,,,,,,,,,,,,
Tamil Nadu,33. Tirupathur,2022,Moong(Green Gram),Rabi,50.0,15.0,0.3,,,,,,,,,,,,,
Tamil Nadu,33. Tirupathur,2022,Onion,Kharif,75.0,715.0,9.53,,,,,,,,,,,,,
Tamil Nadu,33. Tirupathur,2022,Onion,Rabi,6.0,46.0,7.67,,,,,,,,,,,,,
Tamil Nadu,33. Tirupathur,2022,Other Kharif pulses,Kharif,510.0,318.0,0.62,,,,,,,,,,,,,
Tamil Nadu,33. Tirupathur,2022,Ragi,Kharif,1099.0,2411.0,2.19,,,,,,,,,,,,,
Tamil Nadu,33. Tirupathur,2022,Ragi,Rabi,2248.0,9395.0,4.18,,,,,,,,,,,,,
Tamil Nadu,33. Tirupathur,2022,Rice,Autumn,1699.0,6538.0,3.85,,,,,,,,,,,,,
Tamil Nadu,33. Tirupathur,2022,Rice,Winter,5137.0,22593.0,4.4,,,,,,,,,,,,,
Tamil Nadu,33. Tirupathur,2022,Sesamum,Kharif,18.0,8.0,0.44,,,,,,,,,,,,,
Tamil Nadu,33. Tirupathur,2022,Sesamum,Rabi,5.0,3.0,0.6,,,,,,,,,,,,,
Tamil Nadu,33. Tirupathur,2022,Small millets,Kharif,1478.0,1325.0,0.9,,,,,,,,,,,,,
Tamil Nadu,33. Tirupathur,2022,Sunflower,Kharif,7.0,11.0,1.57,,,,,,,,,,,,,
Tamil Nadu,33. Tirupathur,2022,Urad,Kharif,571.0,406.0,0.71,,,,,,,,,,,,,
Tamil Nadu,33. Tirupathur,2022,Urad,Rabi,705.0,462.0,0.66,,,,,,,,,,,,,
Tamil Nadu,33. Tirupathur,2022,Arhar/Tur,Kharif,5490.0,5701.0,1.04,,,,,,,,,,,,,
Tamil Nadu,33. Tirupathur,2022,Cowpea(Lobia),Kharif,923.0,739.0,0.8,,,,,,,,,,,,,
Tamil Nadu,33. Tirupathur,2022,Cowpea(Lobia),Rabi,244.0,115.0,0.47,,,,,,,,,,,,,
Tamil Nadu,33. Tirupathur,2022,Other Rabi pulses,Rabi,25.0,16.0,0.64,,,,,,,,,,,,,
Tamil Nadu,33. Tirupathur,2022,Gram,Rabi,6.0,6.0,1.0,,,,,,,,,,,,,
Tamil Nadu,33. Tirupathur,2022,Potato,Kharif,1.0,20.0,20.0,,,,,,,,,,,,,
Tamil Nadu,34. Tiruppur,2015,Bajra,Kharif,144.0,388.0,2.69,,,,,,,,,,,,,
Tamil Nadu,34. Tiruppur,2015,Bajra,Rabi,233.0,570.0,2.45,,,,,,,,,,,,,
Tamil Nadu,34. Tiruppur,2015,Castor seed,Kharif,43.0,12.0,0.28,,,,,,,,,,,,,
Tamil Nadu,34. Tiruppur,2015,Cotton(lint),Kharif,277.0,517.0,1.87,,,,,,,,,,,,,
Tamil Nadu,34. Tiruppur,2015,Cotton(lint),Rabi,692.0,2052.0,2.97,,,,,,,,,,,,,
Tamil Nadu,34. Tiruppur,2015,Groundnut,Kharif,6275.0,10404.0,1.66,,,,,,,,,,,,,
Tamil Nadu,34. Tiruppur,2015,Groundnut,Rabi,2176.0,6717.0,3.09,,,,,,,,,,,,,
Tamil Nadu,34. Tiruppur,2015,Horse-gram,Kharif,147.0,29.0,0.2,,,,,,,,,,,,,
Tamil Nadu,34. Tiruppur,2015,Horse-gram,Rabi,5963.0,1193.0,0.2,,,,,,,,,,,,,
Tamil Nadu,34. Tiruppur,2015,Jowar,Kharif,4858.0,1535.0,0.32,,,,,,,,,,,,,
Tamil Nadu,34. Tiruppur,2015,Jowar,Rabi,25224.0,2169.0,0.09,,,,,,,,,,,,,
Tamil Nadu,34. Tiruppur,2015,Maize,Kharif,5915.0,70850.0,11.98,,,,,,,,,,,,,
Tamil Nadu,34. Tiruppur,2015,Maize,Rabi,17159.0,122498.0,7.14,,,,,,,,,,,,,
Tamil Nadu,34. Tiruppur,2015,Masoor,Kharif,135.0,137.0,1.01,,,,,,,,,,,,,
Tamil Nadu,34. Tiruppur,2015,Moong(Green Gram),Kharif,131.0,59.0,0.45,,,,,,,,,,,,,
Tamil Nadu,34. Tiruppur,2015,Moong(Green Gram),Rabi,2365.0,974.0,0.41,,,,,,,,,,,,,
Tamil Nadu,34. Tiruppur,2015,Onion,Kharif,1816.0,28021.0,15.43,,,,,,,,,,,,,
Tamil Nadu,34. Tiruppur,2015,Onion,Rabi,2061.0,21739.0,10.55,,,,,,,,,,,,,
Tamil Nadu,34. Tiruppur,2015,Other Kharif pulses,Kharif,3882.0,2271.0,0.59,,,,,,,,,,,,,
Tamil Nadu,34. Tiruppur,2015,Rice,Kharif,10645.0,48167.0,4.52,,,,,,,,,,,,,
Tamil Nadu,34. Tiruppur,2015,Sesamum,Kharif,40.0,27.0,0.68,,,,,,,,,,,,,
Tamil Nadu,34. Tiruppur,2015,Sesamum,Rabi,1025.0,559.0,0.55,,,,,,,,,,,,,
Tamil Nadu,34. Tiruppur,2015,Sunflower,Kharif,25.0,35.0,1.4,,,,,,,,,,,,,
Tamil Nadu,34. Tiruppur,2015,Sunflower,Rabi,92.0,133.0,1.45,,,,,,,,,,,,,
Tamil Nadu,34. Tiruppur,2015,Urad,Kharif,222.0,154.0,0.69,,,,,,,,,,,,,
Tamil Nadu,34. Tiruppur,2015,Urad,Rabi,2362.0,1656.0,0.7,,,,,,,,,,,,,
Tamil Nadu,34. Tiruppur,2015,Gram,Rabi,2178.0,1555.0,0.71,,,,,,,,,,,,,
Tamil Nadu,34. Tiruppur,2015,Potato,Rabi,1.0,23.0,23.0,,,,,,,,,,,,,
Tamil Nadu,34. Tiruppur,2016,Bajra,Kharif,12.0,35.0,2.92,,,,,,,,,,,,,
Tamil Nadu,34. Tiruppur,2016,Bajra,Rabi,137.0,69.0,0.5,,,,,,,,,,,,,
Tamil Nadu,34. Tiruppur,2016,Castor seed,Kharif,31.0,9.0,0.29,,,,,,,,,,,,,
Tamil Nadu,34. Tiruppur,2016,Cotton(lint),Kharif,272.0,352.0,1.29,,,,,,,,,,,,,
Tamil Nadu,34. Tiruppur,2016,Cotton(lint),Rabi,621.0,914.0,1.47,,,,,,,,,,,,,
Tamil Nadu,34. Tiruppur,2016,Groundnut,Kharif,5049.0,3459.0,0.69,,,,,,,,,,,,,
Tamil Nadu,34. Tiruppur,2016,Groundnut,Rabi,368.0,1269.0,3.45,,,,,,,,,,,,,
Tamil Nadu,34. Tiruppur,2016,Horse-gram,Kharif,121.0,1.0,0.01,,,,,,,,,,,,,
Tamil Nadu,34. Tiruppur,2016,Horse-gram,Rabi,6527.0,54.0,0.01,,,,,,,,,,,,,
Tamil Nadu,34. Tiruppur,2016,Jowar,Kharif,4703.0,1503.0,0.32,,,,,,,,,,,,,
Tamil Nadu,34. Tiruppur,2016,Jowar,Rabi,29732.0,866.0,0.03,,,,,,,,,,,,,
Tamil Nadu,34. Tiruppur,2016,Maize,Kharif,2608.0,10834.0,4.15,,,,,,,,,,,,,
Tamil Nadu,34. Tiruppur,2016,Maize,Rabi,15689.0,49123.0,3.13,,,,,,,,,,,,,
Tamil Nadu,34. Tiruppur,2016,Moong(Green Gram),Kharif,105.0,85.0,0.81,,,,,,,,,,,,,
Tamil Nadu,34. Tiruppur,2016,Moong(Green Gram),Rabi,2183.0,523.0,0.24,,,,,,,,,,,,,
Tamil Nadu,34. Tiruppur,2016,Onion,Kharif,1058.0,16101.0,15.22,,,,,,,,,,,,,
Tamil Nadu,34. Tiruppur,2016,Onion,Rabi,686.0,8268.0,12.05,,,,,,,,,,,,,
Tamil Nadu,34. Tiruppur,2016,Rice,Kharif,1703.0,6422.0,3.77,,,,,,,,,,,,,
Tamil Nadu,34. Tiruppur,2016,Sesamum,Rabi,17.0,6.0,0.35,,,,,,,,,,,,,
Tamil Nadu,34. Tiruppur,2016,Small millets,Rabi,3.0,3.0,1.0,,,,,,,,,,,,,
Tamil Nadu,34. Tiruppur,2016,Sunflower,Kharif,6.0,5.0,0.83,,,,,,,,,,,,,
Tamil Nadu,34. Tiruppur,2016,Sunflower,Rabi,3.0,1.0,0.33,,,,,,,,,,,,,
Tamil Nadu,34. Tiruppur,2016,Urad,Kharif,79.0,61.0,0.77,,,,,,,,,,,,,
Tamil Nadu,34. Tiruppur,2016,Urad,Rabi,2899.0,1047.0,0.36,,,,,,,,,,,,,
Tamil Nadu,34. Tiruppur,2016,Arhar/Tur,Kharif,94.0,62.0,0.66,,,,,,,,,,,,,
Tamil Nadu,34. Tiruppur,2016,Other Cereals,Rabi,5.0,3.0,0.6,,,,,,,,,,,,,
Tamil Nadu,34. Tiruppur,2016,Gram,Rabi,2410.0,1670.0,0.69,,,,,,,,,,,,,
Tamil Nadu,34. Tiruppur,2016,Potato,Rabi,2.0,37.0,18.5,,,,,,,,,,,,,
Tamil Nadu,34. Tiruppur,2016,Wheat,Rabi,1.0,,0.0,,,,,,,,,,,,,
Tamil Nadu,34. Tiruppur,2017,Bajra,Kharif,183.0,431.0,2.36,,,,,,,,,,,,,
Tamil Nadu,34. Tiruppur,2017,Bajra,Rabi,208.0,430.0,2.07,,,,,,,,,,,,,
Tamil Nadu,34. Tiruppur,2017,Castor seed,Kharif,44.0,12.89,0.29,,,,,,,,,,,,,
Tamil Nadu,34. Tiruppur,2017,Cotton(lint),Kharif,191.0,,0.0,,,,,,,,,,,,,
Tamil Nadu,34. Tiruppur,2017,Cotton(lint),Rabi,717.0,2.0,0.0,,,,,,,,,,,,,
Tamil Nadu,34. Tiruppur,2017,Groundnut,Kharif,6663.0,15451.0,2.32,,,,,,,,,,,,,
Tamil Nadu,34. Tiruppur,2017,Groundnut,Rabi,1513.0,5174.0,3.42,,,,,,,,,,,,,
Tamil Nadu,34. Tiruppur,2017,Horse-gram,Kharif,2243.0,1232.0,0.55,,,,,,,,,,,,,
Tamil Nadu,34. Tiruppur,2017,Horse-gram,Rabi,4146.0,2276.0,0.55,,,,,,,,,,,,,
Tamil Nadu,34. Tiruppur,2017,Jowar,Kharif,16887.0,6620.0,0.39,,,,,,,,,,,,,
Tamil Nadu,34. Tiruppur,2017,Jowar,Rabi,22645.0,3895.0,0.17,,,,,,,,,,,,,
Tamil Nadu,34. Tiruppur,2017,Maize,Kharif,2396.0,25676.0,10.72,,,,,,,,,,,,,
Tamil Nadu,34. Tiruppur,2017,Maize,Rabi,19055.0,180927.0,9.49,,,,,,,,,,,,,
Tamil Nadu,34. Tiruppur,2017,Moong(Green Gram),Kharif,603.0,367.0,0.61,,,,,,,,,,,,,
Tamil Nadu,34. Tiruppur,2017,Moong(Green Gram),Rabi,1635.0,1836.0,1.12,,,,,,,,,,,,,
Tamil Nadu,34. Tiruppur,2017,Onion,Kharif,320.0,3855.0,12.05,,,,,,,,,,,,,
Tamil Nadu,34. Tiruppur,2017,Onion,Rabi,1414.0,16049.0,11.35,,,,,,,,,,,,,
Tamil Nadu,34. Tiruppur,2017,Other Kharif pulses,Kharif,101.0,67.0,0.66,,,,,,,,,,,,,
Tamil Nadu,34. Tiruppur,2017,Rice,Winter,6905.0,39573.0,5.73,,,,,,,,,,,,,
Tamil Nadu,34. Tiruppur,2017,Sesamum,Kharif,18.0,8.0,0.44,,,,,,,,,,,,,
Tamil Nadu,34. Tiruppur,2017,Sesamum,Rabi,1000.0,626.0,0.63,,,,,,,,,,,,,
Tamil Nadu,34. Tiruppur,2017,Small millets,Rabi,2.0,2.0,1.0,,,,,,,,,,,,,
Tamil Nadu,34. Tiruppur,2017,Sunflower,Rabi,60.0,48.0,0.8,,,,,,,,,,,,,
Tamil Nadu,34. Tiruppur,2017,Urad,Kharif,682.0,621.0,0.91,,,,,,,,,,,,,
Tamil Nadu,34. Tiruppur,2017,Urad,Rabi,2478.0,1673.0,0.68,,,,,,,,,,,,,
Tamil Nadu,34. Tiruppur,2017,Arhar/Tur,Kharif,108.0,118.0,1.09,,,,,,,,,,,,,
Tamil Nadu,34. Tiruppur,2017,Other Cereals,Rabi,5.0,7.0,1.4,,,,,,,,,,,,,
Tamil Nadu,34. Tiruppur,2017,Cowpea(Lobia),Kharif,454.0,326.0,0.72,,,,,,,,,,,,,
Tamil Nadu,34. Tiruppur,2017,Cowpea(Lobia),Rabi,1353.0,614.0,0.45,,,,,,,,,,,,,
Tamil Nadu,34. Tiruppur,2017,Other Rabi pulses,Rabi,1035.0,683.0,0.66,,,,,,,,,,,,,
Tamil Nadu,34. Tiruppur,2017,Gram,Rabi,2313.0,2142.0,0.93,,,,,,,,,,,,,
Tamil Nadu,34. Tiruppur,2017,Potato,Rabi,2.0,45.0,22.5,,,,,,,,,,,,,
Tamil Nadu,34. Tiruppur,2018,Bajra,Kharif,19.0,56.0,2.95,,,,,,,,,,,,,
Tamil Nadu,34. Tiruppur,2018,Bajra,Rabi,22.0,41.0,1.86,,,,,,,,,,,,,
Tamil Nadu,34. Tiruppur,2018,Castor seed,Kharif,55.0,16.0,0.29,,,,,,,,,,,,,
Tamil Nadu,34. Tiruppur,2018,Cotton(lint),Kharif,113.0,244.0,2.16,,,,,,,,,,,,,
Tamil Nadu,34. Tiruppur,2018,Cotton(lint),Rabi,1039.0,2696.0,2.59,,,,,,,,,,,,,
Tamil Nadu,34. Tiruppur,2018,Groundnut,Kharif,6358.0,10040.0,1.58,,,,,,,,,,,,,
Tamil Nadu,34. Tiruppur,2018,Groundnut,Rabi,1492.0,5206.0,3.49,,,,,,,,,,,,,
Tamil Nadu,34. Tiruppur,2018,Horse-gram,Kharif,176.0,41.0,0.23,,,,,,,,,,,,,
Tamil Nadu,34. Tiruppur,2018,Horse-gram,Rabi,7107.0,1676.0,0.24,,,,,,,,,,,,,
Tamil Nadu,34. Tiruppur,2018,Jowar,Kharif,4006.0,1240.0,0.31,,,,,,,,,,,,,
Tamil Nadu,34. Tiruppur,2018,Jowar,Rabi,32385.0,10056.0,0.31,,,,,,,,,,,,,
Tamil Nadu,34. Tiruppur,2018,Maize,Kharif,3241.0,24623.0,7.6,,,,,,,,,,,,,
Tamil Nadu,34. Tiruppur,2018,Maize,Rabi,17864.0,125001.0,7.0,,,,,,,,,,,,,
Tamil Nadu,34. Tiruppur,2018,Moong(Green Gram),Kharif,73.0,50.0,0.68,,,,,,,,,,,,,
Tamil Nadu,34. Tiruppur,2018,Moong(Green Gram),Rabi,2004.0,860.0,0.43,,,,,,,,,,,,,
Tamil Nadu,34. Tiruppur,2018,Onion,Kharif,1041.0,12671.0,12.17,,,,,,,,,,,,,
Tamil Nadu,34. Tiruppur,2018,Onion,Rabi,1157.0,15617.0,13.5,,,,,,,,,,,,,
Tamil Nadu,34. Tiruppur,2018,Other Kharif pulses,Kharif,105.0,84.0,0.8,,,,,,,,,,,,,
Tamil Nadu,34. Tiruppur,2018,Ragi,Kharif,1.0,5.0,5.0,,,,,,,,,,,,,
Tamil Nadu,34. Tiruppur,2018,Rice,Winter,9717.0,49113.0,5.05,,,,,,,,,,,,,
Tamil Nadu,34. Tiruppur,2018,Sesamum,Kharif,21.0,10.0,0.48,,,,,,,,,,,,,
Tamil Nadu,34. Tiruppur,2018,Sesamum,Rabi,450.0,255.0,0.57,,,,,,,,,,,,,
Tamil Nadu,34. Tiruppur,2018,Sunflower,Kharif,21.0,36.0,1.71,,,,,,,,,,,,,
Tamil Nadu,34. Tiruppur,2018,Sunflower,Rabi,13.0,7.0,0.54,,,,,,,,,,,,,
Tamil Nadu,34. Tiruppur,2018,Urad,Kharif,69.0,53.0,0.77,,,,,,,,,,,,,
Tamil Nadu,34. Tiruppur,2018,Urad,Rabi,2585.0,1568.0,0.61,,,,,,,,,,,,,
Tamil Nadu,34. Tiruppur,2018,Arhar/Tur,Kharif,104.0,131.0,1.26,,,,,,,,,,,,,
Tamil Nadu,34. Tiruppur,2018,Cowpea(Lobia),Kharif,159.0,126.0,0.79,,,,,,,,,,,,,
Tamil Nadu,34. Tiruppur,2018,Cowpea(Lobia),Rabi,1519.0,434.0,0.29,,,,,,,,,,,,,
Tamil Nadu,34. Tiruppur,2018,Other Rabi pulses,Rabi,4267.0,3422.0,0.8,,,,,,,,,,,,,
Tamil Nadu,34. Tiruppur,2018,Gram,Rabi,2134.0,1976.0,0.93,,,,,,,,,,,,,
Tamil Nadu,34. Tiruppur,2019,Bajra,Kharif,28.0,79.0,2.82,,,,,,,,,,,,,
Tamil Nadu,34. Tiruppur,2019,Bajra,Rabi,26.0,69.0,2.65,,,,,,,,,,,,,
Tamil Nadu,34. Tiruppur,2019,Castor seed,Kharif,46.0,13.0,0.28,,,,,,,,,,,,,
Tamil Nadu,34. Tiruppur,2019,Cotton(lint),Kharif,222.0,541.0,2.44,,,,,,,,,,,,,
Tamil Nadu,34. Tiruppur,2019,Cotton(lint),Rabi,984.0,3769.0,3.83,,,,,,,,,,,,,
Tamil Nadu,34. Tiruppur,2019,Groundnut,Kharif,5788.0,5211.0,0.9,,,,,,,,,,,,,
Tamil Nadu,34. Tiruppur,2019,Groundnut,Rabi,1090.0,2816.0,2.58,,,,,,,,,,,,,
Tamil Nadu,34. Tiruppur,2019,Horse-gram,Kharif,99.0,37.0,0.37,,,,,,,,,,,,,
Tamil Nadu,34. Tiruppur,2019,Horse-gram,Rabi,7131.0,2673.0,0.37,,,,,,,,,,,,,
Tamil Nadu,34. Tiruppur,2019,Jowar,Kharif,6698.0,1293.0,0.19,,,,,,,,,,,,,
Tamil Nadu,34. Tiruppur,2019,Jowar,Rabi,29894.0,5104.0,0.17,,,,,,,,,,,,,
Tamil Nadu,34. Tiruppur,2019,Maize,Kharif,582.0,4602.0,7.91,,,,,,,,,,,,,
Tamil Nadu,34. Tiruppur,2019,Maize,Rabi,21447.0,210611.0,9.82,,,,,,,,,,,,,
Tamil Nadu,34. Tiruppur,2019,Moong(Green Gram),Kharif,80.0,46.0,0.58,,,,,,,,,,,,,
Tamil Nadu,34. Tiruppur,2019,Moong(Green Gram),Rabi,1760.0,677.0,0.38,,,,,,,,,,,,,
Tamil Nadu,34. Tiruppur,2019,Onion,Kharif,843.0,11264.0,13.36,,,,,,,,,,,,,
Tamil Nadu,34. Tiruppur,2019,Onion,Rabi,1500.0,22181.0,14.79,,,,,,,,,,,,,
Tamil Nadu,34. Tiruppur,2019,Other Kharif pulses,Kharif,211.0,107.0,0.51,,,,,,,,,,,,,
Tamil Nadu,34. Tiruppur,2019,Rice,Winter,9185.0,44903.0,4.89,,,,,,,,,,,,,
Tamil Nadu,34. Tiruppur,2019,Sesamum,Kharif,6.0,3.0,0.5,,,,,,,,,,,,,
Tamil Nadu,34. Tiruppur,2019,Sesamum,Rabi,514.0,374.0,0.73,,,,,,,,,,,,,
Tamil Nadu,34. Tiruppur,2019,Sunflower,Kharif,3.0,3.0,1.0,,,,,,,,,,,,,
Tamil Nadu,34. Tiruppur,2019,Sunflower,Rabi,2.0,2.0,1.0,,,,,,,,,,,,,
Tamil Nadu,34. Tiruppur,2019,Urad,Kharif,47.0,39.0,0.83,,,,,,,,,,,,,
Tamil Nadu,34. Tiruppur,2019,Urad,Rabi,2044.0,1587.0,0.78,,,,,,,,,,,,,
Tamil Nadu,34. Tiruppur,2019,Arhar/Tur,Kharif,38.0,49.0,1.29,,,,,,,,,,,,,
Tamil Nadu,34. Tiruppur,2019,Arhar/Tur,Rabi,29.0,37.0,1.28,,,,,,,,,,,,,
Tamil Nadu,34. Tiruppur,2019,Cowpea(Lobia),Kharif,147.0,115.0,0.78,,,,,,,,,,,,,
Tamil Nadu,34. Tiruppur,2019,Cowpea(Lobia),Rabi,1299.0,474.0,0.36,,,,,,,,,,,,,
Tamil Nadu,34. Tiruppur,2019,Other Rabi pulses,Rabi,4756.0,2723.0,0.57,,,,,,,,,,,,,
Tamil Nadu,34. Tiruppur,2019,Gram,Rabi,2086.0,1932.0,0.93,,,,,,,,,,,,,
Tamil Nadu,34. Tiruppur,2020,Bajra,Kharif,153.0,403.0,2.63,,,,,,,,,,,,,
Tamil Nadu,34. Tiruppur,2020,Bajra,Rabi,32.0,49.0,1.53,,,,,,,,,,,,,
Tamil Nadu,34. Tiruppur,2020,Castor seed,Kharif,40.0,12.0,0.3,,,,,,,,,,,,,
Tamil Nadu,34. Tiruppur,2020,Cotton(lint),Kharif,163.0,318.0,1.95,,,,,,,,,,,,,
Tamil Nadu,34. Tiruppur,2020,Cotton(lint),Rabi,768.0,3011.0,3.92,,,,,,,,,,,,,
Tamil Nadu,34. Tiruppur,2020,Groundnut,Kharif,6711.0,11384.0,1.7,,,,,,,,,,,,,
Tamil Nadu,34. Tiruppur,2020,Groundnut,Rabi,1029.0,2697.0,2.62,,,,,,,,,,,,,
Tamil Nadu,34. Tiruppur,2020,Horse-gram,Kharif,528.0,164.0,0.31,,,,,,,,,,,,,
Tamil Nadu,34. Tiruppur,2020,Horse-gram,Rabi,7691.0,2379.0,0.31,,,,,,,,,,,,,
Tamil Nadu,34. Tiruppur,2020,Jowar,Kharif,7013.0,3575.0,0.51,,,,,,,,,,,,,
Tamil Nadu,34. Tiruppur,2020,Jowar,Rabi,28928.0,11236.0,0.39,,,,,,,,,,,,,
Tamil Nadu,34. Tiruppur,2020,Maize,Kharif,3269.0,34868.0,10.67,,,,,,,,,,,,,
Tamil Nadu,34. Tiruppur,2020,Maize,Rabi,17572.0,159448.0,9.07,,,,,,,,,,,,,
Tamil Nadu,34. Tiruppur,2020,Moong(Green Gram),Kharif,135.0,119.0,0.88,,,,,,,,,,,,,
Tamil Nadu,34. Tiruppur,2020,Moong(Green Gram),Rabi,1610.0,596.0,0.37,,,,,,,,,,,,,
Tamil Nadu,34. Tiruppur,2020,Onion,Kharif,1146.0,14790.0,12.91,,,,,,,,,,,,,
Tamil Nadu,34. Tiruppur,2020,Onion,Rabi,1980.0,2257.0,1.14,,,,,,,,,,,,,
Tamil Nadu,34. Tiruppur,2020,Other Kharif pulses,Kharif,291.0,150.0,0.52,,,,,,,,,,,,,
Tamil Nadu,34. Tiruppur,2020,Rice,Winter,9766.0,42353.0,4.34,,,,,,,,,,,,,
Tamil Nadu,34. Tiruppur,2020,Sesamum,Kharif,12.0,7.0,0.58,,,,,,,,,,,,,
Tamil Nadu,34. Tiruppur,2020,Sesamum,Rabi,350.0,236.0,0.67,,,,,,,,,,,,,
Tamil Nadu,34. Tiruppur,2020,Sunflower,Rabi,3.0,1.0,0.33,,,,,,,,,,,,,
Tamil Nadu,34. Tiruppur,2020,Urad,Kharif,182.0,162.0,0.89,,,,,,,,,,,,,
Tamil Nadu,34. Tiruppur,2020,Urad,Rabi,1944.0,1005.0,0.52,,,,,,,,,,,,,
Tamil Nadu,34. Tiruppur,2020,Arhar/Tur,Kharif,58.0,62.0,1.07,,,,,,,,,,,,,
Tamil Nadu,34. Tiruppur,2020,Arhar/Tur,Rabi,20.0,21.0,1.05,,,,,,,,,,,,,
Tamil Nadu,34. Tiruppur,2020,Cowpea(Lobia),Kharif,205.0,172.0,0.84,,,,,,,,,,,,,
Tamil Nadu,34. Tiruppur,2020,Cowpea(Lobia),Rabi,1261.0,877.0,0.7,,,,,,,,,,,,,
Tamil Nadu,34. Tiruppur,2020,Other Rabi pulses,Rabi,3401.0,1753.0,0.52,,,,,,,,,,,,,
Tamil Nadu,34. Tiruppur,2020,Gram,Rabi,2008.0,1860.0,0.93,,,,,,,,,,,,,
Tamil Nadu,34. Tiruppur,2021,Bajra,Kharif,121.0,302.0,2.5,,,,,,,,,,,,,
Tamil Nadu,34. Tiruppur,2021,Bajra,Rabi,45.0,103.0,2.29,,,,,,,,,,,,,
Tamil Nadu,34. Tiruppur,2021,Castor seed,Kharif,54.0,16.0,0.3,,,,,,,,,,,,,
Tamil Nadu,34. Tiruppur,2021,Cotton(lint),Kharif,156.0,254.0,1.63,,,,,,,,,,,,,
Tamil Nadu,34. Tiruppur,2021,Cotton(lint),Rabi,928.0,3914.0,4.22,,,,,,,,,,,,,
Tamil Nadu,34. Tiruppur,2021,Groundnut,Kharif,6853.0,9663.0,1.41,,,,,,,,,,,,,
Tamil Nadu,34. Tiruppur,2021,Groundnut,Rabi,1674.0,6668.0,3.98,,,,,,,,,,,,,
Tamil Nadu,34. Tiruppur,2021,Horse-gram,Kharif,234.0,90.0,0.38,,,,,,,,,,,,,
Tamil Nadu,34. Tiruppur,2021,Horse-gram,Rabi,8173.0,3178.0,0.39,,,,,,,,,,,,,
Tamil Nadu,34. Tiruppur,2021,Jowar,Kharif,5156.0,875.0,0.17,,,,,,,,,,,,,
Tamil Nadu,34. Tiruppur,2021,Jowar,Rabi,31111.0,4882.0,0.16,,,,,,,,,,,,,
Tamil Nadu,34. Tiruppur,2021,Maize,Kharif,2518.0,24627.0,9.78,,,,,,,,,,,,,
Tamil Nadu,34. Tiruppur,2021,Maize,Rabi,18443.0,157067.0,8.52,,,,,,,,,,,,,
Tamil Nadu,34. Tiruppur,2021,Moong(Green Gram),Kharif,97.0,79.0,0.81,,,,,,,,,,,,,
Tamil Nadu,34. Tiruppur,2021,Moong(Green Gram),Rabi,1594.0,693.0,0.43,,,,,,,,,,,,,
Tamil Nadu,34. Tiruppur,2021,Onion,Kharif,2047.0,20872.0,10.2,,,,,,,,,,,,,
Tamil Nadu,34. Tiruppur,2021,Onion,Rabi,1878.0,22312.0,11.88,,,,,,,,,,,,,
Tamil Nadu,34. Tiruppur,2021,Other Kharif pulses,Kharif,160.0,81.0,0.51,,,,,,,,,,,,,
Tamil Nadu,34. Tiruppur,2021,Other Kharif pulses,Rabi,3683.0,1893.0,0.51,,,,,,,,,,,,,
Tamil Nadu,34. Tiruppur,2021,Ragi,Rabi,3.0,10.0,3.33,,,,,,,,,,,,,
Tamil Nadu,34. Tiruppur,2021,Rice,Autumn,786.0,3211.0,4.09,,,,,,,,,,,,,
Tamil Nadu,34. Tiruppur,2021,Rice,Winter,9500.0,41521.0,4.37,,,,,,,,,,,,,
Tamil Nadu,34. Tiruppur,2021,Sesamum,Kharif,10.0,6.0,0.6,,,,,,,,,,,,,
Tamil Nadu,34. Tiruppur,2021,Sesamum,Rabi,223.0,125.0,0.56,,,,,,,,,,,,,
Tamil Nadu,34. Tiruppur,2021,Sunflower,Kharif,14.0,24.0,1.71,,,,,,,,,,,,,
Tamil Nadu,34. Tiruppur,2021,Sunflower,Rabi,13.0,10.0,0.77,,,,,,,,,,,,,
Tamil Nadu,34. Tiruppur,2021,Urad,Kharif,104.0,92.0,0.88,,,,,,,,,,,,,
Tamil Nadu,34. Tiruppur,2021,Urad,Rabi,2005.0,1271.0,0.63,,,,,,,,,,,,,
Tamil Nadu,34. Tiruppur,2021,Arhar/Tur,Kharif,63.0,60.0,0.95,,,,,,,,,,,,,
Tamil Nadu,34. Tiruppur,2021,Arhar/Tur,Rabi,35.0,33.0,0.94,,,,,,,,,,,,,
Tamil Nadu,34. Tiruppur,2021,Other Cereals,Rabi,2.0,1.0,0.5,,,,,,,,,,,,,
Tamil Nadu,34. Tiruppur,2021,Cowpea(Lobia),Kharif,124.0,98.0,0.79,,,,,,,,,,,,,
Tamil Nadu,34. Tiruppur,2021,Cowpea(Lobia),Rabi,1366.0,992.0,0.73,,,,,,,,,,,,,
Tamil Nadu,34. Tiruppur,2021,Gram,Rabi,1166.0,1080.0,0.93,,,,,,,,,,,,,
Tamil Nadu,34. Tiruppur,2022,Bajra,Kharif,68.0,183.0,2.69,,,,,,,,,,,,,
Tamil Nadu,34. Tiruppur,2022,Bajra,Rabi,45.0,92.0,2.04,,,,,,,,,,,,,
Tamil Nadu,34. Tiruppur,2022,Castor seed,Kharif,31.0,10.0,0.32,,,,,,,,,,,,,
Tamil Nadu,34. Tiruppur,2022,Cotton(lint),Kharif,433.0,824.0,1.9,,,,,,,,,,,,,
Tamil Nadu,34. Tiruppur,2022,Cotton(lint),Rabi,840.0,2697.0,3.21,,,,,,,,,,,,,
Tamil Nadu,34. Tiruppur,2022,Groundnut,Kharif,6557.0,6937.0,1.06,,,,,,,,,,,,,
Tamil Nadu,34. Tiruppur,2022,Groundnut,Rabi,1389.0,5248.0,3.78,,,,,,,,,,,,,
Tamil Nadu,34. Tiruppur,2022,Horse-gram,Kharif,203.0,157.0,0.77,,,,,,,,,,,,,
Tamil Nadu,34. Tiruppur,2022,Horse-gram,Rabi,7974.0,2629.0,0.33,,,,,,,,,,,,,
Tamil Nadu,34. Tiruppur,2022,Jowar,Kharif,2826.0,1137.0,0.4,,,,,,,,,,,,,
Tamil Nadu,34. Tiruppur,2022,Jowar,Rabi,30507.0,7750.0,0.25,,,,,,,,,,,,,
Tamil Nadu,34. Tiruppur,2022,Maize,Kharif,2506.0,23240.0,9.27,,,,,,,,,,,,,
Tamil Nadu,34. Tiruppur,2022,Maize,Rabi,18092.0,163725.0,9.05,,,,,,,,,,,,,
Tamil Nadu,34. Tiruppur,2022,Moong(Green Gram),Kharif,61.0,48.0,0.79,,,,,,,,,,,,,
Tamil Nadu,34. Tiruppur,2022,Moong(Green Gram),Rabi,1169.0,470.0,0.4,,,,,,,,,,,,,
Tamil Nadu,34. Tiruppur,2022,Onion,Kharif,1500.0,22334.0,14.89,,,,,,,,,,,,,
Tamil Nadu,34. Tiruppur,2022,Onion,Rabi,1502.0,19937.0,13.27,,,,,,,,,,,,,
Tamil Nadu,34. Tiruppur,2022,Other Kharif pulses,Kharif,84.0,43.0,0.51,,,,,,,,,,,,,
Tamil Nadu,34. Tiruppur,2022,Rice,Autumn,918.0,3534.0,3.85,,,,,,,,,,,,,
Tamil Nadu,34. Tiruppur,2022,Rice,Winter,8832.0,39336.0,4.45,,,,,,,,,,,,,
Tamil Nadu,34. Tiruppur,2022,Sesamum,Kharif,2.0,1.0,0.5,,,,,,,,,,,,,
Tamil Nadu,34. Tiruppur,2022,Sesamum,Rabi,244.0,131.0,0.54,,,,,,,,,,,,,
Tamil Nadu,34. Tiruppur,2022,Sunflower,Kharif,40.0,64.0,1.6,,,,,,,,,,,,,
Tamil Nadu,34. Tiruppur,2022,Sunflower,Rabi,13.0,10.0,0.77,,,,,,,,,,,,,
Tamil Nadu,34. Tiruppur,2022,Urad,Kharif,52.0,45.0,0.87,,,,,,,,,,,,,
Tamil Nadu,34. Tiruppur,2022,Urad,Rabi,1442.0,945.0,0.66,,,,,,,,,,,,,
Tamil Nadu,34. Tiruppur,2022,Arhar/Tur,Kharif,45.0,47.0,1.04,,,,,,,,,,,,,
Tamil Nadu,34. Tiruppur,2022,Arhar/Tur,Rabi,17.0,18.0,1.06,,,,,,,,,,,,,
Tamil Nadu,34. Tiruppur,2022,Other Cereals,Kharif,2.0,0.0,0.0,,,,,,,,,,,,,
Tamil Nadu,34. Tiruppur,2022,Cowpea(Lobia),Kharif,77.0,62.0,0.81,,,,,,,,,,,,,
Tamil Nadu,34. Tiruppur,2022,Cowpea(Lobia),Rabi,1201.0,479.0,0.4,,,,,,,,,,,,,
Tamil Nadu,34. Tiruppur,2022,Other Rabi pulses,Rabi,2869.0,1492.0,0.52,,,,,,,,,,,,,
Tamil Nadu,34. Tiruppur,2022,Gram,Rabi,835.0,773.0,0.93,,,,,,,,,,,,,
Tamil Nadu,35. Tiruvannamalai,2015,Bajra,Kharif,3992.0,7565.0,1.9,,,,,,,,,,,,,
Tamil Nadu,35. Tiruvannamalai,2015,Bajra,Rabi,846.0,2069.0,2.45,,,,,,,,,,,,,
Tamil Nadu,35. Tiruvannamalai,2015,Castor seed,Kharif,7.0,3.0,0.43,,,,,,,,,,,,,
Tamil Nadu,35. Tiruvannamalai,2015,Cotton(lint),Kharif,247.0,461.0,1.87,,,,,,,,,,,,,
Tamil Nadu,35. Tiruvannamalai,2015,Cotton(lint),Rabi,83.0,246.0,2.96,,,,,,,,,,,,,
Tamil Nadu,35. Tiruvannamalai,2015,Groundnut,Kharif,41296.0,69997.0,1.7,,,,,,,,,,,,,
Tamil Nadu,35. Tiruvannamalai,2015,Groundnut,Rabi,25739.0,46099.0,1.79,,,,,,,,,,,,,
Tamil Nadu,35. Tiruvannamalai,2015,Horse-gram,Kharif,2116.0,1348.0,0.64,,,,,,,,,,,,,
Tamil Nadu,35. Tiruvannamalai,2015,Horse-gram,Rabi,3374.0,2149.0,0.64,,,,,,,,,,,,,
Tamil Nadu,35. Tiruvannamalai,2015,Jowar,Kharif,305.0,319.0,1.05,,,,,,,,,,,,,
Tamil Nadu,35. Tiruvannamalai,2015,Jowar,Rabi,66.0,106.0,1.61,,,,,,,,,,,,,
Tamil Nadu,35. Tiruvannamalai,2015,Maize,Kharif,1224.0,8999.0,7.35,,,,,,,,,,,,,
Tamil Nadu,35. Tiruvannamalai,2015,Maize,Rabi,702.0,4804.0,6.84,,,,,,,,,,,,,
Tamil Nadu,35. Tiruvannamalai,2015,Masoor,Kharif,2253.0,2001.0,0.89,,,,,,,,,,,,,
Tamil Nadu,35. Tiruvannamalai,2015,Moong(Green Gram),Kharif,660.0,523.0,0.79,,,,,,,,,,,,,
Tamil Nadu,35. Tiruvannamalai,2015,Moong(Green Gram),Rabi,415.0,217.0,0.52,,,,,,,,,,,,,
Tamil Nadu,35. Tiruvannamalai,2015,Onion,Kharif,58.0,559.0,9.64,,,,,,,,,,,,,
Tamil Nadu,35. Tiruvannamalai,2015,Onion,Rabi,66.0,428.0,6.48,,,,,,,,,,,,,
Tamil Nadu,35. Tiruvannamalai,2015,Other Kharif pulses,Kharif,1124.0,658.0,0.59,,,,,,,,,,,,,
Tamil Nadu,35. Tiruvannamalai,2015,Ragi,Kharif,517.0,1540.0,2.98,,,,,,,,,,,,,
Tamil Nadu,35. Tiruvannamalai,2015,Ragi,Rabi,1484.0,3001.0,2.02,,,,,,,,,,,,,
Tamil Nadu,35. Tiruvannamalai,2015,Rice,Kharif,138880.0,550738.0,3.97,,,,,,,,,,,,,
Tamil Nadu,35. Tiruvannamalai,2015,Sesamum,Kharif,154.0,85.0,0.55,,,,,,,,,,,,,
Tamil Nadu,35. Tiruvannamalai,2015,Sesamum,Rabi,817.0,589.0,0.72,,,,,,,,,,,,,
Tamil Nadu,35. Tiruvannamalai,2015,Small millets,Kharif,5656.0,10712.0,1.89,,,,,,,,,,,,,
Tamil Nadu,35. Tiruvannamalai,2015,Small millets,Rabi,10.0,19.0,1.9,,,,,,,,,,,,,
Tamil Nadu,35. Tiruvannamalai,2015,Sunflower,Kharif,62.0,88.0,1.42,,,,,,,,,,,,,
Tamil Nadu,35. Tiruvannamalai,2015,Sunflower,Rabi,144.0,197.0,1.37,,,,,,,,,,,,,
Tamil Nadu,35. Tiruvannamalai,2015,Urad,Kharif,5942.0,3607.0,0.61,,,,,,,,,,,,,
Tamil Nadu,35. Tiruvannamalai,2015,Urad,Rabi,6898.0,4366.0,0.63,,,,,,,,,,,,,
Tamil Nadu,35. Tiruvannamalai,2015,Gram,Rabi,2.0,1.0,0.5,,,,,,,,,,,,,
Tamil Nadu,35. Tiruvannamalai,2016,Bajra,Kharif,3022.0,7540.0,2.5,,,,,,,,,,,,,
Tamil Nadu,35. Tiruvannamalai,2016,Bajra,Rabi,140.0,71.0,0.51,,,,,,,,,,,,,
Tamil Nadu,35. Tiruvannamalai,2016,Castor seed,Kharif,4.0,2.0,0.5,,,,,,,,,,,,,
Tamil Nadu,35. Tiruvannamalai,2016,Cotton(lint),Kharif,163.0,211.0,1.29,,,,,,,,,,,,,
Tamil Nadu,35. Tiruvannamalai,2016,Cotton(lint),Rabi,90.0,132.0,1.47,,,,,,,,,,,,,
Tamil Nadu,35. Tiruvannamalai,2016,Groundnut,Kharif,33963.0,54545.0,1.61,,,,,,,,,,,,,
Tamil Nadu,35. Tiruvannamalai,2016,Groundnut,Rabi,16767.0,31224.0,1.86,,,,,,,,,,,,,
Tamil Nadu,35. Tiruvannamalai,2016,Horse-gram,Kharif,13.0,13.0,1.0,,,,,,,,,,,,,
Tamil Nadu,35. Tiruvannamalai,2016,Horse-gram,Rabi,1871.0,1871.0,1.0,,,,,,,,,,,,,
Tamil Nadu,35. Tiruvannamalai,2016,Jowar,Kharif,216.0,179.0,0.83,,,,,,,,,,,,,
Tamil Nadu,35. Tiruvannamalai,2016,Jowar,Rabi,48.0,16.0,0.33,,,,,,,,,,,,,
Tamil Nadu,35. Tiruvannamalai,2016,Maize,Kharif,852.0,3880.0,4.55,,,,,,,,,,,,,
Tamil Nadu,35. Tiruvannamalai,2016,Maize,Rabi,790.0,992.0,1.26,,,,,,,,,,,,,
Tamil Nadu,35. Tiruvannamalai,2016,Moong(Green Gram),Kharif,571.0,461.0,0.81,,,,,,,,,,,,,
Tamil Nadu,35. Tiruvannamalai,2016,Moong(Green Gram),Rabi,237.0,57.0,0.24,,,,,,,,,,,,,
Tamil Nadu,35. Tiruvannamalai,2016,Onion,Kharif,46.0,482.0,10.48,,,,,,,,,,,,,
Tamil Nadu,35. Tiruvannamalai,2016,Onion,Rabi,22.0,113.0,5.14,,,,,,,,,,,,,
Tamil Nadu,35. Tiruvannamalai,2016,Ragi,Kharif,243.0,400.0,1.65,,,,,,,,,,,,,
Tamil Nadu,35. Tiruvannamalai,2016,Ragi,Rabi,886.0,2349.0,2.65,,,,,,,,,,,,,
Tamil Nadu,35. Tiruvannamalai,2016,Rice,Kharif,78149.0,291303.0,3.73,,,,,,,,,,,,,
Tamil Nadu,35. Tiruvannamalai,2016,Sesamum,Rabi,1155.0,356.0,0.31,,,,,,,,,,,,,
Tamil Nadu,35. Tiruvannamalai,2016,Small millets,Kharif,5523.0,6958.0,1.26,,,,,,,,,,,,,
Tamil Nadu,35. Tiruvannamalai,2016,Sunflower,Kharif,47.0,40.0,0.85,,,,,,,,,,,,,
Tamil Nadu,35. Tiruvannamalai,2016,Sunflower,Rabi,27.0,37.0,1.37,,,,,,,,,,,,,
Tamil Nadu,35. Tiruvannamalai,2016,Urad,Kharif,10814.0,5233.0,0.48,,,,,,,,,,,,,
Tamil Nadu,35. Tiruvannamalai,2016,Urad,Rabi,20889.0,8758.0,0.42,,,,,,,,,,,,,
Tamil Nadu,35. Tiruvannamalai,2016,Arhar/Tur,Kharif,1713.0,1677.0,0.98,,,,,,,,,,,,,
Tamil Nadu,35. Tiruvannamalai,2016,Gram,Rabi,42.0,12.0,0.29,,,,,,,,,,,,,
Tamil Nadu,35. Tiruvannamalai,2017,Bajra,Kharif,5175.0,9776.0,1.89,,,,,,,,,,,,,
Tamil Nadu,35. Tiruvannamalai,2017,Bajra,Rabi,908.0,4130.0,4.55,,,,,,,,,,,,,
Tamil Nadu,35. Tiruvannamalai,2017,Castor seed,Kharif,8.0,2.97,0.37,,,,,,,,,,,,,
Tamil Nadu,35. Tiruvannamalai,2017,Cotton(lint),Kharif,226.0,1.0,0.0,,,,,,,,,,,,,
Tamil Nadu,35. Tiruvannamalai,2017,Cotton(lint),Rabi,361.0,1.0,0.0,,,,,,,,,,,,,
Tamil Nadu,35. Tiruvannamalai,2017,Groundnut,Kharif,33685.0,83808.0,2.49,,,,,,,,,,,,,
Tamil Nadu,35. Tiruvannamalai,2017,Groundnut,Rabi,30177.0,118143.0,3.92,,,,,,,,,,,,,
Tamil Nadu,35. Tiruvannamalai,2017,Horse-gram,Kharif,157.0,146.0,0.93,,,,,,,,,,,,,
Tamil Nadu,35. Tiruvannamalai,2017,Horse-gram,Rabi,4083.0,3797.0,0.93,,,,,,,,,,,,,
Tamil Nadu,35. Tiruvannamalai,2017,Jowar,Kharif,308.0,351.0,1.14,,,,,,,,,,,,,
Tamil Nadu,35. Tiruvannamalai,2017,Jowar,Rabi,380.0,410.0,1.08,,,,,,,,,,,,,
Tamil Nadu,35. Tiruvannamalai,2017,Maize,Kharif,544.0,5015.0,9.22,,,,,,,,,,,,,
Tamil Nadu,35. Tiruvannamalai,2017,Maize,Rabi,1564.0,10466.0,6.69,,,,,,,,,,,,,
Tamil Nadu,35. Tiruvannamalai,2017,Moong(Green Gram),Kharif,290.0,177.0,0.61,,,,,,,,,,,,,
Tamil Nadu,35. Tiruvannamalai,2017,Moong(Green Gram),Rabi,338.0,135.0,0.4,,,,,,,,,,,,,
Tamil Nadu,35. Tiruvannamalai,2017,Onion,Kharif,10.0,97.0,9.7,,,,,,,,,,,,,
Tamil Nadu,35. Tiruvannamalai,2017,Onion,Rabi,11.0,102.0,9.27,,,,,,,,,,,,,
Tamil Nadu,35. Tiruvannamalai,2017,Other Kharif pulses,Kharif,124.0,82.0,0.66,,,,,,,,,,,,,
Tamil Nadu,35. Tiruvannamalai,2017,Ragi,Kharif,1452.0,4973.0,3.42,,,,,,,,,,,,,
Tamil Nadu,35. Tiruvannamalai,2017,Ragi,Rabi,3387.0,13599.0,4.02,,,,,,,,,,,,,
Tamil Nadu,35. Tiruvannamalai,2017,Rice,Autumn,15163.0,60243.0,3.97,,,,,,,,,,,,,
Tamil Nadu,35. Tiruvannamalai,2017,Rice,Winter,85777.0,363008.0,4.23,,,,,,,,,,,,,
Tamil Nadu,35. Tiruvannamalai,2017,Sesamum,Kharif,253.0,108.0,0.43,,,,,,,,,,,,,
Tamil Nadu,35. Tiruvannamalai,2017,Sesamum,Rabi,1878.0,1153.0,0.61,,,,,,,,,,,,,
Tamil Nadu,35. Tiruvannamalai,2017,Small millets,Kharif,6092.0,7243.0,1.19,,,,,,,,,,,,,
Tamil Nadu,35. Tiruvannamalai,2017,Small millets,Rabi,13.0,9.0,0.69,,,,,,,,,,,,,
Tamil Nadu,35. Tiruvannamalai,2017,Sunflower,Kharif,27.0,53.0,1.96,,,,,,,,,,,,,
Tamil Nadu,35. Tiruvannamalai,2017,Sunflower,Rabi,172.0,296.0,1.72,,,,,,,,,,,,,
Tamil Nadu,35. Tiruvannamalai,2017,Urad,Kharif,7145.0,4901.0,0.69,,,,,,,,,,,,,
Tamil Nadu,35. Tiruvannamalai,2017,Urad,Rabi,14712.0,9931.0,0.68,,,,,,,,,,,,,
Tamil Nadu,35. Tiruvannamalai,2017,Arhar/Tur,Kharif,1172.0,1963.0,1.67,,,,,,,,,,,,,
Tamil Nadu,35. Tiruvannamalai,2017,Other Cereals,Kharif,5.0,3.0,0.6,,,,,,,,,,,,,
Tamil Nadu,35. Tiruvannamalai,2017,Other Cereals,Rabi,15.0,9.0,0.6,,,,,,,,,,,,,
Tamil Nadu,35. Tiruvannamalai,2017,Cowpea(Lobia),Kharif,557.0,400.0,0.72,,,,,,,,,,,,,
Tamil Nadu,35. Tiruvannamalai,2017,Cowpea(Lobia),Rabi,308.0,201.0,0.65,,,,,,,,,,,,,
Tamil Nadu,35. Tiruvannamalai,2017,Other Rabi pulses,Rabi,11.0,7.0,0.64,,,,,,,,,,,,,
Tamil Nadu,35. Tiruvannamalai,2017,Gram,Rabi,5.0,5.0,1.0,,,,,,,,,,,,,
Tamil Nadu,35. Tiruvannamalai,2018,Bajra,Kharif,2183.0,4901.0,2.25,,,,,,,,,,,,,
Tamil Nadu,35. Tiruvannamalai,2018,Bajra,Rabi,258.0,1031.0,4.0,,,,,,,,,,,,,
Tamil Nadu,35. Tiruvannamalai,2018,Cotton(lint),Kharif,239.0,518.0,2.17,,,,,,,,,,,,,
Tamil Nadu,35. Tiruvannamalai,2018,Cotton(lint),Rabi,346.0,898.0,2.6,,,,,,,,,,,,,
Tamil Nadu,35. Tiruvannamalai,2018,Groundnut,Kharif,34195.0,75715.0,2.21,,,,,,,,,,,,,
Tamil Nadu,35. Tiruvannamalai,2018,Groundnut,Rabi,39293.0,124015.0,3.16,,,,,,,,,,,,,
Tamil Nadu,35. Tiruvannamalai,2018,Horse-gram,Kharif,8.0,5.0,0.63,,,,,,,,,,,,,
Tamil Nadu,35. Tiruvannamalai,2018,Horse-gram,Rabi,6857.0,4249.0,0.62,,,,,,,,,,,,,
Tamil Nadu,35. Tiruvannamalai,2018,Jowar,Kharif,9.0,10.0,1.11,,,,,,,,,,,,,
Tamil Nadu,35. Tiruvannamalai,2018,Jowar,Rabi,13.0,16.0,1.23,,,,,,,,,,,,,
Tamil Nadu,35. Tiruvannamalai,2018,Maize,Kharif,498.0,3777.0,7.58,,,,,,,,,,,,,
Tamil Nadu,35. Tiruvannamalai,2018,Maize,Rabi,713.0,2988.0,4.19,,,,,,,,,,,,,
Tamil Nadu,35. Tiruvannamalai,2018,Moong(Green Gram),Kharif,452.0,350.0,0.77,,,,,,,,,,,,,
Tamil Nadu,35. Tiruvannamalai,2018,Moong(Green Gram),Rabi,707.0,289.0,0.41,,,,,,,,,,,,,
Tamil Nadu,35. Tiruvannamalai,2018,Onion,Kharif,31.0,270.0,8.71,,,,,,,,,,,,,
Tamil Nadu,35. Tiruvannamalai,2018,Onion,Rabi,45.0,257.0,5.71,,,,,,,,,,,,,
Tamil Nadu,35. Tiruvannamalai,2018,Other Kharif pulses,Kharif,43.0,23.0,0.53,,,,,,,,,,,,,
Tamil Nadu,35. Tiruvannamalai,2018,Ragi,Kharif,429.0,1350.0,3.15,,,,,,,,,,,,,
Tamil Nadu,35. Tiruvannamalai,2018,Ragi,Rabi,2753.0,8909.0,3.24,,,,,,,,,,,,,
Tamil Nadu,35. Tiruvannamalai,2018,Rice,Autumn,20777.0,73540.0,3.54,,,,,,,,,,,,,
Tamil Nadu,35. Tiruvannamalai,2018,Rice,Winter,44067.0,178641.0,4.05,,,,,,,,,,,,,
Tamil Nadu,35. Tiruvannamalai,2018,Sesamum,Kharif,110.0,52.0,0.47,,,,,,,,,,,,,
Tamil Nadu,35. Tiruvannamalai,2018,Sesamum,Rabi,1696.0,844.0,0.5,,,,,,,,,,,,,
Tamil Nadu,35. Tiruvannamalai,2018,Small millets,Kharif,7250.0,14392.0,1.99,,,,,,,,,,,,,
Tamil Nadu,35. Tiruvannamalai,2018,Sunflower,Kharif,9.0,15.0,1.67,,,,,,,,,,,,,
Tamil Nadu,35. Tiruvannamalai,2018,Sunflower,Rabi,119.0,76.0,0.64,,,,,,,,,,,,,
Tamil Nadu,35. Tiruvannamalai,2018,Urad,Kharif,8557.0,3512.0,0.41,,,,,,,,,,,,,
Tamil Nadu,35. Tiruvannamalai,2018,Urad,Rabi,34683.0,22228.0,0.64,,,,,,,,,,,,,
Tamil Nadu,35. Tiruvannamalai,2018,Arhar/Tur,Kharif,1569.0,1989.0,1.27,,,,,,,,,,,,,
Tamil Nadu,35. Tiruvannamalai,2018,Other Cereals,Kharif,1.0,1.0,1.0,,,,,,,,,,,,,
Tamil Nadu,35. Tiruvannamalai,2018,Cowpea(Lobia),Kharif,719.0,566.0,0.79,,,,,,,,,,,,,
Tamil Nadu,35. Tiruvannamalai,2018,Cowpea(Lobia),Rabi,880.0,749.0,0.85,,,,,,,,,,,,,
Tamil Nadu,35. Tiruvannamalai,2018,Other Rabi pulses,Rabi,121.0,64.0,0.53,,,,,,,,,,,,,
Tamil Nadu,35. Tiruvannamalai,2019,Bajra,Kharif,3732.0,15667.0,4.2,,,,,,,,,,,,,
Tamil Nadu,35. Tiruvannamalai,2019,Bajra,Rabi,331.0,1277.0,3.86,,,,,,,,,,,,,
Tamil Nadu,35. Tiruvannamalai,2019,Cotton(lint),Kharif,396.0,965.0,2.44,,,,,,,,,,,,,
Tamil Nadu,35. Tiruvannamalai,2019,Cotton(lint),Rabi,487.0,1219.0,2.5,,,,,,,,,,,,,
Tamil Nadu,35. Tiruvannamalai,2019,Groundnut,Kharif,42335.0,115077.0,2.72,,,,,,,,,,,,,
Tamil Nadu,35. Tiruvannamalai,2019,Groundnut,Rabi,38879.0,119729.0,3.08,,,,,,,,,,,,,
Tamil Nadu,35. Tiruvannamalai,2019,Horse-gram,Kharif,10.0,10.0,1.0,,,,,,,,,,,,,
Tamil Nadu,35. Tiruvannamalai,2019,Horse-gram,Rabi,7403.0,7218.0,0.98,,,,,,,,,,,,,
Tamil Nadu,35. Tiruvannamalai,2019,Jowar,Kharif,31.0,37.0,1.19,,,,,,,,,,,,,
Tamil Nadu,35. Tiruvannamalai,2019,Jowar,Rabi,4.0,5.0,1.25,,,,,,,,,,,,,
Tamil Nadu,35. Tiruvannamalai,2019,Maize,Kharif,393.0,3512.0,8.94,,,,,,,,,,,,,
Tamil Nadu,35. Tiruvannamalai,2019,Maize,Rabi,355.0,2391.0,6.74,,,,,,,,,,,,,
Tamil Nadu,35. Tiruvannamalai,2019,Moong(Green Gram),Kharif,786.0,451.0,0.57,,,,,,,,,,,,,
Tamil Nadu,35. Tiruvannamalai,2019,Moong(Green Gram),Rabi,1176.0,499.0,0.42,,,,,,,,,,,,,
Tamil Nadu,35. Tiruvannamalai,2019,Onion,Kharif,33.0,301.0,9.12,,,,,,,,,,,,,
Tamil Nadu,35. Tiruvannamalai,2019,Onion,Rabi,70.0,495.0,7.07,,,,,,,,,,,,,
Tamil Nadu,35. Tiruvannamalai,2019,Other Kharif pulses,Kharif,189.0,141.0,0.75,,,,,,,,,,,,,
Tamil Nadu,35. Tiruvannamalai,2019,Ragi,Kharif,579.0,1732.0,2.99,,,,,,,,,,,,,
Tamil Nadu,35. Tiruvannamalai,2019,Ragi,Rabi,3298.0,10881.0,3.3,,,,,,,,,,,,,
Tamil Nadu,35. Tiruvannamalai,2019,Rice,Autumn,11356.0,46903.0,4.13,,,,,,,,,,,,,
Tamil Nadu,35. Tiruvannamalai,2019,Rice,Winter,88153.0,382922.0,4.34,,,,,,,,,,,,,
Tamil Nadu,35. Tiruvannamalai,2019,Sesamum,Kharif,132.0,73.0,0.55,,,,,,,,,,,,,
Tamil Nadu,35. Tiruvannamalai,2019,Sesamum,Rabi,2393.0,2050.0,0.86,,,,,,,,,,,,,
Tamil Nadu,35. Tiruvannamalai,2019,Small millets,Kharif,5567.0,11834.0,2.13,,,,,,,,,,,,,
Tamil Nadu,35. Tiruvannamalai,2019,Sunflower,Kharif,10.0,10.0,1.0,,,,,,,,,,,,,
Tamil Nadu,35. Tiruvannamalai,2019,Sunflower,Rabi,76.0,185.0,2.43,,,,,,,,,,,,,
Tamil Nadu,35. Tiruvannamalai,2019,Urad,Kharif,9097.0,6060.0,0.67,,,,,,,,,,,,,
Tamil Nadu,35. Tiruvannamalai,2019,Urad,Rabi,26847.0,24731.0,0.92,,,,,,,,,,,,,
Tamil Nadu,35. Tiruvannamalai,2019,Arhar/Tur,Kharif,912.0,1312.0,1.44,,,,,,,,,,,,,
Tamil Nadu,35. Tiruvannamalai,2019,Arhar/Tur,Rabi,440.0,634.0,1.44,,,,,,,,,,,,,
Tamil Nadu,35. Tiruvannamalai,2019,Other Cereals,Rabi,13.0,22.0,1.69,,,,,,,,,,,,,
Tamil Nadu,35. Tiruvannamalai,2019,Cowpea(Lobia),Kharif,1121.0,879.0,0.78,,,,,,,,,,,,,
Tamil Nadu,35. Tiruvannamalai,2019,Cowpea(Lobia),Rabi,1494.0,1049.0,0.7,,,,,,,,,,,,,
Tamil Nadu,35. Tiruvannamalai,2019,Other Rabi pulses,Rabi,206.0,156.0,0.76,,,,,,,,,,,,,
Tamil Nadu,35. Tiruvannamalai,2019,Potato,Rabi,2.0,44.0,22.0,,,,,,,,,,,,,
Tamil Nadu,35. Tiruvannamalai,2020,Bajra,Kharif,5396.0,18327.0,3.4,,,,,,,,,,,,,
Tamil Nadu,35. Tiruvannamalai,2020,Bajra,Rabi,638.0,1049.0,1.64,,,,,,,,,,,,,
Tamil Nadu,35. Tiruvannamalai,2020,Castor seed,Kharif,2.0,1.0,0.5,,,,,,,,,,,,,
Tamil Nadu,35. Tiruvannamalai,2020,Cotton(lint),Kharif,282.0,549.0,1.95,,,,,,,,,,,,,
Tamil Nadu,35. Tiruvannamalai,2020,Cotton(lint),Rabi,353.0,854.0,2.42,,,,,,,,,,,,,
Tamil Nadu,35. Tiruvannamalai,2020,Groundnut,Kharif,58481.0,116896.0,2.0,,,,,,,,,,,,,
Tamil Nadu,35. Tiruvannamalai,2020,Groundnut,Rabi,34508.0,84389.0,2.45,,,,,,,,,,,,,
Tamil Nadu,35. Tiruvannamalai,2020,Horse-gram,Kharif,32.0,19.0,0.59,,,,,,,,,,,,,
Tamil Nadu,35. Tiruvannamalai,2020,Horse-gram,Rabi,5985.0,3594.0,0.6,,,,,,,,,,,,,
Tamil Nadu,35. Tiruvannamalai,2020,Jowar,Kharif,33.0,37.0,1.12,,,,,,,,,,,,,
Tamil Nadu,35. Tiruvannamalai,2020,Jowar,Rabi,5.0,4.0,0.8,,,,,,,,,,,,,
Tamil Nadu,35. Tiruvannamalai,2020,Maize,Kharif,253.0,1840.0,7.27,,,,,,,,,,,,,
Tamil Nadu,35. Tiruvannamalai,2020,Maize,Rabi,712.0,3765.0,5.29,,,,,,,,,,,,,
Tamil Nadu,35. Tiruvannamalai,2020,Moong(Green Gram),Kharif,986.0,863.0,0.88,,,,,,,,,,,,,
Tamil Nadu,35. Tiruvannamalai,2020,Moong(Green Gram),Rabi,1150.0,324.0,0.28,,,,,,,,,,,,,
Tamil Nadu,35. Tiruvannamalai,2020,Onion,Kharif,48.0,471.0,9.81,,,,,,,,,,,,,
Tamil Nadu,35. Tiruvannamalai,2020,Onion,Rabi,199.0,1106.0,5.56,,,,,,,,,,,,,
Tamil Nadu,35. Tiruvannamalai,2020,Other Kharif pulses,Kharif,103.0,61.0,0.59,,,,,,,,,,,,,
Tamil Nadu,35. Tiruvannamalai,2020,Ragi,Kharif,640.0,2078.0,3.25,,,,,,,,,,,,,
Tamil Nadu,35. Tiruvannamalai,2020,Ragi,Rabi,3767.0,12976.0,3.44,,,,,,,,,,,,,
Tamil Nadu,35. Tiruvannamalai,2020,Rice,Autumn,25295.0,108023.0,4.27,,,,,,,,,,,,,
Tamil Nadu,35. Tiruvannamalai,2020,Rice,Winter,53220.0,198721.0,3.73,,,,,,,,,,,,,
Tamil Nadu,35. Tiruvannamalai,2020,Sesamum,Kharif,479.0,393.0,0.82,,,,,,,,,,,,,
Tamil Nadu,35. Tiruvannamalai,2020,Sesamum,Rabi,1783.0,1294.0,0.73,,,,,,,,,,,,,
Tamil Nadu,35. Tiruvannamalai,2020,Small millets,Kharif,5442.0,8442.0,1.55,,,,,,,,,,,,,
Tamil Nadu,35. Tiruvannamalai,2020,Small millets,Rabi,3.0,4.0,1.33,,,,,,,,,,,,,
Tamil Nadu,35. Tiruvannamalai,2020,Sunflower,Rabi,13.0,19.0,1.46,,,,,,,,,,,,,
Tamil Nadu,35. Tiruvannamalai,2020,Urad,Kharif,10753.0,8289.0,0.77,,,,,,,,,,,,,
Tamil Nadu,35. Tiruvannamalai,2020,Urad,Rabi,29077.0,29185.0,1.0,,,,,,,,,,,,,
Tamil Nadu,35. Tiruvannamalai,2020,Arhar/Tur,Kharif,1074.0,1241.0,1.16,,,,,,,,,,,,,
Tamil Nadu,35. Tiruvannamalai,2020,Arhar/Tur,Rabi,570.0,658.0,1.15,,,,,,,,,,,,,
Tamil Nadu,35. Tiruvannamalai,2020,Other Cereals,Kharif,5.0,8.0,1.6,,,,,,,,,,,,,
Tamil Nadu,35. Tiruvannamalai,2020,Other Cereals,Rabi,1.0,2.0,2.0,,,,,,,,,,,,,
Tamil Nadu,35. Tiruvannamalai,2020,Cowpea(Lobia),Kharif,1475.0,1241.0,0.84,,,,,,,,,,,,,
Tamil Nadu,35. Tiruvannamalai,2020,Cowpea(Lobia),Rabi,1158.0,774.0,0.67,,,,,,,,,,,,,
Tamil Nadu,35. Tiruvannamalai,2020,Other Rabi pulses,Rabi,140.0,82.0,0.59,,,,,,,,,,,,,
Tamil Nadu,35. Tiruvannamalai,2021,Bajra,Kharif,3512.0,7394.0,2.11,,,,,,,,,,,,,
Tamil Nadu,35. Tiruvannamalai,2021,Bajra,Rabi,114.0,437.0,3.83,,,,,,,,,,,,,
Tamil Nadu,35. Tiruvannamalai,2021,Castor seed,Kharif,14.0,5.0,0.36,,,,,,,,,,,,,
Tamil Nadu,35. Tiruvannamalai,2021,Cotton(lint),Kharif,292.0,472.0,1.62,,,,,,,,,,,,,
Tamil Nadu,35. Tiruvannamalai,2021,Cotton(lint),Rabi,1058.0,2525.0,2.39,,,,,,,,,,,,,
Tamil Nadu,35. Tiruvannamalai,2021,Groundnut,Kharif,49481.0,93251.0,1.88,,,,,,,,,,,,,
Tamil Nadu,35. Tiruvannamalai,2021,Groundnut,Rabi,26753.0,77082.0,2.88,,,,,,,,,,,,,
Tamil Nadu,35. Tiruvannamalai,2021,Horse-gram,Kharif,14.0,13.0,0.93,,,,,,,,,,,,,
Tamil Nadu,35. Tiruvannamalai,2021,Horse-gram,Rabi,3300.0,2934.0,0.89,,,,,,,,,,,,,
Tamil Nadu,35. Tiruvannamalai,2021,Jowar,Kharif,30.0,32.0,1.07,,,,,,,,,,,,,
Tamil Nadu,35. Tiruvannamalai,2021,Jowar,Rabi,2.0,2.0,1.0,,,,,,,,,,,,,
Tamil Nadu,35. Tiruvannamalai,2021,Maize,Kharif,612.0,4930.0,8.06,,,,,,,,,,,,,
Tamil Nadu,35. Tiruvannamalai,2021,Maize,Rabi,916.0,5555.0,6.06,,,,,,,,,,,,,
Tamil Nadu,35. Tiruvannamalai,2021,Moong(Green Gram),Kharif,835.0,679.0,0.81,,,,,,,,,,,,,
Tamil Nadu,35. Tiruvannamalai,2021,Moong(Green Gram),Rabi,1227.0,398.0,0.32,,,,,,,,,,,,,
Tamil Nadu,35. Tiruvannamalai,2021,Onion,Kharif,105.0,963.0,9.17,,,,,,,,,,,,,
Tamil Nadu,35. Tiruvannamalai,2021,Onion,Rabi,204.0,1228.0,6.02,,,,,,,,,,,,,
Tamil Nadu,35. Tiruvannamalai,2021,Other Kharif pulses,Kharif,65.0,38.0,0.58,,,,,,,,,,,,,
Tamil Nadu,35. Tiruvannamalai,2021,Other Kharif pulses,Rabi,64.0,36.0,0.56,,,,,,,,,,,,,
Tamil Nadu,35. Tiruvannamalai,2021,Ragi,Kharif,637.0,1789.0,2.81,,,,,,,,,,,,,
Tamil Nadu,35. Tiruvannamalai,2021,Ragi,Rabi,3399.0,10722.0,3.15,,,,,,,,,,,,,
Tamil Nadu,35. Tiruvannamalai,2021,Rice,Autumn,37002.0,142808.0,3.86,,,,,,,,,,,,,
Tamil Nadu,35. Tiruvannamalai,2021,Rice,Winter,83852.0,266495.0,3.18,,,,,,,,,,,,,
Tamil Nadu,35. Tiruvannamalai,2021,Sesamum,Kharif,997.0,735.0,0.74,,,,,,,,,,,,,
Tamil Nadu,35. Tiruvannamalai,2021,Sesamum,Rabi,983.0,658.0,0.67,,,,,,,,,,,,,
Tamil Nadu,35. Tiruvannamalai,2021,Small millets,Kharif,5286.0,7436.0,1.41,,,,,,,,,,,,,
Tamil Nadu,35. Tiruvannamalai,2021,Sunflower,Rabi,8.0,12.0,1.5,,,,,,,,,,,,,
Tamil Nadu,35. Tiruvannamalai,2021,Urad,Kharif,9692.0,7428.0,0.77,,,,,,,,,,,,,
Tamil Nadu,35. Tiruvannamalai,2021,Urad,Rabi,33307.0,27688.0,0.83,,,,,,,,,,,,,
Tamil Nadu,35. Tiruvannamalai,2021,Arhar/Tur,Kharif,1237.0,1853.0,1.5,,,,,,,,,,,,,
Tamil Nadu,35. Tiruvannamalai,2021,Arhar/Tur,Rabi,346.0,518.0,1.5,,,,,,,,,,,,,
Tamil Nadu,35. Tiruvannamalai,2021,Other Cereals,Kharif,9.0,15.0,1.67,,,,,,,,,,,,,
Tamil Nadu,35. Tiruvannamalai,2021,Other Cereals,Rabi,20.0,34.0,1.7,,,,,,,,,,,,,
Tamil Nadu,35. Tiruvannamalai,2021,Cowpea(Lobia),Kharif,1256.0,989.0,0.79,,,,,,,,,,,,,
Tamil Nadu,35. Tiruvannamalai,2021,Cowpea(Lobia),Rabi,1194.0,737.0,0.62,,,,,,,,,,,,,
Tamil Nadu,35. Tiruvannamalai,2022,Bajra,Kharif,2199.0,4403.0,2.0,,,,,,,,,,,,,
Tamil Nadu,35. Tiruvannamalai,2022,Bajra,Rabi,19.0,47.0,2.47,,,,,,,,,,,,,
Tamil Nadu,35. Tiruvannamalai,2022,Castor seed,Kharif,13.0,4.0,0.31,,,,,,,,,,,,,
Tamil Nadu,35. Tiruvannamalai,2022,Cotton(lint),Kharif,238.0,463.0,1.95,,,,,,,,,,,,,
Tamil Nadu,35. Tiruvannamalai,2022,Cotton(lint),Rabi,1946.0,3479.0,1.79,,,,,,,,,,,,,
Tamil Nadu,35. Tiruvannamalai,2022,Groundnut,Kharif,41417.0,81133.0,1.96,,,,,,,,,,,,,
Tamil Nadu,35. Tiruvannamalai,2022,Groundnut,Rabi,26627.0,73700.0,2.77,,,,,,,,,,,,,
Tamil Nadu,35. Tiruvannamalai,2022,Horse-gram,Kharif,1.0,1.0,1.0,,,,,,,,,,,,,
Tamil Nadu,35. Tiruvannamalai,2022,Horse-gram,Rabi,4954.0,4187.0,0.85,,,,,,,,,,,,,
Tamil Nadu,35. Tiruvannamalai,2022,Jowar,Kharif,17.0,13.0,0.76,,,,,,,,,,,,,
Tamil Nadu,35. Tiruvannamalai,2022,Jowar,Rabi,5.0,4.0,0.8,,,,,,,,,,,,,
Tamil Nadu,35. Tiruvannamalai,2022,Maize,Kharif,813.0,6345.0,7.8,,,,,,,,,,,,,
Tamil Nadu,35. Tiruvannamalai,2022,Maize,Rabi,1822.0,11184.0,6.14,,,,,,,,,,,,,
Tamil Nadu,35. Tiruvannamalai,2022,Moong(Green Gram),Kharif,608.0,482.0,0.79,,,,,,,,,,,,,
Tamil Nadu,35. Tiruvannamalai,2022,Moong(Green Gram),Rabi,755.0,231.0,0.31,,,,,,,,,,,,,
Tamil Nadu,35. Tiruvannamalai,2022,Onion,Kharif,40.0,381.0,9.53,,,,,,,,,,,,,
Tamil Nadu,35. Tiruvannamalai,2022,Onion,Rabi,69.0,526.0,7.62,,,,,,,,,,,,,
Tamil Nadu,35. Tiruvannamalai,2022,Other Kharif pulses,Kharif,90.0,50.0,0.56,,,,,,,,,,,,,
Tamil Nadu,35. Tiruvannamalai,2022,Ragi,Kharif,591.0,1564.0,2.65,,,,,,,,,,,,,
Tamil Nadu,35. Tiruvannamalai,2022,Ragi,Rabi,1732.0,5789.0,3.34,,,,,,,,,,,,,
Tamil Nadu,35. Tiruvannamalai,2022,Rice,Autumn,38590.0,150778.0,3.91,,,,,,,,,,,,,
Tamil Nadu,35. Tiruvannamalai,2022,Rice,Winter,71829.0,241070.0,3.36,,,,,,,,,,,,,
Tamil Nadu,35. Tiruvannamalai,2022,Sesamum,Kharif,225.0,144.0,0.64,,,,,,,,,,,,,
Tamil Nadu,35. Tiruvannamalai,2022,Sesamum,Rabi,700.0,520.0,0.74,,,,,,,,,,,,,
Tamil Nadu,35. Tiruvannamalai,2022,Small millets,Kharif,5088.0,6822.0,1.34,,,,,,,,,,,,,
Tamil Nadu,35. Tiruvannamalai,2022,Small millets,Rabi,1.0,2.0,2.0,,,,,,,,,,,,,
Tamil Nadu,35. Tiruvannamalai,2022,Sunflower,Kharif,25.0,40.0,1.6,,,,,,,,,,,,,
Tamil Nadu,35. Tiruvannamalai,2022,Urad,Kharif,6946.0,6201.0,0.89,,,,,,,,,,,,,
Tamil Nadu,35. Tiruvannamalai,2022,Urad,Rabi,23674.0,21024.0,0.89,,,,,,,,,,,,,
Tamil Nadu,35. Tiruvannamalai,2022,Arhar/Tur,Kharif,601.0,624.0,1.04,,,,,,,,,,,,,
Tamil Nadu,35. Tiruvannamalai,2022,Arhar/Tur,Rabi,374.0,388.0,1.04,,,,,,,,,,,,,
Tamil Nadu,35. Tiruvannamalai,2022,Other Cereals,Kharif,761.0,1268.0,1.67,,,,,,,,,,,,,
Tamil Nadu,35. Tiruvannamalai,2022,Cowpea(Lobia),Kharif,986.0,790.0,0.8,,,,,,,,,,,,,
Tamil Nadu,35. Tiruvannamalai,2022,Cowpea(Lobia),Rabi,810.0,381.0,0.47,,,,,,,,,,,,,
Tamil Nadu,35. Tiruvannamalai,2022,Other Rabi pulses,Rabi,124.0,63.0,0.51,,,,,,,,,,,,,
Tamil Nadu,36. Vellore,2015,Bajra,Kharif,2562.0,12221.0,4.77,,,,,,,,,,,,,
Tamil Nadu,36. Vellore,2015,Bajra,Rabi,11.0,27.0,2.45,,,,,,,,,,,,,
Tamil Nadu,36. Vellore,2015,Castor seed,Kharif,399.0,149.0,0.37,,,,,,,,,,,,,
Tamil Nadu,36. Vellore,2015,Cotton(lint),Kharif,8016.0,13769.0,1.72,,,,,,,,,,,,,
Tamil Nadu,36. Vellore,2015,Cotton(lint),Rabi,95.0,282.0,2.97,,,,,,,,,,,,,
Tamil Nadu,36. Vellore,2015,Groundnut,Kharif,31536.0,98203.0,3.11,,,,,,,,,,,,,
Tamil Nadu,36. Vellore,2015,Groundnut,Rabi,3078.0,7867.0,2.56,,,,,,,,,,,,,
Tamil Nadu,36. Vellore,2015,Horse-gram,Kharif,58.0,41.0,0.71,,,,,,,,,,,,,
Tamil Nadu,36. Vellore,2015,Horse-gram,Rabi,9289.0,6623.0,0.71,,,,,,,,,,,,,
Tamil Nadu,36. Vellore,2015,Jowar,Kharif,6282.0,10240.0,1.63,,,,,,,,,,,,,
Tamil Nadu,36. Vellore,2015,Jowar,Rabi,21.0,34.0,1.62,,,,,,,,,,,,,
Tamil Nadu,36. Vellore,2015,Maize,Kharif,1899.0,13961.0,7.35,,,,,,,,,,,,,
Tamil Nadu,36. Vellore,2015,Maize,Rabi,1690.0,11565.0,6.84,,,,,,,,,,,,,
Tamil Nadu,36. Vellore,2015,Masoor,Kharif,13651.0,13733.0,1.01,,,,,,,,,,,,,
Tamil Nadu,36. Vellore,2015,Moong(Green Gram),Kharif,1453.0,1123.0,0.77,,,,,,,,,,,,,
Tamil Nadu,36. Vellore,2015,Moong(Green Gram),Rabi,1175.0,615.0,0.52,,,,,,,,,,,,,
Tamil Nadu,36. Vellore,2015,Onion,Kharif,17.0,164.0,9.65,,,,,,,,,,,,,
Tamil Nadu,36. Vellore,2015,Onion,Rabi,40.0,259.0,6.48,,,,,,,,,,,,,
Tamil Nadu,36. Vellore,2015,Other Kharif pulses,Kharif,2835.0,1658.0,0.58,,,,,,,,,,,,,
Tamil Nadu,36. Vellore,2015,Ragi,Kharif,2393.0,7126.0,2.98,,,,,,,,,,,,,
Tamil Nadu,36. Vellore,2015,Ragi,Rabi,4124.0,16471.0,3.99,,,,,,,,,,,,,
Tamil Nadu,36. Vellore,2015,Rice,Kharif,51771.0,202224.0,3.91,,,,,,,,,,,,,
Tamil Nadu,36. Vellore,2015,Sesamum,Kharif,116.0,77.0,0.66,,,,,,,,,,,,,
Tamil Nadu,36. Vellore,2015,Sesamum,Rabi,107.0,66.0,0.62,,,,,,,,,,,,,
Tamil Nadu,36. Vellore,2015,Small millets,Kharif,2249.0,2746.0,1.22,,,,,,,,,,,,,
Tamil Nadu,36. Vellore,2015,Small millets,Rabi,2.0,2.0,1.0,,,,,,,,,,,,,
Tamil Nadu,36. Vellore,2015,Sunflower,Kharif,14.0,20.0,1.43,,,,,,,,,,,,,
Tamil Nadu,36. Vellore,2015,Sunflower,Rabi,39.0,37.0,0.95,,,,,,,,,,,,,
Tamil Nadu,36. Vellore,2015,Urad,Kharif,2040.0,1412.0,0.69,,,,,,,,,,,,,
Tamil Nadu,36. Vellore,2015,Urad,Rabi,944.0,662.0,0.7,,,,,,,,,,,,,
Tamil Nadu,36. Vellore,2015,Gram,Rabi,19.0,10.0,0.53,,,,,,,,,,,,,
Tamil Nadu,36. Vellore,2016,Bajra,Kharif,2442.0,6980.0,2.86,,,,,,,,,,,,,
Tamil Nadu,36. Vellore,2016,Bajra,Rabi,19.0,10.0,0.53,,,,,,,,,,,,,
Tamil Nadu,36. Vellore,2016,Castor seed,Kharif,287.0,107.0,0.37,,,,,,,,,,,,,
Tamil Nadu,36. Vellore,2016,Cotton(lint),Kharif,6021.0,10374.0,1.72,,,,,,,,,,,,,
Tamil Nadu,36. Vellore,2016,Cotton(lint),Rabi,89.0,131.0,1.47,,,,,,,,,,,,,
Tamil Nadu,36. Vellore,2016,Groundnut,Kharif,31504.0,73400.0,2.33,,,,,,,,,,,,,
Tamil Nadu,36. Vellore,2016,Groundnut,Rabi,2670.0,8050.0,3.01,,,,,,,,,,,,,
Tamil Nadu,36. Vellore,2016,Horse-gram,Kharif,113.0,48.0,0.42,,,,,,,,,,,,,
Tamil Nadu,36. Vellore,2016,Horse-gram,Rabi,4623.0,1967.0,0.43,,,,,,,,,,,,,
Tamil Nadu,36. Vellore,2016,Jowar,Kharif,5172.0,6791.0,1.31,,,,,,,,,,,,,
Tamil Nadu,36. Vellore,2016,Jowar,Rabi,179.0,61.0,0.34,,,,,,,,,,,,,
Tamil Nadu,36. Vellore,2016,Maize,Kharif,2330.0,10610.0,4.55,,,,,,,,,,,,,
Tamil Nadu,36. Vellore,2016,Maize,Rabi,773.0,3266.0,4.23,,,,,,,,,,,,,
Tamil Nadu,36. Vellore,2016,Moong(Green Gram),Kharif,1483.0,796.0,0.54,,,,,,,,,,,,,
Tamil Nadu,36. Vellore,2016,Moong(Green Gram),Rabi,1259.0,301.0,0.24,,,,,,,,,,,,,
Tamil Nadu,36. Vellore,2016,Onion,Kharif,34.0,348.0,10.24,,,,,,,,,,,,,
Tamil Nadu,36. Vellore,2016,Onion,Rabi,21.0,109.0,5.19,,,,,,,,,,,,,
Tamil Nadu,36. Vellore,2016,Ragi,Kharif,1771.0,3542.0,2.0,,,,,,,,,,,,,
Tamil Nadu,36. Vellore,2016,Ragi,Rabi,2748.0,10083.0,3.67,,,,,,,,,,,,,
Tamil Nadu,36. Vellore,2016,Rice,Kharif,44570.0,187013.0,4.2,,,,,,,,,,,,,
Tamil Nadu,36. Vellore,2016,Sesamum,Kharif,122.0,48.0,0.39,,,,,,,,,,,,,
Tamil Nadu,36. Vellore,2016,Sesamum,Rabi,236.0,89.0,0.38,,,,,,,,,,,,,
Tamil Nadu,36. Vellore,2016,Small millets,Kharif,2211.0,1777.0,0.8,,,,,,,,,,,,,
Tamil Nadu,36. Vellore,2016,Sunflower,Kharif,4.0,3.0,0.75,,,,,,,,,,,,,
Tamil Nadu,36. Vellore,2016,Sunflower,Rabi,2.0,,0.0,,,,,,,,,,,,,
Tamil Nadu,36. Vellore,2016,Urad,Kharif,2491.0,1926.0,0.77,,,,,,,,,,,,,
Tamil Nadu,36. Vellore,2016,Urad,Rabi,1229.0,444.0,0.36,,,,,,,,,,,,,
Tamil Nadu,36. Vellore,2016,Arhar/Tur,Kharif,13376.0,12540.0,0.94,,,,,,,,,,,,,
Tamil Nadu,36. Vellore,2016,Gram,Rabi,17.0,8.0,0.47,,,,,,,,,,,,,
Tamil Nadu,36. Vellore,2016,Potato,Rabi,1.0,19.0,19.0,,,,,,,,,,,,,
Tamil Nadu,36. Vellore,2017,Bajra,Kharif,1346.0,3529.0,2.62,,,,,,,,,,,,,
Tamil Nadu,36. Vellore,2017,Bajra,Rabi,6.0,12.0,2.0,,,,,,,,,,,,,
Tamil Nadu,36. Vellore,2017,Castor seed,Kharif,226.0,85.0,0.38,,,,,,,,,,,,,
Tamil Nadu,36. Vellore,2017,Cotton(lint),Kharif,6206.0,18.0,0.0,,,,,,,,,,,,,
Tamil Nadu,36. Vellore,2017,Cotton(lint),Rabi,135.0,,0.0,,,,,,,,,,,,,
Tamil Nadu,36. Vellore,2017,Groundnut,Kharif,26704.0,68095.0,2.55,,,,,,,,,,,,,
Tamil Nadu,36. Vellore,2017,Groundnut,Rabi,3138.0,10468.0,3.34,,,,,,,,,,,,,
Tamil Nadu,36. Vellore,2017,Horse-gram,Kharif,548.0,470.0,0.86,,,,,,,,,,,,,
Tamil Nadu,36. Vellore,2017,Horse-gram,Rabi,6968.0,5986.0,0.86,,,,,,,,,,,,,
Tamil Nadu,36. Vellore,2017,Jowar,Kharif,4648.0,7139.0,1.54,,,,,,,,,,,,,
Tamil Nadu,36. Vellore,2017,Jowar,Rabi,177.0,191.0,1.08,,,,,,,,,,,,,
Tamil Nadu,36. Vellore,2017,Maize,Kharif,2588.0,23859.0,9.22,,,,,,,,,,,,,
Tamil Nadu,36. Vellore,2017,Maize,Rabi,671.0,4490.0,6.69,,,,,,,,,,,,,
Tamil Nadu,36. Vellore,2017,Moong(Green Gram),Kharif,1191.0,836.0,0.7,,,,,,,,,,,,,
Tamil Nadu,36. Vellore,2017,Moong(Green Gram),Rabi,605.0,241.0,0.4,,,,,,,,,,,,,
Tamil Nadu,36. Vellore,2017,Onion,Kharif,10.0,97.0,9.7,,,,,,,,,,,,,
Tamil Nadu,36. Vellore,2017,Onion,Rabi,7.0,65.0,9.29,,,,,,,,,,,,,
Tamil Nadu,36. Vellore,2017,Other Kharif pulses,Kharif,998.0,659.0,0.66,,,,,,,,,,,,,
Tamil Nadu,36. Vellore,2017,Ragi,Kharif,2230.0,5479.0,2.46,,,,,,,,,,,,,
Tamil Nadu,36. Vellore,2017,Ragi,Rabi,4552.0,18495.0,4.06,,,,,,,,,,,,,
Tamil Nadu,36. Vellore,2017,Rice,Autumn,12552.0,53120.0,4.23,,,,,,,,,,,,,
Tamil Nadu,36. Vellore,2017,Rice,Winter,19122.0,87617.0,4.58,,,,,,,,,,,,,
Tamil Nadu,36. Vellore,2017,Sesamum,Kharif,18.0,8.0,0.44,,,,,,,,,,,,,
Tamil Nadu,36. Vellore,2017,Sesamum,Rabi,170.0,104.0,0.61,,,,,,,,,,,,,
Tamil Nadu,36. Vellore,2017,Small millets,Kharif,1712.0,1797.0,1.05,,,,,,,,,,,,,
Tamil Nadu,36. Vellore,2017,Sunflower,Kharif,6.0,12.0,2.0,,,,,,,,,,,,,
Tamil Nadu,36. Vellore,2017,Sunflower,Rabi,1.0,1.0,1.0,,,,,,,,,,,,,
Tamil Nadu,36. Vellore,2017,Urad,Kharif,1981.0,1805.0,0.91,,,,,,,,,,,,,
Tamil Nadu,36. Vellore,2017,Urad,Rabi,1224.0,826.0,0.67,,,,,,,,,,,,,
Tamil Nadu,36. Vellore,2017,Arhar/Tur,Kharif,9880.0,11352.0,1.15,,,,,,,,,,,,,
Tamil Nadu,36. Vellore,2017,Other Cereals,Kharif,2.0,,0.0,,,,,,,,,,,,,
Tamil Nadu,36. Vellore,2017,Cowpea(Lobia),Kharif,1507.0,1083.0,0.72,,,,,,,,,,,,,
Tamil Nadu,36. Vellore,2017,Cowpea(Lobia),Rabi,135.0,88.0,0.65,,,,,,,,,,,,,
Tamil Nadu,36. Vellore,2017,Other Rabi pulses,Rabi,39.0,26.0,0.67,,,,,,,,,,,,,
Tamil Nadu,36. Vellore,2017,Rapeseed &Mustard,Rabi,1.0,,0.0,,,,,,,,,,,,,
Tamil Nadu,36. Vellore,2017,Gram,Rabi,5.0,5.0,1.0,,,,,,,,,,,,,
Tamil Nadu,36. Vellore,2018,Bajra,Kharif,1911.0,4399.0,2.3,,,,,,,,,,,,,
Tamil Nadu,36. Vellore,2018,Bajra,Rabi,5.0,10.0,2.0,,,,,,,,,,,,,
Tamil Nadu,36. Vellore,2018,Castor seed,Kharif,200.0,75.0,0.38,,,,,,,,,,,,,
Tamil Nadu,36. Vellore,2018,Cotton(lint),Kharif,3205.0,6307.0,1.97,,,,,,,,,,,,,
Tamil Nadu,36. Vellore,2018,Groundnut,Kharif,27755.0,69295.0,2.5,,,,,,,,,,,,,
Tamil Nadu,36. Vellore,2018,Groundnut,Rabi,4868.0,14578.0,2.99,,,,,,,,,,,,,
Tamil Nadu,36. Vellore,2018,Horse-gram,Kharif,5.0,4.0,0.8,,,,,,,,,,,,,
Tamil Nadu,36. Vellore,2018,Horse-gram,Rabi,8760.0,7324.0,0.84,,,,,,,,,,,,,
Tamil Nadu,36. Vellore,2018,Jowar,Kharif,4296.0,6982.0,1.63,,,,,,,,,,,,,
Tamil Nadu,36. Vellore,2018,Jowar,Rabi,617.0,773.0,1.25,,,,,,,,,,,,,
Tamil Nadu,36. Vellore,2018,Maize,Kharif,2149.0,16326.0,7.6,,,,,,,,,,,,,
Tamil Nadu,36. Vellore,2018,Maize,Rabi,925.0,6474.0,7.0,,,,,,,,,,,,,
Tamil Nadu,36. Vellore,2018,Moong(Green Gram),Kharif,1293.0,767.0,0.59,,,,,,,,,,,,,
Tamil Nadu,36. Vellore,2018,Moong(Green Gram),Rabi,1101.0,451.0,0.41,,,,,,,,,,,,,
Tamil Nadu,36. Vellore,2018,Onion,Kharif,23.0,198.0,8.61,,,,,,,,,,,,,
Tamil Nadu,36. Vellore,2018,Onion,Rabi,16.0,93.0,5.81,,,,,,,,,,,,,
Tamil Nadu,36. Vellore,2018,Other Kharif pulses,Kharif,1060.0,564.0,0.53,,,,,,,,,,,,,
Tamil Nadu,36. Vellore,2018,Ragi,Kharif,1874.0,2268.0,1.21,,,,,,,,,,,,,
Tamil Nadu,36. Vellore,2018,Ragi,Rabi,3647.0,15455.0,4.24,,,,,,,,,,,,,
Tamil Nadu,36. Vellore,2018,Rice,Autumn,12124.0,55933.0,4.61,,,,,,,,,,,,,
Tamil Nadu,36. Vellore,2018,Rice,Winter,12996.0,55914.0,4.3,,,,,,,,,,,,,
Tamil Nadu,36. Vellore,2018,Sesamum,Kharif,25.0,12.0,0.48,,,,,,,,,,,,,
Tamil Nadu,36. Vellore,2018,Sesamum,Rabi,575.0,326.0,0.57,,,,,,,,,,,,,
Tamil Nadu,36. Vellore,2018,Small millets,Kharif,1722.0,1578.0,0.92,,,,,,,,,,,,,
Tamil Nadu,36. Vellore,2018,Small millets,Rabi,75.0,68.0,0.91,,,,,,,,,,,,,
Tamil Nadu,36. Vellore,2018,Sunflower,Kharif,1.0,2.0,2.0,,,,,,,,,,,,,
Tamil Nadu,36. Vellore,2018,Sunflower,Rabi,2.0,1.0,0.5,,,,,,,,,,,,,
Tamil Nadu,36. Vellore,2018,Urad,Kharif,2076.0,1424.0,0.69,,,,,,,,,,,,,
Tamil Nadu,36. Vellore,2018,Urad,Rabi,2427.0,1472.0,0.61,,,,,,,,,,,,,
Tamil Nadu,36. Vellore,2018,Arhar/Tur,Kharif,10226.0,11162.0,1.09,,,,,,,,,,,,,
Tamil Nadu,36. Vellore,2018,Other Cereals,Kharif,1.0,1.0,1.0,,,,,,,,,,,,,
Tamil Nadu,36. Vellore,2018,Cowpea(Lobia),Kharif,1542.0,1216.0,0.79,,,,,,,,,,,,,
Tamil Nadu,36. Vellore,2018,Cowpea(Lobia),Rabi,385.0,328.0,0.85,,,,,,,,,,,,,
Tamil Nadu,36. Vellore,2018,Other Rabi pulses,Rabi,60.0,32.0,0.53,,,,,,,,,,,,,
Tamil Nadu,36. Vellore,2018,Gram,Rabi,14.0,13.0,0.93,,,,,,,,,,,,,
Tamil Nadu,36. Vellore,2019,Bajra,Kharif,1241.0,3853.0,3.1,,,,,,,,,,,,,
Tamil Nadu,36. Vellore,2019,Bajra,Rabi,59.0,151.0,2.56,,,,,,,,,,,,,
Tamil Nadu,36. Vellore,2019,Castor seed,Kharif,29.0,11.0,0.38,,,,,,,,,,,,,
Tamil Nadu,36. Vellore,2019,Cotton(lint),Kharif,5062.0,14293.0,2.82,,,,,,,,,,,,,
Tamil Nadu,36. Vellore,2019,Groundnut,Kharif,30463.0,82218.0,2.7,,,,,,,,,,,,,
Tamil Nadu,36. Vellore,2019,Groundnut,Rabi,5615.0,17740.0,3.16,,,,,,,,,,,,,
Tamil Nadu,36. Vellore,2019,Horse-gram,Kharif,115.0,93.0,0.81,,,,,,,,,,,,,
Tamil Nadu,36. Vellore,2019,Horse-gram,Rabi,10336.0,8737.0,0.85,,,,,,,,,,,,,
Tamil Nadu,36. Vellore,2019,Jowar,Kharif,5516.0,7905.0,1.43,,,,,,,,,,,,,
Tamil Nadu,36. Vellore,2019,Jowar,Rabi,1031.0,1149.0,1.11,,,,,,,,,,,,,
Tamil Nadu,36. Vellore,2019,Maize,Kharif,1076.0,9607.0,8.93,,,,,,,,,,,,,
Tamil Nadu,36. Vellore,2019,Maize,Rabi,791.0,5313.0,6.72,,,,,,,,,,,,,
Tamil Nadu,36. Vellore,2019,Moong(Green Gram),Kharif,1235.0,747.0,0.6,,,,,,,,,,,,,
Tamil Nadu,36. Vellore,2019,Moong(Green Gram),Rabi,1251.0,531.0,0.42,,,,,,,,,,,,,
Tamil Nadu,36. Vellore,2019,Onion,Kharif,23.0,209.0,9.09,,,,,,,,,,,,,
Tamil Nadu,36. Vellore,2019,Onion,Rabi,21.0,148.0,7.05,,,,,,,,,,,,,
Tamil Nadu,36. Vellore,2019,Other Kharif pulses,Kharif,449.0,396.0,0.88,,,,,,,,,,,,,
Tamil Nadu,36. Vellore,2019,Ragi,Kharif,2093.0,4681.0,2.24,,,,,,,,,,,,,
Tamil Nadu,36. Vellore,2019,Ragi,Rabi,4540.0,18934.0,4.17,,,,,,,,,,,,,
Tamil Nadu,36. Vellore,2019,Rice,Autumn,4971.0,22536.0,4.53,,,,,,,,,,,,,
Tamil Nadu,36. Vellore,2019,Rice,Winter,14201.0,59721.0,4.21,,,,,,,,,,,,,
Tamil Nadu,36. Vellore,2019,Sesamum,Kharif,96.0,53.0,0.55,,,,,,,,,,,,,
Tamil Nadu,36. Vellore,2019,Sesamum,Rabi,692.0,504.0,0.73,,,,,,,,,,,,,
Tamil Nadu,36. Vellore,2019,Small millets,Kharif,751.0,713.0,0.95,,,,,,,,,,,,,
Tamil Nadu,36. Vellore,2019,Sunflower,Kharif,5.0,5.0,1.0,,,,,,,,,,,,,
Tamil Nadu,36. Vellore,2019,Urad,Kharif,2316.0,2277.0,0.98,,,,,,,,,,,,,
Tamil Nadu,36. Vellore,2019,Urad,Rabi,2241.0,1740.0,0.78,,,,,,,,,,,,,
Tamil Nadu,36. Vellore,2019,Arhar/Tur,Kharif,9855.0,11012.0,1.12,,,,,,,,,,,,,
Tamil Nadu,36. Vellore,2019,Arhar/Tur,Rabi,73.0,61.0,0.84,,,,,,,,,,,,,
Tamil Nadu,36. Vellore,2019,Cowpea(Lobia),Kharif,1857.0,1455.0,0.78,,,,,,,,,,,,,
Tamil Nadu,36. Vellore,2019,Cowpea(Lobia),Rabi,326.0,228.0,0.7,,,,,,,,,,,,,
Tamil Nadu,36. Vellore,2019,Other Rabi pulses,Rabi,4.0,4.0,1.0,,,,,,,,,,,,,
Tamil Nadu,36. Vellore,2020,Bajra,Kharif,362.0,1327.0,3.67,,,,,,,,,,,,,
Tamil Nadu,36. Vellore,2020,Bajra,Rabi,1.0,2.0,2.0,,,,,,,,,,,,,
Tamil Nadu,36. Vellore,2020,Castor seed,Kharif,15.0,5.0,0.33,,,,,,,,,,,,,
Tamil Nadu,36. Vellore,2020,Cotton(lint),Kharif,19.0,59.0,3.11,,,,,,,,,,,,,
Tamil Nadu,36. Vellore,2020,Groundnut,Kharif,14583.0,39616.0,2.72,,,,,,,,,,,,,
Tamil Nadu,36. Vellore,2020,Groundnut,Rabi,617.0,1992.0,3.23,,,,,,,,,,,,,
Tamil Nadu,36. Vellore,2020,Horse-gram,Rabi,2643.0,2491.0,0.94,,,,,,,,,,,,,
Tamil Nadu,36. Vellore,2020,Jowar,Kharif,2703.0,3676.0,1.36,,,,,,,,,,,,,
Tamil Nadu,36. Vellore,2020,Jowar,Rabi,371.0,358.0,0.96,,,,,,,,,,,,,
Tamil Nadu,36. Vellore,2020,Maize,Kharif,212.0,1536.0,7.25,,,,,,,,,,,,,
Tamil Nadu,36. Vellore,2020,Maize,Rabi,164.0,866.0,5.28,,,,,,,,,,,,,
Tamil Nadu,36. Vellore,2020,Moong(Green Gram),Kharif,532.0,166.0,0.31,,,,,,,,,,,,,
Tamil Nadu,36. Vellore,2020,Moong(Green Gram),Rabi,2.0,1.0,0.5,,,,,,,,,,,,,
Tamil Nadu,36. Vellore,2020,Onion,Kharif,1.0,11.0,11.0,,,,,,,,,,,,,
Tamil Nadu,36. Vellore,2020,Onion,Rabi,12.0,69.0,5.75,,,,,,,,,,,,,
Tamil Nadu,36. Vellore,2020,Other Kharif pulses,Kharif,677.0,396.0,0.58,,,,,,,,,,,,,
Tamil Nadu,36. Vellore,2020,Ragi,Rabi,1059.0,4721.0,4.46,,,,,,,,,,,,,
Tamil Nadu,36. Vellore,2020,Rice,Autumn,1311.0,5713.0,4.36,,,,,,,,,,,,,
Tamil Nadu,36. Vellore,2020,Rice,Winter,1957.0,7665.0,3.92,,,,,,,,,,,,,
Tamil Nadu,36. Vellore,2020,Sesamum,Kharif,4.0,2.0,0.5,,,,,,,,,,,,,
Tamil Nadu,36. Vellore,2020,Sesamum,Rabi,16.0,11.0,0.69,,,,,,,,,,,,,
Tamil Nadu,36. Vellore,2020,Small millets,Kharif,774.0,610.0,0.79,,,,,,,,,,,,,
Tamil Nadu,36. Vellore,2020,Urad,Kharif,893.0,678.0,0.76,,,,,,,,,,,,,
Tamil Nadu,36. Vellore,2020,Urad,Rabi,379.0,196.0,0.52,,,,,,,,,,,,,
Tamil Nadu,36. Vellore,2020,Arhar/Tur,Kharif,3828.0,3431.0,0.9,,,,,,,,,,,,,
Tamil Nadu,36. Vellore,2020,Cowpea(Lobia),Kharif,725.0,610.0,0.84,,,,,,,,,,,,,
Tamil Nadu,36. Vellore,2020,Cowpea(Lobia),Rabi,5.0,3.0,0.6,,,,,,,,,,,,,
Tamil Nadu,36. Vellore,2020,Other Rabi pulses,Rabi,1.0,1.0,1.0,,,,,,,,,,,,,
Tamil Nadu,36. Vellore,2021,Bajra,Kharif,335.0,898.0,2.68,,,,,,,,,,,,,
Tamil Nadu,36. Vellore,2021,Castor seed,Kharif,14.0,5.0,0.36,,,,,,,,,,,,,
Tamil Nadu,36. Vellore,2021,Cotton(lint),Kharif,16.0,51.0,3.19,,,,,,,,,,,,,
Tamil Nadu,36. Vellore,2021,Cotton(lint),Rabi,10.0,24.0,2.4,,,,,,,,,,,,,
Tamil Nadu,36. Vellore,2021,Groundnut,Kharif,14240.0,37943.0,2.66,,,,,,,,,,,,,
Tamil Nadu,36. Vellore,2021,Groundnut,Rabi,348.0,1357.0,3.9,,,,,,,,,,,,,
Tamil Nadu,36. Vellore,2021,Horse-gram,Rabi,1950.0,1539.0,0.79,,,,,,,,,,,,,
Tamil Nadu,36. Vellore,2021,Jowar,Kharif,2425.0,5708.0,2.35,,,,,,,,,,,,,
Tamil Nadu,36. Vellore,2021,Maize,Kharif,160.0,1288.0,8.05,,,,,,,,,,,,,
Tamil Nadu,36. Vellore,2021,Maize,Rabi,228.0,1382.0,6.06,,,,,,,,,,,,,
Tamil Nadu,36. Vellore,2021,Moong(Green Gram),Kharif,673.0,460.0,0.68,,,,,,,,,,,,,
Tamil Nadu,36. Vellore,2021,Moong(Green Gram),Rabi,7.0,2.0,0.29,,,,,,,,,,,,,
Tamil Nadu,36. Vellore,2021,Onion,Kharif,1.0,5.0,5.0,,,,,,,,,,,,,
Tamil Nadu,36. Vellore,2021,Onion,Rabi,5.0,33.0,6.6,,,,,,,,,,,,,
Tamil Nadu,36. Vellore,2021,Other Kharif pulses,Kharif,996.0,583.0,0.59,,,,,,,,,,,,,
Tamil Nadu,36. Vellore,2021,Ragi,Kharif,2.0,6.0,3.0,,,,,,,,,,,,,
Tamil Nadu,36. Vellore,2021,Ragi,Rabi,1041.0,4565.0,4.39,,,,,,,,,,,,,
Tamil Nadu,36. Vellore,2021,Rice,Autumn,2179.0,8899.0,4.08,,,,,,,,,,,,,
Tamil Nadu,36. Vellore,2021,Rice,Winter,2238.0,7415.0,3.31,,,,,,,,,,,,,
Tamil Nadu,36. Vellore,2021,Sesamum,Kharif,2.0,1.0,0.5,,,,,,,,,,,,,
Tamil Nadu,36. Vellore,2021,Sesamum,Rabi,12.0,6.0,0.5,,,,,,,,,,,,,
Tamil Nadu,36. Vellore,2021,Small millets,Kharif,888.0,698.0,0.79,,,,,,,,,,,,,
Tamil Nadu,36. Vellore,2021,Sunflower,Kharif,2.0,3.0,1.5,,,,,,,,,,,,,
Tamil Nadu,36. Vellore,2021,Urad,Kharif,837.0,551.0,0.66,,,,,,,,,,,,,
Tamil Nadu,36. Vellore,2021,Urad,Rabi,806.0,511.0,0.63,,,,,,,,,,,,,
Tamil Nadu,36. Vellore,2021,Arhar/Tur,Kharif,4108.0,2947.0,0.72,,,,,,,,,,,,,
Tamil Nadu,36. Vellore,2021,Arhar/Tur,Rabi,6.0,4.0,0.67,,,,,,,,,,,,,
Tamil Nadu,36. Vellore,2021,Cowpea(Lobia),Kharif,1004.0,791.0,0.79,,,,,,,,,,,,,
Tamil Nadu,36. Vellore,2022,Bajra,Kharif,245.0,898.0,3.67,,,,,,,,,,,,,
Tamil Nadu,36. Vellore,2022,Castor seed,Kharif,24.0,7.0,0.29,,,,,,,,,,,,,
Tamil Nadu,36. Vellore,2022,Cotton(lint),Kharif,46.0,146.0,3.17,,,,,,,,,,,,,
Tamil Nadu,36. Vellore,2022,Cotton(lint),Rabi,4.0,7.0,1.75,,,,,,,,,,,,,
Tamil Nadu,36. Vellore,2022,Groundnut,Kharif,14944.0,40821.0,2.73,,,,,,,,,,,,,
Tamil Nadu,36. Vellore,2022,Groundnut,Rabi,517.0,1806.0,3.49,,,,,,,,,,,,,
Tamil Nadu,36. Vellore,2022,Horse-gram,Rabi,2545.0,2006.0,0.79,,,,,,,,,,,,,
Tamil Nadu,36. Vellore,2022,Jowar,Kharif,2653.0,3283.0,1.24,,,,,,,,,,,,,
Tamil Nadu,36. Vellore,2022,Maize,Kharif,251.0,1952.0,7.78,,,,,,,,,,,,,
Tamil Nadu,36. Vellore,2022,Maize,Rabi,198.0,1218.0,6.15,,,,,,,,,,,,,
Tamil Nadu,36. Vellore,2022,Moong(Green Gram),Kharif,691.0,411.0,0.59,,,,,,,,,,,,,
Tamil Nadu,36. Vellore,2022,Moong(Green Gram),Rabi,4.0,1.0,0.25,,,,,,,,,,,,,
Tamil Nadu,36. Vellore,2022,Onion,Kharif,1.0,10.0,10.0,,,,,,,,,,,,,
Tamil Nadu,36. Vellore,2022,Onion,Rabi,1.0,8.0,8.0,,,,,,,,,,,,,
Tamil Nadu,36. Vellore,2022,Other Kharif pulses,Kharif,954.0,594.0,0.62,,,,,,,,,,,,,
Tamil Nadu,36. Vellore,2022,Ragi,Kharif,3.0,7.0,2.33,,,,,,,,,,,,,
Tamil Nadu,36. Vellore,2022,Ragi,Rabi,1129.0,5232.0,4.63,,,,,,,,,,,,,
Tamil Nadu,36. Vellore,2022,Rice,Autumn,2461.0,9472.0,3.85,,,,,,,,,,,,,
Tamil Nadu,36. Vellore,2022,Rice,Winter,2640.0,8670.0,3.28,,,,,,,,,,,,,
Tamil Nadu,36. Vellore,2022,Sesamum,Kharif,5.0,2.0,0.4,,,,,,,,,,,,,
Tamil Nadu,36. Vellore,2022,Sesamum,Rabi,14.0,7.0,0.5,,,,,,,,,,,,,
Tamil Nadu,36. Vellore,2022,Small millets,Kharif,1091.0,1048.0,0.96,,,,,,,,,,,,,
Tamil Nadu,36. Vellore,2022,Sunflower,Rabi,2.0,2.0,1.0,,,,,,,,,,,,,
Tamil Nadu,36. Vellore,2022,Urad,Kharif,1177.0,807.0,0.69,,,,,,,,,,,,,
Tamil Nadu,36. Vellore,2022,Urad,Rabi,1229.0,805.0,0.66,,,,,,,,,,,,,
Tamil Nadu,36. Vellore,2022,Arhar/Tur,Kharif,3554.0,3691.0,1.04,,,,,,,,,,,,,
Tamil Nadu,36. Vellore,2022,Cowpea(Lobia),Kharif,1004.0,804.0,0.8,,,,,,,,,,,,,
Tamil Nadu,37. Villupuram,2015,Bajra,Kharif,15886.0,37840.0,2.38,,,,,,,,,,,,,
Tamil Nadu,37. Villupuram,2015,Bajra,Rabi,501.0,1225.0,2.45,,,,,,,,,,,,,
Tamil Nadu,37. Villupuram,2015,Castor seed,Kharif,38.0,26.0,0.68,,,,,,,,,,,,,
Tamil Nadu,37. Villupuram,2015,Cotton(lint),Kharif,7459.0,9433.0,1.26,,,,,,,,,,,,,
Tamil Nadu,37. Villupuram,2015,Cotton(lint),Rabi,1540.0,4566.0,2.96,,,,,,,,,,,,,
Tamil Nadu,37. Villupuram,2015,Groundnut,Kharif,17310.0,38861.0,2.25,,,,,,,,,,,,,
Tamil Nadu,37. Villupuram,2015,Groundnut,Rabi,16617.0,61765.0,3.72,,,,,,,,,,,,,
Tamil Nadu,37. Villupuram,2015,Horse-gram,Kharif,80.0,48.0,0.6,,,,,,,,,,,,,
Tamil Nadu,37. Villupuram,2015,Horse-gram,Rabi,35.0,20.0,0.57,,,,,,,,,,,,,
Tamil Nadu,37. Villupuram,2015,Jowar,Kharif,329.0,344.0,1.05,,,,,,,,,,,,,
Tamil Nadu,37. Villupuram,2015,Jowar,Rabi,206.0,331.0,1.61,,,,,,,,,,,,,
Tamil Nadu,37. Villupuram,2015,Maize,Kharif,13087.0,111148.0,8.49,,,,,,,,,,,,,
Tamil Nadu,37. Villupuram,2015,Maize,Rabi,8862.0,60306.0,6.81,,,,,,,,,,,,,
Tamil Nadu,37. Villupuram,2015,Masoor,Kharif,492.0,356.0,0.72,,,,,,,,,,,,,
Tamil Nadu,37. Villupuram,2015,Moong(Green Gram),Kharif,700.0,555.0,0.79,,,,,,,,,,,,,
Tamil Nadu,37. Villupuram,2015,Moong(Green Gram),Rabi,1008.0,527.0,0.52,,,,,,,,,,,,,
Tamil Nadu,37. Villupuram,2015,Onion,Kharif,170.0,1639.0,9.64,,,,,,,,,,,,,
Tamil Nadu,37. Villupuram,2015,Onion,Rabi,86.0,558.0,6.49,,,,,,,,,,,,,
Tamil Nadu,37. Villupuram,2015,Other Kharif pulses,Kharif,4501.0,2633.0,0.58,,,,,,,,,,,,,
Tamil Nadu,37. Villupuram,2015,Ragi,Kharif,346.0,1030.0,2.98,,,,,,,,,,,,,
Tamil Nadu,37. Villupuram,2015,Ragi,Rabi,2767.0,8248.0,2.98,,,,,,,,,,,,,
Tamil Nadu,37. Villupuram,2015,Rice,Kharif,182303.0,773313.0,4.24,,,,,,,,,,,,,
Tamil Nadu,37. Villupuram,2015,Sesamum,Kharif,1391.0,988.0,0.71,,,,,,,,,,,,,
Tamil Nadu,37. Villupuram,2015,Sesamum,Rabi,5126.0,4019.0,0.78,,,,,,,,,,,,,
Tamil Nadu,37. Villupuram,2015,Small millets,Kharif,1072.0,1166.0,1.09,,,,,,,,,,,,,
Tamil Nadu,37. Villupuram,2015,Small millets,Rabi,24.0,32.0,1.33,,,,,,,,,,,,,
Tamil Nadu,37. Villupuram,2015,Sunflower,Kharif,46.0,65.0,1.41,,,,,,,,,,,,,
Tamil Nadu,37. Villupuram,2015,Sunflower,Rabi,78.0,74.0,0.95,,,,,,,,,,,,,
Tamil Nadu,37. Villupuram,2015,Urad,Kharif,15285.0,9171.0,0.6,,,,,,,,,,,,,
Tamil Nadu,37. Villupuram,2015,Urad,Rabi,55768.0,53928.0,0.97,,,,,,,,,,,,,
Tamil Nadu,37. Villupuram,2016,Bajra,Kharif,16027.0,45494.0,2.84,,,,,,,,,,,,,
Tamil Nadu,37. Villupuram,2016,Bajra,Rabi,764.0,1873.0,2.45,,,,,,,,,,,,,
Tamil Nadu,37. Villupuram,2016,Castor seed,Kharif,8.0,5.0,0.63,,,,,,,,,,,,,
Tamil Nadu,37. Villupuram,2016,Cotton(lint),Kharif,4884.0,7557.0,1.55,,,,,,,,,,,,,
Tamil Nadu,37. Villupuram,2016,Cotton(lint),Rabi,876.0,1290.0,1.47,,,,,,,,,,,,,
Tamil Nadu,37. Villupuram,2016,Groundnut,Kharif,14026.0,27588.0,1.97,,,,,,,,,,,,,
Tamil Nadu,37. Villupuram,2016,Groundnut,Rabi,10074.0,23374.0,2.32,,,,,,,,,,,,,
Tamil Nadu,37. Villupuram,2016,Horse-gram,Kharif,33.0,11.0,0.33,,,,,,,,,,,,,
Tamil Nadu,37. Villupuram,2016,Horse-gram,Rabi,4.0,1.0,0.25,,,,,,,,,,,,,
Tamil Nadu,37. Villupuram,2016,Jowar,Kharif,724.0,601.0,0.83,,,,,,,,,,,,,
Tamil Nadu,37. Villupuram,2016,Jowar,Rabi,134.0,45.0,0.34,,,,,,,,,,,,,
Tamil Nadu,37. Villupuram,2016,Maize,Kharif,10571.0,113774.0,10.76,,,,,,,,,,,,,
Tamil Nadu,37. Villupuram,2016,Maize,Rabi,3568.0,22903.0,6.42,,,,,,,,,,,,,
Tamil Nadu,37. Villupuram,2016,Moong(Green Gram),Kharif,471.0,346.0,0.73,,,,,,,,,,,,,
Tamil Nadu,37. Villupuram,2016,Moong(Green Gram),Rabi,1123.0,269.0,0.24,,,,,,,,,,,,,
Tamil Nadu,37. Villupuram,2016,Onion,Kharif,140.0,1451.0,10.36,,,,,,,,,,,,,
Tamil Nadu,37. Villupuram,2016,Onion,Rabi,54.0,273.0,5.06,,,,,,,,,,,,,
Tamil Nadu,37. Villupuram,2016,Ragi,Kharif,532.0,875.0,1.64,,,,,,,,,,,,,
Tamil Nadu,37. Villupuram,2016,Ragi,Rabi,695.0,1309.0,1.88,,,,,,,,,,,,,
Tamil Nadu,37. Villupuram,2016,Rice,Kharif,95560.0,354198.0,3.71,,,,,,,,,,,,,
Tamil Nadu,37. Villupuram,2016,Sesamum,Kharif,1016.0,579.0,0.57,,,,,,,,,,,,,
Tamil Nadu,37. Villupuram,2016,Sesamum,Rabi,3000.0,1853.0,0.62,,,,,,,,,,,,,
Tamil Nadu,37. Villupuram,2016,Small millets,Kharif,795.0,475.0,0.6,,,,,,,,,,,,,
Tamil Nadu,37. Villupuram,2016,Small millets,Rabi,78.0,46.0,0.59,,,,,,,,,,,,,
Tamil Nadu,37. Villupuram,2016,Sunflower,Kharif,5.0,4.0,0.8,,,,,,,,,,,,,
Tamil Nadu,37. Villupuram,2016,Sunflower,Rabi,80.0,18.0,0.23,,,,,,,,,,,,,
Tamil Nadu,37. Villupuram,2016,Urad,Kharif,20335.0,16832.0,0.83,,,,,,,,,,,,,
Tamil Nadu,37. Villupuram,2016,Urad,Rabi,74800.0,36253.0,0.48,,,,,,,,,,,,,
Tamil Nadu,37. Villupuram,2016,Arhar/Tur,Kharif,346.0,59.0,0.17,,,,,,,,,,,,,
Tamil Nadu,37. Villupuram,2017,Bajra,Kharif,27311.0,59019.0,2.16,,,,,,,,,,,,,
Tamil Nadu,37. Villupuram,2017,Bajra,Rabi,1755.0,3624.0,2.06,,,,,,,,,,,,,
Tamil Nadu,37. Villupuram,2017,Castor seed,Kharif,9.0,5.95,0.66,,,,,,,,,,,,,
Tamil Nadu,37. Villupuram,2017,Cotton(lint),Kharif,7920.0,19.0,0.0,,,,,,,,,,,,,
Tamil Nadu,37. Villupuram,2017,Cotton(lint),Rabi,483.0,1.0,0.0,,,,,,,,,,,,,
Tamil Nadu,37. Villupuram,2017,Groundnut,Kharif,17842.0,50243.0,2.82,,,,,,,,,,,,,
Tamil Nadu,37. Villupuram,2017,Groundnut,Rabi,19177.0,67177.0,3.5,,,,,,,,,,,,,
Tamil Nadu,37. Villupuram,2017,Horse-gram,Kharif,39.0,30.0,0.77,,,,,,,,,,,,,
Tamil Nadu,37. Villupuram,2017,Horse-gram,Rabi,28.0,22.0,0.79,,,,,,,,,,,,,
Tamil Nadu,37. Villupuram,2017,Jowar,Kharif,1351.0,1539.0,1.14,,,,,,,,,,,,,
Tamil Nadu,37. Villupuram,2017,Jowar,Rabi,256.0,276.0,1.08,,,,,,,,,,,,,
Tamil Nadu,37. Villupuram,2017,Maize,Kharif,9669.0,88007.0,9.1,,,,,,,,,,,,,
Tamil Nadu,37. Villupuram,2017,Maize,Rabi,9191.0,73896.0,8.04,,,,,,,,,,,,,
Tamil Nadu,37. Villupuram,2017,Moong(Green Gram),Kharif,327.0,199.0,0.61,,,,,,,,,,,,,
Tamil Nadu,37. Villupuram,2017,Moong(Green Gram),Rabi,1418.0,566.0,0.4,,,,,,,,,,,,,
Tamil Nadu,37. Villupuram,2017,Onion,Kharif,141.0,1369.0,9.71,,,,,,,,,,,,,
Tamil Nadu,37. Villupuram,2017,Onion,Rabi,53.0,493.0,9.3,,,,,,,,,,,,,
Tamil Nadu,37. Villupuram,2017,Other Kharif pulses,Kharif,1560.0,1030.0,0.66,,,,,,,,,,,,,
Tamil Nadu,37. Villupuram,2017,Ragi,Kharif,1131.0,3874.0,3.43,,,,,,,,,,,,,
Tamil Nadu,37. Villupuram,2017,Ragi,Rabi,1130.0,3075.0,2.72,,,,,,,,,,,,,
Tamil Nadu,37. Villupuram,2017,Rice,Autumn,10239.0,47038.0,4.59,,,,,,,,,,,,,
Tamil Nadu,37. Villupuram,2017,Rice,Winter,110469.0,481976.0,4.36,,,,,,,,,,,,,
Tamil Nadu,37. Villupuram,2017,Sesamum,Kharif,89.0,38.0,0.43,,,,,,,,,,,,,
Tamil Nadu,37. Villupuram,2017,Sesamum,Rabi,6024.0,3337.0,0.55,,,,,,,,,,,,,
Tamil Nadu,37. Villupuram,2017,Small millets,Kharif,1125.0,601.0,0.53,,,,,,,,,,,,,
Tamil Nadu,37. Villupuram,2017,Small millets,Rabi,17.0,10.0,0.59,,,,,,,,,,,,,
Tamil Nadu,37. Villupuram,2017,Sunflower,Kharif,10.0,19.0,1.9,,,,,,,,,,,,,
Tamil Nadu,37. Villupuram,2017,Sunflower,Rabi,71.0,56.0,0.79,,,,,,,,,,,,,
Tamil Nadu,37. Villupuram,2017,Urad,Kharif,7124.0,3897.0,0.55,,,,,,,,,,,,,
Tamil Nadu,37. Villupuram,2017,Urad,Rabi,71525.0,71668.0,1.0,,,,,,,,,,,,,
Tamil Nadu,37. Villupuram,2017,Arhar/Tur,Kharif,161.0,176.0,1.09,,,,,,,,,,,,,
Tamil Nadu,37. Villupuram,2017,Other Cereals,Kharif,6.0,3.0,0.5,,,,,,,,,,,,,
Tamil Nadu,37. Villupuram,2017,Other Cereals,Rabi,12.0,7.0,0.58,,,,,,,,,,,,,
Tamil Nadu,37. Villupuram,2017,Cowpea(Lobia),Kharif,449.0,322.0,0.72,,,,,,,,,,,,,
Tamil Nadu,37. Villupuram,2017,Cowpea(Lobia),Rabi,372.0,242.0,0.65,,,,,,,,,,,,,
Tamil Nadu,37. Villupuram,2017,Other Rabi pulses,Rabi,1740.0,1150.0,0.66,,,,,,,,,,,,,
Tamil Nadu,37. Villupuram,2017,Rapeseed &Mustard,Rabi,1.0,,0.0,,,,,,,,,,,,,
Tamil Nadu,37. Villupuram,2018,Bajra,Kharif,17106.0,48946.0,2.86,,,,,,,,,,,,,
Tamil Nadu,37. Villupuram,2018,Bajra,Rabi,698.0,1544.0,2.21,,,,,,,,,,,,,
Tamil Nadu,37. Villupuram,2018,Castor seed,Kharif,20.0,13.0,0.65,,,,,,,,,,,,,
Tamil Nadu,37. Villupuram,2018,Cotton(lint),Kharif,4503.0,9104.0,2.02,,,,,,,,,,,,,
Tamil Nadu,37. Villupuram,2018,Cotton(lint),Rabi,601.0,1559.0,2.59,,,,,,,,,,,,,
Tamil Nadu,37. Villupuram,2018,Groundnut,Kharif,15911.0,46917.0,2.95,,,,,,,,,,,,,
Tamil Nadu,37. Villupuram,2018,Groundnut,Rabi,20673.0,67441.0,3.26,,,,,,,,,,,,,
Tamil Nadu,37. Villupuram,2018,Horse-gram,Kharif,85.0,59.0,0.69,,,,,,,,,,,,,
Tamil Nadu,37. Villupuram,2018,Horse-gram,Rabi,2.0,2.0,1.0,,,,,,,,,,,,,
Tamil Nadu,37. Villupuram,2018,Jowar,Kharif,172.0,197.0,1.15,,,,,,,,,,,,,
Tamil Nadu,37. Villupuram,2018,Jowar,Rabi,86.0,107.0,1.24,,,,,,,,,,,,,
Tamil Nadu,37. Villupuram,2018,Maize,Kharif,6884.0,52302.0,7.6,,,,,,,,,,,,,
Tamil Nadu,37. Villupuram,2018,Maize,Rabi,14130.0,49315.0,3.49,,,,,,,,,,,,,
Tamil Nadu,37. Villupuram,2018,Moong(Green Gram),Kharif,111.0,75.0,0.68,,,,,,,,,,,,,
Tamil Nadu,37. Villupuram,2018,Moong(Green Gram),Rabi,779.0,319.0,0.41,,,,,,,,,,,,,
Tamil Nadu,37. Villupuram,2018,Onion,Kharif,176.0,1541.0,8.76,,,,,,,,,,,,,
Tamil Nadu,37. Villupuram,2018,Onion,Rabi,54.0,308.0,5.7,,,,,,,,,,,,,
Tamil Nadu,37. Villupuram,2018,Other Kharif pulses,Kharif,1107.0,888.0,0.8,,,,,,,,,,,,,
Tamil Nadu,37. Villupuram,2018,Ragi,Kharif,1144.0,3598.0,3.15,,,,,,,,,,,,,
Tamil Nadu,37. Villupuram,2018,Ragi,Rabi,1689.0,4451.0,2.64,,,,,,,,,,,,,
Tamil Nadu,37. Villupuram,2018,Rice,Autumn,12333.0,52060.0,4.22,,,,,,,,,,,,,
Tamil Nadu,37. Villupuram,2018,Rice,Winter,60357.0,271852.0,4.5,,,,,,,,,,,,,
Tamil Nadu,37. Villupuram,2018,Sesamum,Kharif,560.0,369.0,0.66,,,,,,,,,,,,,
Tamil Nadu,37. Villupuram,2018,Sesamum,Rabi,8278.0,5680.0,0.69,,,,,,,,,,,,,
Tamil Nadu,37. Villupuram,2018,Small millets,Kharif,837.0,845.0,1.01,,,,,,,,,,,,,
Tamil Nadu,37. Villupuram,2018,Small millets,Rabi,8.0,10.0,1.25,,,,,,,,,,,,,
Tamil Nadu,37. Villupuram,2018,Sunflower,Kharif,17.0,29.0,1.71,,,,,,,,,,,,,
Tamil Nadu,37. Villupuram,2018,Urad,Kharif,5810.0,5021.0,0.86,,,,,,,,,,,,,
Tamil Nadu,37. Villupuram,2018,Urad,Rabi,94777.0,73222.0,0.77,,,,,,,,,,,,,
Tamil Nadu,37. Villupuram,2018,Arhar/Tur,Kharif,197.0,246.0,1.25,,,,,,,,,,,,,
Tamil Nadu,37. Villupuram,2018,Other Cereals,Kharif,12.0,16.0,1.33,,,,,,,,,,,,,
Tamil Nadu,37. Villupuram,2018,Cowpea(Lobia),Rabi,98.0,84.0,0.86,,,,,,,,,,,,,
Tamil Nadu,37. Villupuram,2018,Other Rabi pulses,Rabi,5712.0,4581.0,0.8,,,,,,,,,,,,,
Tamil Nadu,37. Villupuram,2019,Bajra,Kharif,36397.0,91903.0,2.53,,,,,,,,,,,,,
Tamil Nadu,37. Villupuram,2019,Bajra,Rabi,712.0,2131.0,2.99,,,,,,,,,,,,,
Tamil Nadu,37. Villupuram,2019,Castor seed,Kharif,1.0,1.0,1.0,,,,,,,,,,,,,
Tamil Nadu,37. Villupuram,2019,Cotton(lint),Kharif,7902.0,20187.0,2.55,,,,,,,,,,,,,
Tamil Nadu,37. Villupuram,2019,Cotton(lint),Rabi,264.0,662.0,2.51,,,,,,,,,,,,,
Tamil Nadu,37. Villupuram,2019,Groundnut,Kharif,26786.0,61258.0,2.29,,,,,,,,,,,,,
Tamil Nadu,37. Villupuram,2019,Groundnut,Rabi,14166.0,44816.0,3.16,,,,,,,,,,,,,
Tamil Nadu,37. Villupuram,2019,Jowar,Kharif,387.0,462.0,1.19,,,,,,,,,,,,,
Tamil Nadu,37. Villupuram,2019,Jowar,Rabi,29.0,33.0,1.14,,,,,,,,,,,,,
Tamil Nadu,37. Villupuram,2019,Maize,Kharif,10913.0,98594.0,9.03,,,,,,,,,,,,,
Tamil Nadu,37. Villupuram,2019,Maize,Rabi,10657.0,87949.0,8.25,,,,,,,,,,,,,
Tamil Nadu,37. Villupuram,2019,Moong(Green Gram),Kharif,120.0,69.0,0.58,,,,,,,,,,,,,
Tamil Nadu,37. Villupuram,2019,Moong(Green Gram),Rabi,1541.0,654.0,0.42,,,,,,,,,,,,,
Tamil Nadu,37. Villupuram,2019,Onion,Kharif,381.0,3487.0,9.15,,,,,,,,,,,,,
Tamil Nadu,37. Villupuram,2019,Onion,Rabi,689.0,4861.0,7.06,,,,,,,,,,,,,
Tamil Nadu,37. Villupuram,2019,Other Kharif pulses,Kharif,298.0,153.0,0.51,,,,,,,,,,,,,
Tamil Nadu,37. Villupuram,2019,Ragi,Kharif,667.0,1997.0,2.99,,,,,,,,,,,,,
Tamil Nadu,37. Villupuram,2019,Ragi,Rabi,716.0,2057.0,2.87,,,,,,,,,,,,,
Tamil Nadu,37. Villupuram,2019,Rice,Autumn,7009.0,31587.0,4.51,,,,,,,,,,,,,
Tamil Nadu,37. Villupuram,2019,Rice,Winter,112859.0,468051.0,4.15,,,,,,,,,,,,,
Tamil Nadu,37. Villupuram,2019,Sesamum,Kharif,765.0,423.0,0.55,,,,,,,,,,,,,
Tamil Nadu,37. Villupuram,2019,Sesamum,Rabi,9675.0,8413.0,0.87,,,,,,,,,,,,,
Tamil Nadu,37. Villupuram,2019,Small millets,Kharif,1801.0,939.0,0.52,,,,,,,,,,,,,
Tamil Nadu,37. Villupuram,2019,Sunflower,Kharif,9.0,9.0,1.0,,,,,,,,,,,,,
Tamil Nadu,37. Villupuram,2019,Sunflower,Rabi,32.0,62.0,1.94,,,,,,,,,,,,,
Tamil Nadu,37. Villupuram,2019,Urad,Kharif,4567.0,3054.0,0.67,,,,,,,,,,,,,
Tamil Nadu,37. Villupuram,2019,Urad,Rabi,79945.0,91426.0,1.14,,,,,,,,,,,,,
Tamil Nadu,37. Villupuram,2019,Arhar/Tur,Kharif,116.0,148.0,1.28,,,,,,,,,,,,,
Tamil Nadu,37. Villupuram,2019,Arhar/Tur,Rabi,31.0,40.0,1.29,,,,,,,,,,,,,
Tamil Nadu,37. Villupuram,2019,Cowpea(Lobia),Kharif,18.0,13.0,0.72,,,,,,,,,,,,,
Tamil Nadu,37. Villupuram,2019,Cowpea(Lobia),Rabi,35.0,24.0,0.69,,,,,,,,,,,,,
Tamil Nadu,37. Villupuram,2019,Other Rabi pulses,Rabi,5343.0,2675.0,0.5,,,,,,,,,,,,,
Tamil Nadu,37. Villupuram,2020,Bajra,Kharif,12822.0,32599.0,2.54,,,,,,,,,,,,,
Tamil Nadu,37. Villupuram,2020,Bajra,Rabi,69.0,251.0,3.64,,,,,,,,,,,,,
Tamil Nadu,37. Villupuram,2020,Castor seed,Kharif,1.0,0.0,0.0,,,,,,,,,,,,,
Tamil Nadu,37. Villupuram,2020,Cotton(lint),Kharif,117.0,228.0,1.95,,,,,,,,,,,,,
Tamil Nadu,37. Villupuram,2020,Cotton(lint),Rabi,28.0,67.0,2.39,,,,,,,,,,,,,
Tamil Nadu,37. Villupuram,2020,Groundnut,Kharif,22626.0,49996.0,2.21,,,,,,,,,,,,,
Tamil Nadu,37. Villupuram,2020,Groundnut,Rabi,12976.0,37361.0,2.88,,,,,,,,,,,,,
Tamil Nadu,37. Villupuram,2020,Horse-gram,Rabi,1.0,1.0,1.0,,,,,,,,,,,,,
Tamil Nadu,37. Villupuram,2020,Jowar,Kharif,43.0,48.0,1.12,,,,,,,,,,,,,
Tamil Nadu,37. Villupuram,2020,Jowar,Rabi,8.0,7.0,0.88,,,,,,,,,,,,,
Tamil Nadu,37. Villupuram,2020,Maize,Kharif,334.0,2427.0,7.27,,,,,,,,,,,,,
Tamil Nadu,37. Villupuram,2020,Maize,Rabi,100.0,527.0,5.27,,,,,,,,,,,,,
Tamil Nadu,37. Villupuram,2020,Moong(Green Gram),Kharif,82.0,72.0,0.88,,,,,,,,,,,,,
Tamil Nadu,37. Villupuram,2020,Moong(Green Gram),Rabi,1261.0,355.0,0.28,,,,,,,,,,,,,
Tamil Nadu,37. Villupuram,2020,Onion,Kharif,88.0,863.0,9.81,,,,,,,,,,,,,
Tamil Nadu,37. Villupuram,2020,Onion,Rabi,33.0,183.0,5.55,,,,,,,,,,,,,
Tamil Nadu,37. Villupuram,2020,Other Kharif pulses,Kharif,350.0,176.0,0.5,,,,,,,,,,,,,
Tamil Nadu,37. Villupuram,2020,Ragi,Kharif,844.0,2739.0,3.25,,,,,,,,,,,,,
Tamil Nadu,37. Villupuram,2020,Ragi,Rabi,521.0,1294.0,2.48,,,,,,,,,,,,,
Tamil Nadu,37. Villupuram,2020,Rice,Autumn,12701.0,52987.0,4.17,,,,,,,,,,,,,
Tamil Nadu,37. Villupuram,2020,Rice,Winter,48819.0,174672.0,3.58,,,,,,,,,,,,,
Tamil Nadu,37. Villupuram,2020,Sesamum,Kharif,494.0,296.0,0.6,,,,,,,,,,,,,
Tamil Nadu,37. Villupuram,2020,Sesamum,Rabi,2630.0,2184.0,0.83,,,,,,,,,,,,,
Tamil Nadu,37. Villupuram,2020,Small millets,Kharif,1812.0,852.0,0.47,,,,,,,,,,,,,
Tamil Nadu,37. Villupuram,2020,Small millets,Rabi,28.0,36.0,1.29,,,,,,,,,,,,,
Tamil Nadu,37. Villupuram,2020,Sunflower,Kharif,5.0,8.0,1.6,,,,,,,,,,,,,
Tamil Nadu,37. Villupuram,2020,Urad,Kharif,4130.0,3243.0,0.79,,,,,,,,,,,,,
Tamil Nadu,37. Villupuram,2020,Urad,Rabi,37405.0,33825.0,0.9,,,,,,,,,,,,,
Tamil Nadu,37. Villupuram,2020,Arhar/Tur,Kharif,9.0,10.0,1.11,,,,,,,,,,,,,
Tamil Nadu,37. Villupuram,2020,Arhar/Tur,Rabi,1.0,1.0,1.0,,,,,,,,,,,,,
Tamil Nadu,37. Villupuram,2020,Cowpea(Lobia),Kharif,17.0,15.0,0.88,,,,,,,,,,,,,
Tamil Nadu,37. Villupuram,2020,Cowpea(Lobia),Rabi,8.0,6.0,0.75,,,,,,,,,,,,,
Tamil Nadu,37. Villupuram,2020,Other Rabi pulses,Rabi,3997.0,2000.0,0.5,,,,,,,,,,,,,
Tamil Nadu,37. Villupuram,2021,Bajra,Kharif,9525.0,33952.0,3.56,,,,,,,,,,,,,
Tamil Nadu,37. Villupuram,2021,Cotton(lint),Kharif,63.0,102.0,1.62,,,,,,,,,,,,,
Tamil Nadu,37. Villupuram,2021,Cotton(lint),Rabi,89.0,211.0,2.37,,,,,,,,,,,,,
Tamil Nadu,37. Villupuram,2021,Groundnut,Kharif,20799.0,51026.0,2.45,,,,,,,,,,,,,
Tamil Nadu,37. Villupuram,2021,Groundnut,Rabi,9424.0,45181.0,4.79,,,,,,,,,,,,,
Tamil Nadu,37. Villupuram,2021,Jowar,Kharif,46.0,49.0,1.07,,,,,,,,,,,,,
Tamil Nadu,37. Villupuram,2021,Jowar,Rabi,4.0,3.0,0.75,,,,,,,,,,,,,
Tamil Nadu,37. Villupuram,2021,Maize,Kharif,448.0,3609.0,8.06,,,,,,,,,,,,,
Tamil Nadu,37. Villupuram,2021,Maize,Rabi,65.0,394.0,6.06,,,,,,,,,,,,,
Tamil Nadu,37. Villupuram,2021,Moong(Green Gram),Kharif,30.0,23.0,0.77,,,,,,,,,,,,,
Tamil Nadu,37. Villupuram,2021,Moong(Green Gram),Rabi,962.0,313.0,0.33,,,,,,,,,,,,,
Tamil Nadu,37. Villupuram,2021,Onion,Kharif,83.0,760.0,9.16,,,,,,,,,,,,,
Tamil Nadu,37. Villupuram,2021,Onion,Rabi,24.0,145.0,6.04,,,,,,,,,,,,,
Tamil Nadu,37. Villupuram,2021,Other Kharif pulses,Kharif,599.0,300.0,0.5,,,,,,,,,,,,,
Tamil Nadu,37. Villupuram,2021,Other Kharif pulses,Rabi,4592.0,2296.0,0.5,,,,,,,,,,,,,
Tamil Nadu,37. Villupuram,2021,Ragi,Kharif,492.0,1384.0,2.81,,,,,,,,,,,,,
Tamil Nadu,37. Villupuram,2021,Ragi,Rabi,263.0,545.0,2.07,,,,,,,,,,,,,
Tamil Nadu,37. Villupuram,2021,Rice,Autumn,14051.0,56508.0,4.02,,,,,,,,,,,,,
Tamil Nadu,37. Villupuram,2021,Rice,Winter,80028.0,282139.0,3.53,,,,,,,,,,,,,
Tamil Nadu,37. Villupuram,2021,Sesamum,Kharif,180.0,122.0,0.68,,,,,,,,,,,,,
Tamil Nadu,37. Villupuram,2021,Sesamum,Rabi,1691.0,1208.0,0.71,,,,,,,,,,,,,
Tamil Nadu,37. Villupuram,2021,Small millets,Kharif,787.0,416.0,0.53,,,,,,,,,,,,,
Tamil Nadu,37. Villupuram,2021,Small millets,Rabi,28.0,44.0,1.57,,,,,,,,,,,,,
Tamil Nadu,37. Villupuram,2021,Urad,Kharif,3388.0,2976.0,0.88,,,,,,,,,,,,,
Tamil Nadu,37. Villupuram,2021,Urad,Rabi,25186.0,23876.0,0.95,,,,,,,,,,,,,
Tamil Nadu,37. Villupuram,2021,Arhar/Tur,Kharif,2.0,2.0,1.0,,,,,,,,,,,,,
Tamil Nadu,37. Villupuram,2021,Arhar/Tur,Rabi,3.0,3.0,1.0,,,,,,,,,,,,,
Tamil Nadu,37. Villupuram,2021,Other Cereals,Rabi,1.0,1.0,1.0,,,,,,,,,,,,,
Tamil Nadu,37. Villupuram,2021,Cowpea(Lobia),Kharif,16.0,12.0,0.75,,,,,,,,,,,,,
Tamil Nadu,37. Villupuram,2021,Cowpea(Lobia),Rabi,3.0,2.0,0.67,,,,,,,,,,,,,
Tamil Nadu,37. Villupuram,2022,Bajra,Kharif,9360.0,32601.0,3.48,,,,,,,,,,,,,
Tamil Nadu,37. Villupuram,2022,Bajra,Rabi,8.0,16.0,2.0,,,,,,,,,,,,,
Tamil Nadu,37. Villupuram,2022,Cotton(lint),Kharif,104.0,198.0,1.9,,,,,,,,,,,,,
Tamil Nadu,37. Villupuram,2022,Cotton(lint),Rabi,88.0,158.0,1.8,,,,,,,,,,,,,
Tamil Nadu,37. Villupuram,2022,Groundnut,Kharif,18388.0,36792.0,2.0,,,,,,,,,,,,,
Tamil Nadu,37. Villupuram,2022,Groundnut,Rabi,10507.0,36131.0,3.44,,,,,,,,,,,,,
Tamil Nadu,37. Villupuram,2022,Jowar,Kharif,7.0,6.0,0.86,,,,,,,,,,,,,
Tamil Nadu,37. Villupuram,2022,Jowar,Rabi,4.0,3.0,0.75,,,,,,,,,,,,,
Tamil Nadu,37. Villupuram,2022,Maize,Kharif,410.0,3198.0,7.8,,,,,,,,,,,,,
Tamil Nadu,37. Villupuram,2022,Maize,Rabi,217.0,1335.0,6.15,,,,,,,,,,,,,
Tamil Nadu,37. Villupuram,2022,Moong(Green Gram),Kharif,7.0,6.0,0.86,,,,,,,,,,,,,
Tamil Nadu,37. Villupuram,2022,Moong(Green Gram),Rabi,879.0,269.0,0.31,,,,,,,,,,,,,
Tamil Nadu,37. Villupuram,2022,Onion,Kharif,9.0,86.0,9.56,,,,,,,,,,,,,
Tamil Nadu,37. Villupuram,2022,Onion,Rabi,5.0,38.0,7.6,,,,,,,,,,,,,
Tamil Nadu,37. Villupuram,2022,Other Kharif pulses,Kharif,48.0,24.0,0.5,,,,,,,,,,,,,
Tamil Nadu,37. Villupuram,2022,Ragi,Kharif,258.0,683.0,2.65,,,,,,,,,,,,,
Tamil Nadu,37. Villupuram,2022,Ragi,Rabi,140.0,391.0,2.79,,,,,,,,,,,,,
Tamil Nadu,37. Villupuram,2022,Rice,Autumn,10888.0,47204.0,4.34,,,,,,,,,,,,,
Tamil Nadu,37. Villupuram,2022,Rice,Winter,70876.0,271621.0,3.83,,,,,,,,,,,,,
Tamil Nadu,37. Villupuram,2022,Sesamum,Kharif,103.0,48.0,0.47,,,,,,,,,,,,,
Tamil Nadu,37. Villupuram,2022,Sesamum,Rabi,1741.0,1358.0,0.78,,,,,,,,,,,,,
Tamil Nadu,37. Villupuram,2022,Small millets,Kharif,392.0,194.0,0.49,,,,,,,,,,,,,
Tamil Nadu,37. Villupuram,2022,Small millets,Rabi,20.0,15.0,0.75,,,,,,,,,,,,,
Tamil Nadu,37. Villupuram,2022,Sunflower,Kharif,6.0,10.0,1.67,,,,,,,,,,,,,
Tamil Nadu,37. Villupuram,2022,Sunflower,Rabi,12.0,9.0,0.75,,,,,,,,,,,,,
Tamil Nadu,37. Villupuram,2022,Urad,Kharif,2352.0,1852.0,0.79,,,,,,,,,,,,,
Tamil Nadu,37. Villupuram,2022,Urad,Rabi,30174.0,30408.0,1.01,,,,,,,,,,,,,
Tamil Nadu,37. Villupuram,2022,Arhar/Tur,Kharif,1.0,1.0,1.0,,,,,,,,,,,,,
Tamil Nadu,37. Villupuram,2022,Cowpea(Lobia),Kharif,22.0,17.0,0.77,,,,,,,,,,,,,
Tamil Nadu,37. Villupuram,2022,Cowpea(Lobia),Rabi,1.0,1.0,1.0,,,,,,,,,,,,,
Tamil Nadu,37. Villupuram,2022,Other Rabi pulses,Rabi,7257.0,3630.0,0.5,,,,,,,,,,,,,
Tamil Nadu,37. Villupuram,2022,Rapeseed &Mustard,Rabi,1.0,0.0,0.0,,,,,,,,,,,,,
Tamil Nadu,38. Virudhunagar,2015,Bajra,Kharif,50.0,135.0,2.7,,,,,,,,,,,,,
Tamil Nadu,38. Virudhunagar,2015,Bajra,Rabi,2557.0,8367.0,3.27,,,,,,,,,,,,,
Tamil Nadu,38. Virudhunagar,2015,Castor seed,Kharif,2.0,,0.0,,,,,,,,,,,,,
Tamil Nadu,38. Virudhunagar,2015,Cotton(lint),Kharif,1536.0,2205.0,1.44,,,,,,,,,,,,,
Tamil Nadu,38. Virudhunagar,2015,Cotton(lint),Rabi,11962.0,33634.0,2.81,,,,,,,,,,,,,
Tamil Nadu,38. Virudhunagar,2015,Groundnut,Kharif,1681.0,3367.0,2.0,,,,,,,,,,,,,
Tamil Nadu,38. Virudhunagar,2015,Groundnut,Rabi,4499.0,9920.0,2.2,,,,,,,,,,,,,
Tamil Nadu,38. Virudhunagar,2015,Horse-gram,Kharif,5.0,3.0,0.6,,,,,,,,,,,,,
Tamil Nadu,38. Virudhunagar,2015,Horse-gram,Rabi,34.0,20.0,0.59,,,,,,,,,,,,,
Tamil Nadu,38. Virudhunagar,2015,Jowar,Kharif,1016.0,2341.0,2.3,,,,,,,,,,,,,
Tamil Nadu,38. Virudhunagar,2015,Jowar,Rabi,11923.0,35221.0,2.95,,,,,,,,,,,,,
Tamil Nadu,38. Virudhunagar,2015,Maize,Kharif,784.0,5736.0,7.32,,,,,,,,,,,,,
Tamil Nadu,38. Virudhunagar,2015,Maize,Rabi,21016.0,138180.0,6.57,,,,,,,,,,,,,
Tamil Nadu,38. Virudhunagar,2015,Masoor,Kharif,832.0,845.0,1.02,,,,,,,,,,,,,
Tamil Nadu,38. Virudhunagar,2015,Moong(Green Gram),Kharif,478.0,379.0,0.79,,,,,,,,,,,,,
Tamil Nadu,38. Virudhunagar,2015,Moong(Green Gram),Rabi,7367.0,3315.0,0.45,,,,,,,,,,,,,
Tamil Nadu,38. Virudhunagar,2015,Onion,Kharif,238.0,655.0,2.75,,,,,,,,,,,,,
Tamil Nadu,38. Virudhunagar,2015,Onion,Rabi,1790.0,5042.0,2.82,,,,,,,,,,,,,
Tamil Nadu,38. Virudhunagar,2015,Other Kharif pulses,Kharif,619.0,362.0,0.58,,,,,,,,,,,,,
Tamil Nadu,38. Virudhunagar,2015,Ragi,Kharif,7.0,21.0,3.0,,,,,,,,,,,,,
Tamil Nadu,38. Virudhunagar,2015,Ragi,Rabi,100.0,362.0,3.62,,,,,,,,,,,,,
Tamil Nadu,38. Virudhunagar,2015,Rice,Kharif,28607.0,100607.0,3.52,,,,,,,,,,,,,
Tamil Nadu,38. Virudhunagar,2015,Sesamum,Kharif,108.0,36.0,0.33,,,,,,,,,,,,,
Tamil Nadu,38. Virudhunagar,2015,Sesamum,Rabi,412.0,95.0,0.23,,,,,,,,,,,,,
Tamil Nadu,38. Virudhunagar,2015,Small millets,Kharif,100.0,57.0,0.57,,,,,,,,,,,,,
Tamil Nadu,38. Virudhunagar,2015,Small millets,Rabi,14.0,23.0,1.64,,,,,,,,,,,,,
Tamil Nadu,38. Virudhunagar,2015,Sunflower,Kharif,7.0,10.0,1.43,,,,,,,,,,,,,
Tamil Nadu,38. Virudhunagar,2015,Sunflower,Rabi,1901.0,1785.0,0.94,,,,,,,,,,,,,
Tamil Nadu,38. Virudhunagar,2015,Urad,Kharif,283.0,196.0,0.69,,,,,,,,,,,,,
Tamil Nadu,38. Virudhunagar,2015,Urad,Rabi,3944.0,2765.0,0.7,,,,,,,,,,,,,
Tamil Nadu,38. Virudhunagar,2015,Gram,Rabi,11.0,6.0,0.55,,,,,,,,,,,,,
Tamil Nadu,38. Virudhunagar,2016,Bajra,Kharif,31.0,92.0,2.97,,,,,,,,,,,,,
Tamil Nadu,38. Virudhunagar,2016,Bajra,Rabi,2276.0,2148.0,0.94,,,,,,,,,,,,,
Tamil Nadu,38. Virudhunagar,2016,Castor seed,Kharif,5.0,1.0,0.2,,,,,,,,,,,,,
Tamil Nadu,38. Virudhunagar,2016,Cotton(lint),Kharif,1437.0,822.0,0.57,,,,,,,,,,,,,
Tamil Nadu,38. Virudhunagar,2016,Cotton(lint),Rabi,14016.0,15524.0,1.11,,,,,,,,,,,,,
Tamil Nadu,38. Virudhunagar,2016,Groundnut,Kharif,1723.0,1949.0,1.13,,,,,,,,,,,,,
Tamil Nadu,38. Virudhunagar,2016,Groundnut,Rabi,3678.0,3762.0,1.02,,,,,,,,,,,,,
Tamil Nadu,38. Virudhunagar,2016,Horse-gram,Kharif,2.0,1.0,0.5,,,,,,,,,,,,,
Tamil Nadu,38. Virudhunagar,2016,Horse-gram,Rabi,13.0,4.0,0.31,,,,,,,,,,,,,
Tamil Nadu,38. Virudhunagar,2016,Jowar,Kharif,716.0,734.0,1.03,,,,,,,,,,,,,
Tamil Nadu,38. Virudhunagar,2016,Jowar,Rabi,8232.0,8424.0,1.02,,,,,,,,,,,,,
Tamil Nadu,38. Virudhunagar,2016,Maize,Kharif,987.0,4494.0,4.55,,,,,,,,,,,,,
Tamil Nadu,38. Virudhunagar,2016,Maize,Rabi,26157.0,16317.0,0.62,,,,,,,,,,,,,
Tamil Nadu,38. Virudhunagar,2016,Moong(Green Gram),Kharif,525.0,424.0,0.81,,,,,,,,,,,,,
Tamil Nadu,38. Virudhunagar,2016,Moong(Green Gram),Rabi,5081.0,1360.0,0.27,,,,,,,,,,,,,
Tamil Nadu,38. Virudhunagar,2016,Onion,Kharif,359.0,860.0,2.4,,,,,,,,,,,,,
Tamil Nadu,38. Virudhunagar,2016,Onion,Rabi,1148.0,234.0,0.2,,,,,,,,,,,,,
Tamil Nadu,38. Virudhunagar,2016,Ragi,Kharif,2.0,3.0,1.5,,,,,,,,,,,,,
Tamil Nadu,38. Virudhunagar,2016,Ragi,Rabi,72.0,225.0,3.13,,,,,,,,,,,,,
Tamil Nadu,38. Virudhunagar,2016,Rice,Kharif,13826.0,15883.0,1.15,,,,,,,,,,,,,
Tamil Nadu,38. Virudhunagar,2016,Sesamum,Kharif,115.0,45.0,0.39,,,,,,,,,,,,,
Tamil Nadu,38. Virudhunagar,2016,Sesamum,Rabi,582.0,52.0,0.09,,,,,,,,,,,,,
Tamil Nadu,38. Virudhunagar,2016,Small millets,Kharif,3.0,2.0,0.67,,,,,,,,,,,,,
Tamil Nadu,38. Virudhunagar,2016,Small millets,Rabi,49.0,12.0,0.24,,,,,,,,,,,,,
Tamil Nadu,38. Virudhunagar,2016,Sunflower,Kharif,16.0,14.0,0.88,,,,,,,,,,,,,
Tamil Nadu,38. Virudhunagar,2016,Sunflower,Rabi,1998.0,565.0,0.28,,,,,,,,,,,,,
Tamil Nadu,38. Virudhunagar,2016,Urad,Kharif,308.0,238.0,0.77,,,,,,,,,,,,,
Tamil Nadu,38. Virudhunagar,2016,Urad,Rabi,4469.0,1613.0,0.36,,,,,,,,,,,,,
Tamil Nadu,38. Virudhunagar,2016,Arhar/Tur,Kharif,621.0,407.0,0.66,,,,,,,,,,,,,
Tamil Nadu,38. Virudhunagar,2016,Other Cereals,Kharif,238.0,6.0,0.03,,,,,,,,,,,,,
Tamil Nadu,38. Virudhunagar,2016,Other Cereals,Rabi,1677.0,45.0,0.03,,,,,,,,,,,,,
Tamil Nadu,38. Virudhunagar,2016,Gram,Rabi,7.0,4.0,0.57,,,,,,,,,,,,,
Tamil Nadu,38. Virudhunagar,2017,Bajra,Kharif,77.0,181.0,2.35,,,,,,,,,,,,,
Tamil Nadu,38. Virudhunagar,2017,Bajra,Rabi,1305.0,3283.0,2.52,,,,,,,,,,,,,
Tamil Nadu,38. Virudhunagar,2017,Castor seed,Kharif,10.0,3.0,0.3,,,,,,,,,,,,,
Tamil Nadu,38. Virudhunagar,2017,Cotton(lint),Kharif,6810.0,9.0,0.0,,,,,,,,,,,,,
Tamil Nadu,38. Virudhunagar,2017,Cotton(lint),Rabi,10375.0,19.0,0.0,,,,,,,,,,,,,
Tamil Nadu,38. Virudhunagar,2017,Groundnut,Kharif,1479.0,1689.0,1.14,,,,,,,,,,,,,
Tamil Nadu,38. Virudhunagar,2017,Groundnut,Rabi,3715.0,3384.0,0.91,,,,,,,,,,,,,
Tamil Nadu,38. Virudhunagar,2017,Horse-gram,Kharif,14.0,11.0,0.79,,,,,,,,,,,,,
Tamil Nadu,38. Virudhunagar,2017,Horse-gram,Rabi,24.0,19.0,0.79,,,,,,,,,,,,,
Tamil Nadu,38. Virudhunagar,2017,Jowar,Kharif,5125.0,5837.0,1.14,,,,,,,,,,,,,
Tamil Nadu,38. Virudhunagar,2017,Jowar,Rabi,8005.0,20125.0,2.51,,,,,,,,,,,,,
Tamil Nadu,38. Virudhunagar,2017,Maize,Kharif,4269.0,39356.0,9.22,,,,,,,,,,,,,
Tamil Nadu,38. Virudhunagar,2017,Maize,Rabi,19765.0,110407.0,5.59,,,,,,,,,,,,,
Tamil Nadu,38. Virudhunagar,2017,Moong(Green Gram),Kharif,1953.0,1189.0,0.61,,,,,,,,,,,,,
Tamil Nadu,38. Virudhunagar,2017,Moong(Green Gram),Rabi,2842.0,1097.0,0.39,,,,,,,,,,,,,
Tamil Nadu,38. Virudhunagar,2017,Onion,Kharif,87.0,48.0,0.55,,,,,,,,,,,,,
Tamil Nadu,38. Virudhunagar,2017,Onion,Rabi,792.0,1853.0,2.34,,,,,,,,,,,,,
Tamil Nadu,38. Virudhunagar,2017,Other Kharif pulses,Kharif,144.0,95.0,0.66,,,,,,,,,,,,,
Tamil Nadu,38. Virudhunagar,2017,Ragi,Kharif,7.0,24.0,3.43,,,,,,,,,,,,,
Tamil Nadu,38. Virudhunagar,2017,Ragi,Rabi,47.0,210.0,4.47,,,,,,,,,,,,,
Tamil Nadu,38. Virudhunagar,2017,Rice,Autumn,1.0,4.0,4.0,,,,,,,,,,,,,
Tamil Nadu,38. Virudhunagar,2017,Rice,Winter,16703.0,63689.0,3.81,,,,,,,,,,,,,
Tamil Nadu,38. Virudhunagar,2017,Sesamum,Kharif,86.0,37.0,0.43,,,,,,,,,,,,,
Tamil Nadu,38. Virudhunagar,2017,Sesamum,Rabi,775.0,476.0,0.61,,,,,,,,,,,,,
Tamil Nadu,38. Virudhunagar,2017,Small millets,Kharif,17.0,32.0,1.88,,,,,,,,,,,,,
Tamil Nadu,38. Virudhunagar,2017,Small millets,Rabi,37.0,60.0,1.62,,,,,,,,,,,,,
Tamil Nadu,38. Virudhunagar,2017,Sunflower,Kharif,10.0,19.0,1.9,,,,,,,,,,,,,
Tamil Nadu,38. Virudhunagar,2017,Sunflower,Rabi,1600.0,1613.0,1.01,,,,,,,,,,,,,
Tamil Nadu,38. Virudhunagar,2017,Urad,Kharif,1120.0,1020.0,0.91,,,,,,,,,,,,,
Tamil Nadu,38. Virudhunagar,2017,Urad,Rabi,2958.0,1997.0,0.68,,,,,,,,,,,,,
Tamil Nadu,38. Virudhunagar,2017,Arhar/Tur,Kharif,663.0,724.0,1.09,,,,,,,,,,,,,
Tamil Nadu,38. Virudhunagar,2017,Other Cereals,Kharif,649.0,866.0,1.33,,,,,,,,,,,,,
Tamil Nadu,38. Virudhunagar,2017,Other Cereals,Rabi,1233.0,1645.0,1.33,,,,,,,,,,,,,
Tamil Nadu,38. Virudhunagar,2017,Cowpea(Lobia),Kharif,150.0,107.0,0.71,,,,,,,,,,,,,
Tamil Nadu,38. Virudhunagar,2017,Cowpea(Lobia),Rabi,213.0,138.0,0.65,,,,,,,,,,,,,
Tamil Nadu,38. Virudhunagar,2017,Other Rabi pulses,Rabi,85.0,56.0,0.66,,,,,,,,,,,,,
Tamil Nadu,38. Virudhunagar,2017,Gram,Rabi,7.0,6.0,0.86,,,,,,,,,,,,,
Tamil Nadu,38. Virudhunagar,2018,Bajra,Kharif,35.0,100.0,2.86,,,,,,,,,,,,,
Tamil Nadu,38. Virudhunagar,2018,Bajra,Rabi,1080.0,3128.0,2.9,,,,,,,,,,,,,
Tamil Nadu,38. Virudhunagar,2018,Castor seed,Kharif,19.0,4.0,0.21,,,,,,,,,,,,,
Tamil Nadu,38. Virudhunagar,2018,Cotton(lint),Kharif,2067.0,2167.0,1.05,,,,,,,,,,,,,
Tamil Nadu,38. Virudhunagar,2018,Cotton(lint),Rabi,17375.0,30649.0,1.76,,,,,,,,,,,,,
Tamil Nadu,38. Virudhunagar,2018,Groundnut,Kharif,1626.0,2163.0,1.33,,,,,,,,,,,,,
Tamil Nadu,38. Virudhunagar,2018,Groundnut,Rabi,3481.0,6365.0,1.83,,,,,,,,,,,,,
Tamil Nadu,38. Virudhunagar,2018,Horse-gram,Kharif,3.0,2.0,0.67,,,,,,,,,,,,,
Tamil Nadu,38. Virudhunagar,2018,Horse-gram,Rabi,36.0,25.0,0.69,,,,,,,,,,,,,
Tamil Nadu,38. Virudhunagar,2018,Jowar,Kharif,1244.0,4049.0,3.25,,,,,,,,,,,,,
Tamil Nadu,38. Virudhunagar,2018,Jowar,Rabi,10495.0,28092.0,2.68,,,,,,,,,,,,,
Tamil Nadu,38. Virudhunagar,2018,Maize,Kharif,738.0,7429.0,10.07,,,,,,,,,,,,,
Tamil Nadu,38. Virudhunagar,2018,Maize,Rabi,32194.0,251351.0,7.81,,,,,,,,,,,,,
Tamil Nadu,38. Virudhunagar,2018,Moong(Green Gram),Kharif,370.0,249.0,0.67,,,,,,,,,,,,,
Tamil Nadu,38. Virudhunagar,2018,Moong(Green Gram),Rabi,3188.0,2006.0,0.63,,,,,,,,,,,,,
Tamil Nadu,38. Virudhunagar,2018,Onion,Kharif,387.0,1064.0,2.75,,,,,,,,,,,,,
Tamil Nadu,38. Virudhunagar,2018,Onion,Rabi,1384.0,6756.0,4.88,,,,,,,,,,,,,
Tamil Nadu,38. Virudhunagar,2018,Other Kharif pulses,Kharif,27.0,14.0,0.52,,,,,,,,,,,,,
Tamil Nadu,38. Virudhunagar,2018,Ragi,Kharif,7.0,25.0,3.57,,,,,,,,,,,,,
Tamil Nadu,38. Virudhunagar,2018,Ragi,Rabi,87.0,309.0,3.55,,,,,,,,,,,,,
Tamil Nadu,38. Virudhunagar,2018,Rice,Autumn,135.0,580.0,4.3,,,,,,,,,,,,,
Tamil Nadu,38. Virudhunagar,2018,Rice,Winter,17767.0,59716.0,3.36,,,,,,,,,,,,,
Tamil Nadu,38. Virudhunagar,2018,Sesamum,Kharif,140.0,66.0,0.47,,,,,,,,,,,,,
Tamil Nadu,38. Virudhunagar,2018,Sesamum,Rabi,1005.0,344.0,0.34,,,,,,,,,,,,,
Tamil Nadu,38. Virudhunagar,2018,Small millets,Kharif,27.0,15.0,0.56,,,,,,,,,,,,,
Tamil Nadu,38. Virudhunagar,2018,Small millets,Rabi,19.0,35.0,1.84,,,,,,,,,,,,,
Tamil Nadu,38. Virudhunagar,2018,Sunflower,Kharif,3.0,4.0,1.33,,,,,,,,,,,,,
Tamil Nadu,38. Virudhunagar,2018,Sunflower,Rabi,1822.0,1352.0,0.74,,,,,,,,,,,,,
Tamil Nadu,38. Virudhunagar,2018,Urad,Kharif,320.0,243.0,0.76,,,,,,,,,,,,,
Tamil Nadu,38. Virudhunagar,2018,Urad,Rabi,3234.0,1962.0,0.61,,,,,,,,,,,,,
Tamil Nadu,38. Virudhunagar,2018,Arhar/Tur,Kharif,605.0,755.0,1.25,,,,,,,,,,,,,
Tamil Nadu,38. Virudhunagar,2018,Other Cereals,Kharif,91.0,124.0,1.36,,,,,,,,,,,,,
Tamil Nadu,38. Virudhunagar,2018,Other Cereals,Rabi,1790.0,4221.0,2.36,,,,,,,,,,,,,
Tamil Nadu,38. Virudhunagar,2018,Cowpea(Lobia),Kharif,72.0,56.0,0.78,,,,,,,,,,,,,
Tamil Nadu,38. Virudhunagar,2018,Cowpea(Lobia),Rabi,252.0,214.0,0.85,,,,,,,,,,,,,
Tamil Nadu,38. Virudhunagar,2018,Other Rabi pulses,Rabi,271.0,143.0,0.53,,,,,,,,,,,,,
Tamil Nadu,38. Virudhunagar,2018,Gram,Rabi,4.0,4.0,1.0,,,,,,,,,,,,,
Tamil Nadu,38. Virudhunagar,2019,Bajra,Kharif,55.0,153.0,2.78,,,,,,,,,,,,,
Tamil Nadu,38. Virudhunagar,2019,Bajra,Rabi,1250.0,4500.0,3.6,,,,,,,,,,,,,
Tamil Nadu,38. Virudhunagar,2019,Castor seed,Kharif,48.0,11.0,0.23,,,,,,,,,,,,,
Tamil Nadu,38. Virudhunagar,2019,Cotton(lint),Kharif,3642.0,6556.0,1.8,,,,,,,,,,,,,
Tamil Nadu,38. Virudhunagar,2019,Cotton(lint),Rabi,18043.0,29221.0,1.62,,,,,,,,,,,,,
Tamil Nadu,38. Virudhunagar,2019,Groundnut,Kharif,1422.0,2252.0,1.58,,,,,,,,,,,,,
Tamil Nadu,38. Virudhunagar,2019,Groundnut,Rabi,3667.0,5703.0,1.56,,,,,,,,,,,,,
Tamil Nadu,38. Virudhunagar,2019,Horse-gram,Kharif,1.0,,0.0,,,,,,,,,,,,,
Tamil Nadu,38. Virudhunagar,2019,Horse-gram,Rabi,39.0,30.0,0.77,,,,,,,,,,,,,
Tamil Nadu,38. Virudhunagar,2019,Jowar,Kharif,1597.0,2637.0,1.65,,,,,,,,,,,,,
Tamil Nadu,38. Virudhunagar,2019,Jowar,Rabi,13004.0,31581.0,2.43,,,,,,,,,,,,,
Tamil Nadu,38. Virudhunagar,2019,Maize,Kharif,1052.0,6649.0,6.32,,,,,,,,,,,,,
Tamil Nadu,38. Virudhunagar,2019,Maize,Rabi,23177.0,179133.0,7.73,,,,,,,,,,,,,
Tamil Nadu,38. Virudhunagar,2019,Moong(Green Gram),Kharif,419.0,368.0,0.88,,,,,,,,,,,,,
Tamil Nadu,38. Virudhunagar,2019,Moong(Green Gram),Rabi,3384.0,1624.0,0.48,,,,,,,,,,,,,
Tamil Nadu,38. Virudhunagar,2019,Onion,Kharif,282.0,1082.0,3.84,,,,,,,,,,,,,
Tamil Nadu,38. Virudhunagar,2019,Onion,Rabi,1460.0,5432.0,3.72,,,,,,,,,,,,,
Tamil Nadu,38. Virudhunagar,2019,Other Kharif pulses,Kharif,208.0,191.0,0.92,,,,,,,,,,,,,
Tamil Nadu,38. Virudhunagar,2019,Ragi,Kharif,3.0,9.0,3.0,,,,,,,,,,,,,
Tamil Nadu,38. Virudhunagar,2019,Ragi,Rabi,52.0,208.0,4.0,,,,,,,,,,,,,
Tamil Nadu,38. Virudhunagar,2019,Rice,Autumn,151.0,618.0,4.09,,,,,,,,,,,,,
Tamil Nadu,38. Virudhunagar,2019,Rice,Winter,19755.0,64568.0,3.27,,,,,,,,,,,,,
Tamil Nadu,38. Virudhunagar,2019,Sesamum,Kharif,450.0,249.0,0.55,,,,,,,,,,,,,
Tamil Nadu,38. Virudhunagar,2019,Sesamum,Rabi,870.0,84.0,0.1,,,,,,,,,,,,,
Tamil Nadu,38. Virudhunagar,2019,Small millets,Kharif,52.0,51.0,0.98,,,,,,,,,,,,,
Tamil Nadu,38. Virudhunagar,2019,Sunflower,Kharif,14.0,14.0,1.0,,,,,,,,,,,,,
Tamil Nadu,38. Virudhunagar,2019,Sunflower,Rabi,1660.0,1791.0,1.08,,,,,,,,,,,,,
Tamil Nadu,38. Virudhunagar,2019,Urad,Kharif,343.0,288.0,0.84,,,,,,,,,,,,,
Tamil Nadu,38. Virudhunagar,2019,Urad,Rabi,3900.0,3028.0,0.78,,,,,,,,,,,,,
Tamil Nadu,38. Virudhunagar,2019,Arhar/Tur,Kharif,257.0,329.0,1.28,,,,,,,,,,,,,
Tamil Nadu,38. Virudhunagar,2019,Arhar/Tur,Rabi,256.0,324.0,1.27,,,,,,,,,,,,,
Tamil Nadu,38. Virudhunagar,2019,Other Cereals,Kharif,92.0,123.0,1.34,,,,,,,,,,,,,
Tamil Nadu,38. Virudhunagar,2019,Other Cereals,Rabi,1772.0,2363.0,1.33,,,,,,,,,,,,,
Tamil Nadu,38. Virudhunagar,2019,Cowpea(Lobia),Kharif,66.0,51.0,0.77,,,,,,,,,,,,,
Tamil Nadu,38. Virudhunagar,2019,Cowpea(Lobia),Rabi,248.0,174.0,0.7,,,,,,,,,,,,,
Tamil Nadu,38. Virudhunagar,2019,Other Rabi pulses,Rabi,34.0,30.0,0.88,,,,,,,,,,,,,
Tamil Nadu,38. Virudhunagar,2019,Gram,Rabi,3.0,,0.0,,,,,,,,,,,,,
Tamil Nadu,38. Virudhunagar,2020,Bajra,Kharif,88.0,232.0,2.64,,,,,,,,,,,,,
Tamil Nadu,38. Virudhunagar,2020,Bajra,Rabi,1466.0,3956.0,2.7,,,,,,,,,,,,,
Tamil Nadu,38. Virudhunagar,2020,Castor seed,Kharif,26.0,8.0,0.31,,,,,,,,,,,,,
Tamil Nadu,38. Virudhunagar,2020,Cotton(lint),Kharif,3283.0,5286.0,1.61,,,,,,,,,,,,,
Tamil Nadu,38. Virudhunagar,2020,Cotton(lint),Rabi,13384.0,33030.0,2.47,,,,,,,,,,,,,
Tamil Nadu,38. Virudhunagar,2020,Groundnut,Kharif,2590.0,4792.0,1.85,,,,,,,,,,,,,
Tamil Nadu,38. Virudhunagar,2020,Groundnut,Rabi,4208.0,9030.0,2.15,,,,,,,,,,,,,
Tamil Nadu,38. Virudhunagar,2020,Horse-gram,Kharif,2.0,1.0,0.5,,,,,,,,,,,,,
Tamil Nadu,38. Virudhunagar,2020,Horse-gram,Rabi,15.0,11.0,0.73,,,,,,,,,,,,,
Tamil Nadu,38. Virudhunagar,2020,Jowar,Kharif,2146.0,4015.0,1.87,,,,,,,,,,,,,
Tamil Nadu,38. Virudhunagar,2020,Jowar,Rabi,9800.0,17807.0,1.82,,,,,,,,,,,,,
Tamil Nadu,38. Virudhunagar,2020,Maize,Kharif,2415.0,12558.0,5.2,,,,,,,,,,,,,
Tamil Nadu,38. Virudhunagar,2020,Maize,Rabi,35030.0,183654.0,5.24,,,,,,,,,,,,,
Tamil Nadu,38. Virudhunagar,2020,Moong(Green Gram),Kharif,647.0,459.0,0.71,,,,,,,,,,,,,
Tamil Nadu,38. Virudhunagar,2020,Moong(Green Gram),Rabi,2613.0,908.0,0.35,,,,,,,,,,,,,
Tamil Nadu,38. Virudhunagar,2020,Onion,Kharif,462.0,1861.0,4.03,,,,,,,,,,,,,
Tamil Nadu,38. Virudhunagar,2020,Onion,Rabi,2208.0,602.0,0.27,,,,,,,,,,,,,
Tamil Nadu,38. Virudhunagar,2020,Other Kharif pulses,Kharif,62.0,37.0,0.6,,,,,,,,,,,,,
Tamil Nadu,38. Virudhunagar,2020,Ragi,Kharif,21.0,67.0,3.19,,,,,,,,,,,,,
Tamil Nadu,38. Virudhunagar,2020,Ragi,Rabi,57.0,237.0,4.16,,,,,,,,,,,,,
Tamil Nadu,38. Virudhunagar,2020,Rice,Autumn,210.0,917.0,4.37,,,,,,,,,,,,,
Tamil Nadu,38. Virudhunagar,2020,Rice,Winter,20605.0,70833.0,3.44,,,,,,,,,,,,,
Tamil Nadu,38. Virudhunagar,2020,Sesamum,Kharif,601.0,360.0,0.6,,,,,,,,,,,,,
Tamil Nadu,38. Virudhunagar,2020,Sesamum,Rabi,1045.0,288.0,0.28,,,,,,,,,,,,,
Tamil Nadu,38. Virudhunagar,2020,Small millets,Kharif,122.0,115.0,0.94,,,,,,,,,,,,,
Tamil Nadu,38. Virudhunagar,2020,Small millets,Rabi,105.0,131.0,1.25,,,,,,,,,,,,,
Tamil Nadu,38. Virudhunagar,2020,Sunflower,Kharif,27.0,47.0,1.74,,,,,,,,,,,,,
Tamil Nadu,38. Virudhunagar,2020,Sunflower,Rabi,2745.0,1677.0,0.61,,,,,,,,,,,,,
Tamil Nadu,38. Virudhunagar,2020,Urad,Kharif,608.0,541.0,0.89,,,,,,,,,,,,,
Tamil Nadu,38. Virudhunagar,2020,Urad,Rabi,3780.0,1954.0,0.52,,,,,,,,,,,,,
Tamil Nadu,38. Virudhunagar,2020,Arhar/Tur,Kharif,290.0,306.0,1.06,,,,,,,,,,,,,
Tamil Nadu,38. Virudhunagar,2020,Arhar/Tur,Rabi,262.0,273.0,1.04,,,,,,,,,,,,,
Tamil Nadu,38. Virudhunagar,2020,Other Cereals,Kharif,400.0,534.0,1.34,,,,,,,,,,,,,
Tamil Nadu,38. Virudhunagar,2020,Other Cereals,Rabi,1218.0,1613.0,1.32,,,,,,,,,,,,,
Tamil Nadu,38. Virudhunagar,2020,Cowpea(Lobia),Kharif,108.0,91.0,0.84,,,,,,,,,,,,,
Tamil Nadu,38. Virudhunagar,2020,Cowpea(Lobia),Rabi,212.0,142.0,0.67,,,,,,,,,,,,,
Tamil Nadu,38. Virudhunagar,2020,Other Rabi pulses,Rabi,70.0,41.0,0.59,,,,,,,,,,,,,
Tamil Nadu,38. Virudhunagar,2020,Gram,Rabi,5.0,5.0,1.0,,,,,,,,,,,,,
Tamil Nadu,38. Virudhunagar,2021,Bajra,Kharif,29.0,75.0,2.59,,,,,,,,,,,,,
Tamil Nadu,38. Virudhunagar,2021,Bajra,Rabi,1776.0,5850.0,3.29,,,,,,,,,,,,,
Tamil Nadu,38. Virudhunagar,2021,Castor seed,Kharif,82.0,20.0,0.24,,,,,,,,,,,,,
Tamil Nadu,38. Virudhunagar,2021,Cotton(lint),Kharif,2758.0,4495.0,1.63,,,,,,,,,,,,,
Tamil Nadu,38. Virudhunagar,2021,Cotton(lint),Rabi,17100.0,26469.0,1.55,,,,,,,,,,,,,
Tamil Nadu,38. Virudhunagar,2021,Groundnut,Kharif,829.0,1560.0,1.88,,,,,,,,,,,,,
Tamil Nadu,38. Virudhunagar,2021,Groundnut,Rabi,3732.0,5475.0,1.47,,,,,,,,,,,,,
Tamil Nadu,38. Virudhunagar,2021,Horse-gram,Rabi,17.0,11.0,0.65,,,,,,,,,,,,,
Tamil Nadu,38. Virudhunagar,2021,Jowar,Kharif,1274.0,2053.0,1.61,,,,,,,,,,,,,
Tamil Nadu,38. Virudhunagar,2021,Jowar,Rabi,12232.0,24637.0,2.01,,,,,,,,,,,,,
Tamil Nadu,38. Virudhunagar,2021,Maize,Kharif,399.0,2262.0,5.67,,,,,,,,,,,,,
Tamil Nadu,38. Virudhunagar,2021,Maize,Rabi,33921.0,225590.0,6.65,,,,,,,,,,,,,
Tamil Nadu,38. Virudhunagar,2021,Moong(Green Gram),Kharif,277.0,240.0,0.87,,,,,,,,,,,,,
Tamil Nadu,38. Virudhunagar,2021,Moong(Green Gram),Rabi,2233.0,1006.0,0.45,,,,,,,,,,,,,
Tamil Nadu,38. Virudhunagar,2021,Onion,Kharif,324.0,934.0,2.88,,,,,,,,,,,,,
Tamil Nadu,38. Virudhunagar,2021,Onion,Rabi,2202.0,5068.0,2.3,,,,,,,,,,,,,
Tamil Nadu,38. Virudhunagar,2021,Other Kharif pulses,Kharif,53.0,31.0,0.58,,,,,,,,,,,,,
Tamil Nadu,38. Virudhunagar,2021,Other Kharif pulses,Rabi,49.0,29.0,0.59,,,,,,,,,,,,,
Tamil Nadu,38. Virudhunagar,2021,Ragi,Rabi,49.0,202.0,4.12,,,,,,,,,,,,,
Tamil Nadu,38. Virudhunagar,2021,Rice,Autumn,903.0,3687.0,4.08,,,,,,,,,,,,,
Tamil Nadu,38. Virudhunagar,2021,Rice,Winter,22679.0,70626.0,3.11,,,,,,,,,,,,,
Tamil Nadu,38. Virudhunagar,2021,Sesamum,Kharif,318.0,216.0,0.68,,,,,,,,,,,,,
Tamil Nadu,38. Virudhunagar,2021,Sesamum,Rabi,717.0,145.0,0.2,,,,,,,,,,,,,
Tamil Nadu,38. Virudhunagar,2021,Small millets,Kharif,39.0,19.0,0.49,,,,,,,,,,,,,
Tamil Nadu,38. Virudhunagar,2021,Small millets,Rabi,241.0,379.0,1.57,,,,,,,,,,,,,
Tamil Nadu,38. Virudhunagar,2021,Sunflower,Kharif,36.0,61.0,1.69,,,,,,,,,,,,,
Tamil Nadu,38. Virudhunagar,2021,Sunflower,Rabi,1924.0,1557.0,0.81,,,,,,,,,,,,,
Tamil Nadu,38. Virudhunagar,2021,Urad,Kharif,306.0,270.0,0.88,,,,,,,,,,,,,
Tamil Nadu,38. Virudhunagar,2021,Urad,Rabi,3699.0,2345.0,0.63,,,,,,,,,,,,,
Tamil Nadu,38. Virudhunagar,2021,Arhar/Tur,Kharif,170.0,159.0,0.94,,,,,,,,,,,,,
Tamil Nadu,38. Virudhunagar,2021,Arhar/Tur,Rabi,321.0,300.0,0.93,,,,,,,,,,,,,
Tamil Nadu,38. Virudhunagar,2021,Other Cereals,Kharif,83.0,111.0,1.34,,,,,,,,,,,,,
Tamil Nadu,38. Virudhunagar,2021,Other Cereals,Rabi,1518.0,2025.0,1.33,,,,,,,,,,,,,
Tamil Nadu,38. Virudhunagar,2021,Cowpea(Lobia),Kharif,18.0,14.0,0.78,,,,,,,,,,,,,
Tamil Nadu,38. Virudhunagar,2021,Cowpea(Lobia),Rabi,147.0,91.0,0.62,,,,,,,,,,,,,
Tamil Nadu,38. Virudhunagar,2022,Bajra,Kharif,18.0,49.0,2.72,,,,,,,,,,,,,
Tamil Nadu,38. Virudhunagar,2022,Bajra,Rabi,1433.0,4689.0,3.27,,,,,,,,,,,,,
Tamil Nadu,38. Virudhunagar,2022,Castor seed,Kharif,44.0,14.0,0.32,,,,,,,,,,,,,
Tamil Nadu,38. Virudhunagar,2022,Cotton(lint),Kharif,3706.0,4338.0,1.17,,,,,,,,,,,,,
Tamil Nadu,38. Virudhunagar,2022,Cotton(lint),Rabi,17401.0,23625.0,1.36,,,,,,,,,,,,,
Tamil Nadu,38. Virudhunagar,2022,Groundnut,Kharif,1100.0,1427.0,1.3,,,,,,,,,,,,,
Tamil Nadu,38. Virudhunagar,2022,Groundnut,Rabi,2628.0,3480.0,1.32,,,,,,,,,,,,,
Tamil Nadu,38. Virudhunagar,2022,Horse-gram,Rabi,15.0,11.0,0.73,,,,,,,,,,,,,
Tamil Nadu,38. Virudhunagar,2022,Jowar,Kharif,1666.0,2177.0,1.31,,,,,,,,,,,,,
Tamil Nadu,38. Virudhunagar,2022,Jowar,Rabi,10648.0,26215.0,2.46,,,,,,,,,,,,,
Tamil Nadu,38. Virudhunagar,2022,Maize,Kharif,537.0,2273.0,4.23,,,,,,,,,,,,,
Tamil Nadu,38. Virudhunagar,2022,Maize,Rabi,34668.0,207107.0,5.97,,,,,,,,,,,,,
Tamil Nadu,38. Virudhunagar,2022,Moong(Green Gram),Kharif,356.0,95.0,0.27,,,,,,,,,,,,,
Tamil Nadu,38. Virudhunagar,2022,Moong(Green Gram),Rabi,1403.0,648.0,0.46,,,,,,,,,,,,,
Tamil Nadu,38. Virudhunagar,2022,Onion,Kharif,636.0,1876.0,2.95,,,,,,,,,,,,,
Tamil Nadu,38. Virudhunagar,2022,Onion,Rabi,1386.0,4300.0,3.1,,,,,,,,,,,,,
Tamil Nadu,38. Virudhunagar,2022,Other Kharif pulses,Kharif,24.0,15.0,0.63,,,,,,,,,,,,,
Tamil Nadu,38. Virudhunagar,2022,Ragi,Rabi,19.0,80.0,4.21,,,,,,,,,,,,,
Tamil Nadu,38. Virudhunagar,2022,Rice,Autumn,829.0,3188.0,3.85,,,,,,,,,,,,,
Tamil Nadu,38. Virudhunagar,2022,Rice,Winter,22152.0,71913.0,3.25,,,,,,,,,,,,,
Tamil Nadu,38. Virudhunagar,2022,Sesamum,Kharif,528.0,244.0,0.46,,,,,,,,,,,,,
Tamil Nadu,38. Virudhunagar,2022,Sesamum,Rabi,1143.0,300.0,0.26,,,,,,,,,,,,,
Tamil Nadu,38. Virudhunagar,2022,Small millets,Kharif,61.0,114.0,1.87,,,,,,,,,,,,,
Tamil Nadu,38. Virudhunagar,2022,Small millets,Rabi,139.0,226.0,1.63,,,,,,,,,,,,,
Tamil Nadu,38. Virudhunagar,2022,Sunflower,Kharif,40.0,64.0,1.6,,,,,,,,,,,,,
Tamil Nadu,38. Virudhunagar,2022,Sunflower,Rabi,2553.0,2163.0,0.85,,,,,,,,,,,,,
Tamil Nadu,38. Virudhunagar,2022,Urad,Kharif,357.0,306.0,0.86,,,,,,,,,,,,,
Tamil Nadu,38. Virudhunagar,2022,Urad,Rabi,3065.0,2007.0,0.65,,,,,,,,,,,,,
Tamil Nadu,38. Virudhunagar,2022,Arhar/Tur,Kharif,151.0,157.0,1.04,,,,,,,,,,,,,
Tamil Nadu,38. Virudhunagar,2022,Arhar/Tur,Rabi,261.0,271.0,1.04,,,,,,,,,,,,,
Tamil Nadu,38. Virudhunagar,2022,Other Cereals,Kharif,131.0,175.0,1.34,,,,,,,,,,,,,
Tamil Nadu,38. Virudhunagar,2022,Other Cereals,Rabi,1578.0,2105.0,1.33,,,,,,,,,,,,,
Tamil Nadu,38. Virudhunagar,2022,Cowpea(Lobia),Kharif,22.0,17.0,0.77,,,,,,,,,,,,,
Tamil Nadu,38. Virudhunagar,2022,Cowpea(Lobia),Rabi,91.0,43.0,0.47,,,,,,,,,,,,,
Tamil Nadu,38. Virudhunagar,2022,Other Rabi pulses,Rabi,43.0,27.0,0.63,,,,,,,,,,,,,
Tamil Nadu,38. Virudhunagar,2022,Gram,Rabi,1.0,1.0,1.0,,,,,,,,,,,,,
